#ifndef __IMAGE_LOGO_H__
#define __IMAGE_LOGO_H__

#include <stdint.h>

#define IMAGE_LOGO_WIDTH  128
#define IMAGE_LOGO_HEIGHT 160
#define IMAGE_LOGO_SIZE   (128 * 160 * 2)

// RGB565 image data, high byte first
// Format: RRRRRGGG GGGBBBBB
static const uint8_t image_logo[IMAGE_LOGO_SIZE] = {
    0x00, 0x00, 0x00, 0x00, 0x00, 0x00, 0x00, 0x00, 0x00, 0x00, 0x00, 0x00, 0x00, 0x00, 0x00, 0x00, 
    0x00, 0x00, 0x00, 0x00, 0x00, 0x00, 0x00, 0x00, 0x00, 0x00, 0x00, 0x00, 0x00, 0x00, 0x00, 0x00, 
    0x00, 0x00, 0x00, 0x00, 0x00, 0x00, 0x00, 0x00, 0x00, 0x00, 0x00, 0x00, 0x00, 0x00, 0x00, 0x00, 
    0x00, 0x00, 0x00, 0x00, 0x00, 0x00, 0x00, 0x00, 0x00, 0x00, 0x00, 0x00, 0x00, 0x00, 0x00, 0x00, 
    0x00, 0x00, 0x00, 0x00, 0x00, 0x00, 0x00, 0x00, 0x00, 0x00, 0x00, 0x00, 0x00, 0x00, 0x00, 0x00, 
    0x00, 0x00, 0x00, 0x00, 0x00, 0x00, 0x00, 0x00, 0x00, 0x00, 0x00, 0x00, 0x00, 0x00, 0x00, 0x00, 
    0x00, 0x00, 0x00, 0x00, 0x00, 0x00, 0x00, 0x00, 0x00, 0x00, 0x00, 0x00, 0x00, 0x00, 0x00, 0x00, 
    0x00, 0x00, 0x00, 0x00, 0x00, 0x00, 0x00, 0x00, 0x00, 0x00, 0x00, 0x00, 0x00, 0x00, 0x00, 0x00, 
    0x00, 0x00, 0x00, 0x00, 0x00, 0x00, 0x00, 0x00, 0x00, 0x00, 0x00, 0x00, 0x00, 0x00, 0x00, 0x00, 
    0x00, 0x00, 0x00, 0x00, 0x00, 0x00, 0x00, 0x00, 0x00, 0x00, 0x00, 0x00, 0x00, 0x00, 0x00, 0x00, 
    0x00, 0x00, 0x00, 0x00, 0x00, 0x00, 0x00, 0x00, 0x00, 0x00, 0x00, 0x00, 0x00, 0x00, 0x00, 0x00, 
    0x00, 0x00, 0x00, 0x00, 0x00, 0x00, 0x00, 0x00, 0x00, 0x00, 0x00, 0x00, 0x00, 0x00, 0x00, 0x00, 
    0x00, 0x00, 0x00, 0x00, 0x00, 0x00, 0x00, 0x00, 0x00, 0x00, 0x00, 0x00, 0x00, 0x00, 0x00, 0x00, 
    0x00, 0x00, 0x00, 0x00, 0x00, 0x00, 0x00, 0x00, 0x00, 0x00, 0x00, 0x00, 0x00, 0x00, 0x00, 0x00, 
    0x00, 0x00, 0x00, 0x00, 0x00, 0x00, 0x00, 0x00, 0x00, 0x00, 0x00, 0x00, 0x00, 0x00, 0x00, 0x00, 
    0x00, 0x00, 0x00, 0x00, 0x00, 0x00, 0x00, 0x00, 0x00, 0x00, 0x00, 0x00, 0x00, 0x00, 0x00, 0x00, 
    0x00, 0x00, 0x00, 0x00, 0x00, 0x00, 0x00, 0x00, 0x00, 0x00, 0x00, 0x00, 0x00, 0x00, 0x00, 0x00, 
    0x00, 0x00, 0x00, 0x00, 0x00, 0x00, 0x00, 0x00, 0x00, 0x00, 0x00, 0x00, 0x00, 0x00, 0x00, 0x00, 
    0x00, 0x00, 0x00, 0x00, 0x00, 0x00, 0x00, 0x00, 0x00, 0x00, 0x00, 0x00, 0x00, 0x00, 0x00, 0x00, 
    0x00, 0x00, 0x00, 0x00, 0x00, 0x00, 0x00, 0x00, 0x00, 0x00, 0x00, 0x00, 0x00, 0x00, 0x00, 0x00, 
    0x00, 0x00, 0x00, 0x00, 0x00, 0x00, 0x00, 0x00, 0x00, 0x00, 0x00, 0x00, 0x00, 0x00, 0x00, 0x00, 
    0x00, 0x00, 0x00, 0x00, 0x00, 0x00, 0x00, 0x00, 0x00, 0x00, 0x00, 0x00, 0x00, 0x00, 0x00, 0x00, 
    0x00, 0x00, 0x00, 0x00, 0x00, 0x00, 0x00, 0x00, 0x00, 0x00, 0x00, 0x00, 0x00, 0x00, 0x00, 0x00, 
    0x00, 0x00, 0x00, 0x00, 0x00, 0x00, 0x00, 0x00, 0x00, 0x00, 0x00, 0x00, 0x00, 0x00, 0x00, 0x00, 
    0x00, 0x00, 0x00, 0x00, 0x00, 0x00, 0x00, 0x00, 0x00, 0x00, 0x00, 0x00, 0x00, 0x00, 0x00, 0x00, 
    0x00, 0x00, 0x00, 0x00, 0x00, 0x00, 0x00, 0x00, 0x00, 0x00, 0x00, 0x00, 0x00, 0x00, 0x00, 0x00, 
    0x00, 0x00, 0x00, 0x00, 0x00, 0x00, 0x00, 0x00, 0x00, 0x00, 0x00, 0x00, 0x00, 0x00, 0x00, 0x00, 
    0x00, 0x00, 0x00, 0x00, 0x00, 0x00, 0x00, 0x00, 0x00, 0x00, 0x00, 0x00, 0x00, 0x00, 0x00, 0x00, 
    0x00, 0x00, 0x00, 0x00, 0x00, 0x00, 0x00, 0x00, 0x00, 0x00, 0x00, 0x00, 0x00, 0x00, 0x00, 0x00, 
    0x00, 0x00, 0x00, 0x00, 0x00, 0x00, 0x00, 0x00, 0x00, 0x00, 0x00, 0x00, 0x00, 0x00, 0x00, 0x00, 
    0x00, 0x00, 0x00, 0x00, 0x00, 0x00, 0x00, 0x00, 0x00, 0x00, 0x00, 0x00, 0x00, 0x00, 0x00, 0x00, 
    0x00, 0x00, 0x00, 0x00, 0x00, 0x00, 0x00, 0x00, 0x00, 0x00, 0x00, 0x00, 0x00, 0x00, 0x00, 0x00, 
    0x00, 0x00, 0x00, 0x00, 0x00, 0x00, 0x00, 0x00, 0x00, 0x00, 0x00, 0x00, 0x00, 0x00, 0x00, 0x00, 
    0x00, 0x00, 0x00, 0x00, 0x00, 0x00, 0x00, 0x00, 0x00, 0x00, 0x00, 0x00, 0x00, 0x00, 0x00, 0x00, 
    0x00, 0x00, 0x00, 0x00, 0x00, 0x00, 0x00, 0x00, 0x00, 0x00, 0x00, 0x00, 0x00, 0x00, 0x00, 0x00, 
    0x00, 0x00, 0x00, 0x00, 0x00, 0x00, 0x00, 0x00, 0x00, 0x00, 0x00, 0x00, 0x00, 0x00, 0x00, 0x00, 
    0x00, 0x00, 0x00, 0x00, 0x00, 0x00, 0x00, 0x00, 0x00, 0x00, 0x00, 0x00, 0x00, 0x00, 0x00, 0x00, 
    0x00, 0x00, 0x00, 0x00, 0x00, 0x00, 0x00, 0x00, 0x00, 0x00, 0x00, 0x00, 0x00, 0x00, 0x00, 0x00, 
    0x00, 0x00, 0x00, 0x00, 0x00, 0x00, 0x00, 0x00, 0x00, 0x00, 0x00, 0x00, 0x00, 0x00, 0x00, 0x00, 
    0x00, 0x00, 0x00, 0x00, 0x00, 0x00, 0x00, 0x00, 0x00, 0x00, 0x00, 0x00, 0x00, 0x00, 0x00, 0x00, 
    0x00, 0x00, 0x00, 0x00, 0x00, 0x00, 0x00, 0x00, 0x00, 0x00, 0x00, 0x00, 0x00, 0x00, 0x00, 0x00, 
    0x00, 0x00, 0x00, 0x00, 0x00, 0x00, 0x00, 0x00, 0x00, 0x00, 0x00, 0x00, 0x00, 0x00, 0x00, 0x00, 
    0x00, 0x00, 0x00, 0x00, 0x00, 0x00, 0x00, 0x00, 0x00, 0x00, 0x00, 0x00, 0x00, 0x00, 0x00, 0x00, 
    0x00, 0x00, 0x00, 0x00, 0x00, 0x00, 0x00, 0x00, 0x00, 0x00, 0x00, 0x00, 0x00, 0x00, 0x00, 0x00, 
    0x00, 0x00, 0x00, 0x00, 0x00, 0x00, 0x00, 0x00, 0x00, 0x00, 0x00, 0x00, 0x00, 0x00, 0x00, 0x00, 
    0x00, 0x00, 0x00, 0x00, 0x00, 0x00, 0x00, 0x00, 0x00, 0x00, 0x00, 0x00, 0x00, 0x00, 0x00, 0x00, 
    0x00, 0x00, 0x00, 0x00, 0x00, 0x00, 0x00, 0x00, 0x00, 0x00, 0x00, 0x00, 0x00, 0x00, 0x00, 0x00, 
    0x00, 0x00, 0x00, 0x00, 0x00, 0x00, 0x00, 0x00, 0x00, 0x00, 0x00, 0x00, 0x00, 0x00, 0x00, 0x00, 
    0x00, 0x00, 0x00, 0x00, 0x00, 0x00, 0x00, 0x00, 0x00, 0x00, 0x00, 0x00, 0x00, 0x00, 0x00, 0x00, 
    0x00, 0x00, 0x00, 0x00, 0x00, 0x00, 0x00, 0x00, 0x00, 0x00, 0x00, 0x00, 0x00, 0x00, 0x00, 0x00, 
    0x00, 0x00, 0x00, 0x00, 0x00, 0x00, 0x00, 0x00, 0x00, 0x00, 0x00, 0x00, 0x00, 0x00, 0x00, 0x00, 
    0x00, 0x00, 0x00, 0x00, 0x00, 0x00, 0x00, 0x00, 0x00, 0x00, 0x00, 0x00, 0x00, 0x00, 0x00, 0x00, 
    0x00, 0x00, 0x00, 0x00, 0x00, 0x00, 0x00, 0x00, 0x00, 0x00, 0x00, 0x00, 0x00, 0x00, 0x00, 0x00, 
    0x00, 0x00, 0x00, 0x00, 0x00, 0x00, 0x00, 0x00, 0x00, 0x00, 0x00, 0x00, 0x00, 0x00, 0x00, 0x00, 
    0x00, 0x00, 0x00, 0x00, 0x00, 0x00, 0x00, 0x00, 0x00, 0x00, 0x00, 0x00, 0x00, 0x00, 0x00, 0x00, 
    0x00, 0x00, 0x00, 0x00, 0x00, 0x00, 0x00, 0x00, 0x00, 0x00, 0x00, 0x00, 0x00, 0x00, 0x00, 0x00, 
    0x00, 0x00, 0x00, 0x00, 0x00, 0x00, 0x00, 0x00, 0x00, 0x00, 0x00, 0x00, 0x00, 0x00, 0x00, 0x00, 
    0x00, 0x00, 0x00, 0x00, 0x00, 0x00, 0x00, 0x00, 0x00, 0x00, 0x00, 0x00, 0x00, 0x00, 0x00, 0x00, 
    0x00, 0x00, 0x00, 0x00, 0x00, 0x00, 0x00, 0x00, 0x00, 0x00, 0x00, 0x00, 0x00, 0x00, 0x00, 0x00, 
    0x00, 0x00, 0x00, 0x00, 0x00, 0x00, 0x00, 0x00, 0x00, 0x00, 0x00, 0x00, 0x00, 0x00, 0x00, 0x00, 
    0x00, 0x00, 0x00, 0x00, 0x00, 0x00, 0x00, 0x00, 0x00, 0x00, 0x00, 0x00, 0x00, 0x00, 0x00, 0x00, 
    0x00, 0x00, 0x00, 0x00, 0x00, 0x00, 0x00, 0x00, 0x00, 0x00, 0x00, 0x00, 0x00, 0x00, 0x00, 0x00, 
    0x00, 0x00, 0x00, 0x00, 0x00, 0x00, 0x00, 0x00, 0x00, 0x00, 0x00, 0x00, 0x00, 0x00, 0x00, 0x00, 
    0x00, 0x00, 0x00, 0x00, 0x00, 0x00, 0x00, 0x00, 0x00, 0x00, 0x00, 0x00, 0x00, 0x00, 0x00, 0x00, 
    0x00, 0x00, 0x00, 0x00, 0x00, 0x00, 0x00, 0x00, 0x00, 0x00, 0x00, 0x00, 0x00, 0x00, 0x00, 0x00, 
    0x00, 0x00, 0x00, 0x00, 0x00, 0x00, 0x00, 0x00, 0x00, 0x00, 0x00, 0x00, 0x00, 0x00, 0x00, 0x00, 
    0x00, 0x00, 0x00, 0x00, 0x00, 0x00, 0x00, 0x00, 0x00, 0x00, 0x00, 0x00, 0x00, 0x00, 0x00, 0x00, 
    0x00, 0x00, 0x00, 0x00, 0x00, 0x00, 0x00, 0x00, 0x00, 0x00, 0x00, 0x00, 0x00, 0x00, 0x00, 0x00, 
    0x00, 0x00, 0x00, 0x00, 0x00, 0x00, 0x00, 0x00, 0x00, 0x00, 0x00, 0x00, 0x00, 0x00, 0x00, 0x00, 
    0x00, 0x00, 0x00, 0x00, 0x00, 0x00, 0x00, 0x00, 0x00, 0x00, 0x00, 0x00, 0x00, 0x00, 0x00, 0x00, 
    0x00, 0x00, 0x00, 0x00, 0x00, 0x00, 0x00, 0x00, 0x00, 0x00, 0x00, 0x00, 0x00, 0x00, 0x00, 0x00, 
    0x00, 0x00, 0x00, 0x00, 0x00, 0x00, 0x00, 0x00, 0x00, 0x00, 0x00, 0x00, 0x00, 0x00, 0x00, 0x00, 
    0x00, 0x00, 0x00, 0x00, 0x00, 0x00, 0x00, 0x00, 0x00, 0x00, 0x00, 0x00, 0x00, 0x00, 0x00, 0x00, 
    0x00, 0x00, 0x00, 0x00, 0x00, 0x00, 0x00, 0x00, 0x00, 0x00, 0x00, 0x00, 0x00, 0x00, 0x00, 0x00, 
    0x00, 0x00, 0x00, 0x00, 0x00, 0x00, 0x00, 0x00, 0x00, 0x00, 0x00, 0x00, 0x00, 0x00, 0x00, 0x00, 
    0x00, 0x00, 0x00, 0x00, 0x00, 0x00, 0x00, 0x00, 0x00, 0x00, 0x00, 0x00, 0x00, 0x00, 0x00, 0x00, 
    0x00, 0x00, 0x00, 0x00, 0x00, 0x00, 0x00, 0x00, 0x00, 0x00, 0x00, 0x00, 0x00, 0x00, 0x00, 0x00, 
    0x00, 0x00, 0x00, 0x00, 0x00, 0x00, 0x00, 0x00, 0x00, 0x00, 0x00, 0x00, 0x00, 0x00, 0x00, 0x00, 
    0x00, 0x00, 0x00, 0x00, 0x00, 0x00, 0x00, 0x00, 0x00, 0x00, 0x00, 0x00, 0x00, 0x00, 0x00, 0x00, 
    0x00, 0x00, 0x00, 0x00, 0x00, 0x00, 0x00, 0x00, 0x00, 0x00, 0x00, 0x00, 0x00, 0x00, 0x00, 0x00, 
    0x00, 0x00, 0x00, 0x00, 0x00, 0x00, 0x00, 0x00, 0x00, 0x00, 0x00, 0x00, 0x00, 0x00, 0x00, 0x00, 
    0x00, 0x00, 0x00, 0x00, 0x00, 0x00, 0x00, 0x00, 0x00, 0x00, 0x00, 0x00, 0x00, 0x00, 0x00, 0x00, 
    0x00, 0x00, 0x00, 0x00, 0x00, 0x00, 0x00, 0x00, 0x00, 0x00, 0x00, 0x00, 0x00, 0x00, 0x00, 0x00, 
    0x00, 0x00, 0x00, 0x00, 0x00, 0x00, 0x00, 0x00, 0x00, 0x00, 0x00, 0x00, 0x00, 0x00, 0x00, 0x00, 
    0x00, 0x00, 0x00, 0x00, 0x00, 0x00, 0x00, 0x00, 0x00, 0x00, 0x00, 0x00, 0x00, 0x00, 0x00, 0x00, 
    0x00, 0x00, 0x00, 0x00, 0x00, 0x00, 0x00, 0x00, 0x00, 0x00, 0x00, 0x00, 0x00, 0x00, 0x00, 0x00, 
    0x00, 0x00, 0x00, 0x00, 0x00, 0x00, 0x00, 0x00, 0x00, 0x00, 0x00, 0x00, 0x00, 0x00, 0x00, 0x00, 
    0x00, 0x00, 0x00, 0x00, 0x00, 0x00, 0x00, 0x00, 0x00, 0x00, 0x00, 0x00, 0x00, 0x00, 0x00, 0x00, 
    0x00, 0x00, 0x00, 0x00, 0x00, 0x00, 0x00, 0x00, 0x00, 0x00, 0x00, 0x00, 0x00, 0x00, 0x00, 0x00, 
    0x00, 0x00, 0x00, 0x00, 0x00, 0x00, 0x00, 0x00, 0x00, 0x00, 0x00, 0x00, 0x00, 0x00, 0x00, 0x00, 
    0x00, 0x00, 0x00, 0x00, 0x00, 0x00, 0x00, 0x00, 0x00, 0x00, 0x00, 0x00, 0x00, 0x00, 0x00, 0x00, 
    0x00, 0x00, 0x00, 0x00, 0x00, 0x00, 0x00, 0x00, 0x00, 0x00, 0x00, 0x00, 0x00, 0x00, 0x00, 0x00, 
    0x00, 0x00, 0x00, 0x00, 0x00, 0x00, 0x00, 0x00, 0x00, 0x00, 0x00, 0x00, 0x00, 0x00, 0x00, 0x00, 
    0x00, 0x00, 0x00, 0x00, 0x00, 0x00, 0x00, 0x00, 0x00, 0x00, 0x00, 0x00, 0x00, 0x00, 0x00, 0x00, 
    0x00, 0x00, 0x00, 0x00, 0x00, 0x00, 0x00, 0x00, 0x00, 0x00, 0x00, 0x00, 0x00, 0x00, 0x00, 0x00, 
    0x00, 0x00, 0x00, 0x00, 0x00, 0x00, 0x00, 0x00, 0x00, 0x00, 0x00, 0x00, 0x00, 0x00, 0x00, 0x00, 
    0x00, 0x00, 0x00, 0x00, 0x00, 0x00, 0x00, 0x00, 0x00, 0x00, 0x00, 0x00, 0x00, 0x00, 0x00, 0x00, 
    0x00, 0x00, 0x00, 0x00, 0x00, 0x00, 0x00, 0x00, 0x00, 0x00, 0x00, 0x00, 0x00, 0x00, 0x00, 0x00, 
    0x00, 0x00, 0x00, 0x00, 0x00, 0x00, 0x00, 0x00, 0x00, 0x00, 0x00, 0x00, 0x00, 0x00, 0x00, 0x00, 
    0x00, 0x00, 0x00, 0x00, 0x00, 0x00, 0x00, 0x00, 0x00, 0x00, 0x00, 0x00, 0x00, 0x00, 0x00, 0x00, 
    0x00, 0x00, 0x00, 0x00, 0x00, 0x00, 0x00, 0x00, 0x00, 0x00, 0x00, 0x00, 0x00, 0x00, 0x00, 0x00, 
    0x00, 0x00, 0x00, 0x00, 0x00, 0x00, 0x00, 0x00, 0x00, 0x00, 0x00, 0x00, 0x00, 0x00, 0x00, 0x00, 
    0x00, 0x00, 0x00, 0x00, 0x00, 0x00, 0x00, 0x00, 0x00, 0x00, 0x00, 0x00, 0x00, 0x00, 0x00, 0x00, 
    0x00, 0x00, 0x00, 0x00, 0x00, 0x00, 0x00, 0x00, 0x00, 0x00, 0x00, 0x00, 0x00, 0x00, 0x00, 0x00, 
    0x00, 0x00, 0x00, 0x00, 0x00, 0x00, 0x00, 0x00, 0x00, 0x00, 0x00, 0x00, 0x00, 0x00, 0x00, 0x00, 
    0x00, 0x00, 0x00, 0x00, 0x00, 0x00, 0x00, 0x00, 0x00, 0x00, 0x00, 0x00, 0x00, 0x00, 0x00, 0x00, 
    0x00, 0x00, 0x00, 0x00, 0x00, 0x00, 0x00, 0x00, 0x00, 0x00, 0x00, 0x00, 0x00, 0x00, 0x00, 0x00, 
    0x00, 0x00, 0x00, 0x00, 0x00, 0x00, 0x00, 0x00, 0x00, 0x00, 0x00, 0x00, 0x00, 0x00, 0x00, 0x00, 
    0x00, 0x00, 0x00, 0x00, 0x00, 0x00, 0x00, 0x00, 0x00, 0x00, 0x00, 0x00, 0x00, 0x00, 0x00, 0x00, 
    0x00, 0x00, 0x00, 0x00, 0x00, 0x00, 0x00, 0x00, 0x00, 0x00, 0x00, 0x00, 0x00, 0x00, 0x00, 0x00, 
    0x00, 0x00, 0x00, 0x00, 0x00, 0x00, 0x00, 0x00, 0x00, 0x00, 0x00, 0x00, 0x00, 0x00, 0x00, 0x00, 
    0x00, 0x00, 0x00, 0x00, 0x00, 0x00, 0x00, 0x00, 0x00, 0x00, 0x00, 0x00, 0x00, 0x00, 0x00, 0x00, 
    0x00, 0x00, 0x00, 0x00, 0x00, 0x00, 0x00, 0x00, 0x00, 0x00, 0x00, 0x00, 0x00, 0x00, 0x00, 0x00, 
    0x00, 0x00, 0x00, 0x00, 0x00, 0x00, 0x00, 0x00, 0x00, 0x00, 0x00, 0x00, 0x00, 0x00, 0x00, 0x00, 
    0x00, 0x00, 0x00, 0x00, 0x00, 0x00, 0x00, 0x00, 0x00, 0x00, 0x00, 0x00, 0x00, 0x00, 0x00, 0x00, 
    0x00, 0x00, 0x00, 0x00, 0x00, 0x00, 0x00, 0x00, 0x00, 0x00, 0x00, 0x00, 0x00, 0x00, 0x00, 0x00, 
    0x00, 0x00, 0x00, 0x00, 0x00, 0x00, 0x00, 0x00, 0x00, 0x00, 0x00, 0x00, 0x00, 0x00, 0x00, 0x00, 
    0x00, 0x00, 0x00, 0x00, 0x00, 0x00, 0x00, 0x00, 0x00, 0x00, 0x00, 0x00, 0x00, 0x00, 0x00, 0x00, 
    0x00, 0x00, 0x00, 0x00, 0x00, 0x00, 0x00, 0x00, 0x00, 0x00, 0x00, 0x00, 0x00, 0x00, 0x00, 0x00, 
    0x00, 0x00, 0x00, 0x00, 0x00, 0x00, 0x00, 0x00, 0x00, 0x00, 0x00, 0x00, 0x00, 0x00, 0x00, 0x00, 
    0x00, 0x00, 0x00, 0x00, 0x00, 0x00, 0x00, 0x00, 0x00, 0x00, 0x00, 0x00, 0x00, 0x00, 0x00, 0x00, 
    0x00, 0x00, 0x00, 0x00, 0x00, 0x00, 0x00, 0x00, 0x00, 0x00, 0x00, 0x00, 0x00, 0x00, 0x00, 0x00, 
    0x00, 0x00, 0x00, 0x00, 0x00, 0x00, 0x00, 0x00, 0x00, 0x00, 0x00, 0x00, 0x00, 0x00, 0x00, 0x00, 
    0x00, 0x00, 0x00, 0x00, 0x00, 0x00, 0x00, 0x00, 0x00, 0x00, 0x00, 0x00, 0x00, 0x00, 0x00, 0x00, 
    0x00, 0x00, 0x00, 0x00, 0x00, 0x00, 0x00, 0x00, 0x00, 0x00, 0x00, 0x00, 0x00, 0x00, 0x00, 0x00, 
    0x00, 0x00, 0x00, 0x00, 0x00, 0x00, 0x00, 0x00, 0x00, 0x00, 0x00, 0x00, 0x00, 0x00, 0x00, 0x00, 
    0x00, 0x00, 0x00, 0x00, 0x00, 0x00, 0x00, 0x00, 0x00, 0x00, 0x00, 0x00, 0x00, 0x00, 0x00, 0x00, 
    0x00, 0x00, 0x00, 0x00, 0x00, 0x00, 0x00, 0x00, 0x00, 0x00, 0x00, 0x00, 0x00, 0x00, 0x00, 0x00, 
    0x00, 0x00, 0x00, 0x00, 0x00, 0x00, 0x00, 0x00, 0x00, 0x00, 0x00, 0x00, 0x00, 0x00, 0x00, 0x00, 
    0x00, 0x00, 0x00, 0x00, 0x00, 0x00, 0x00, 0x00, 0x00, 0x00, 0x00, 0x00, 0x00, 0x00, 0x00, 0x00, 
    0x00, 0x00, 0x00, 0x00, 0x00, 0x00, 0x00, 0x00, 0x00, 0x00, 0x00, 0x00, 0x00, 0x00, 0x00, 0x00, 
    0x00, 0x00, 0x00, 0x00, 0x00, 0x00, 0x00, 0x00, 0x00, 0x00, 0x00, 0x00, 0x00, 0x00, 0x00, 0x00, 
    0x00, 0x00, 0x00, 0x00, 0x00, 0x00, 0x00, 0x00, 0x00, 0x00, 0x00, 0x00, 0x00, 0x00, 0x00, 0x00, 
    0x00, 0x00, 0x00, 0x00, 0x00, 0x00, 0x00, 0x00, 0x00, 0x00, 0x00, 0x00, 0x00, 0x00, 0x00, 0x00, 
    0x00, 0x00, 0x00, 0x00, 0x00, 0x00, 0x00, 0x00, 0x00, 0x00, 0x00, 0x00, 0x00, 0x00, 0x00, 0x00, 
    0x00, 0x00, 0x00, 0x00, 0x00, 0x00, 0x00, 0x00, 0x00, 0x00, 0x00, 0x00, 0x00, 0x00, 0x00, 0x00, 
    0x00, 0x00, 0x00, 0x00, 0x00, 0x00, 0x00, 0x00, 0x00, 0x00, 0x00, 0x00, 0x00, 0x00, 0x00, 0x00, 
    0x00, 0x00, 0x00, 0x00, 0x00, 0x00, 0x00, 0x00, 0x00, 0x00, 0x00, 0x00, 0x00, 0x00, 0x00, 0x00, 
    0x00, 0x00, 0x00, 0x00, 0x00, 0x00, 0x00, 0x00, 0x00, 0x00, 0x00, 0x00, 0x00, 0x00, 0x00, 0x00, 
    0x00, 0x00, 0x00, 0x00, 0x00, 0x00, 0x00, 0x00, 0x00, 0x00, 0x00, 0x00, 0x00, 0x00, 0x00, 0x00, 
    0x00, 0x00, 0x00, 0x00, 0x00, 0x00, 0x00, 0x00, 0x00, 0x00, 0x00, 0x00, 0x00, 0x00, 0x00, 0x00, 
    0x00, 0x00, 0x00, 0x00, 0x00, 0x00, 0x00, 0x00, 0x00, 0x00, 0x00, 0x00, 0x00, 0x00, 0x00, 0x00, 
    0x00, 0x00, 0x00, 0x00, 0x00, 0x00, 0x00, 0x00, 0x00, 0x00, 0x00, 0x00, 0x00, 0x00, 0x00, 0x00, 
    0x00, 0x00, 0x00, 0x00, 0x00, 0x00, 0x00, 0x00, 0x00, 0x00, 0x00, 0x00, 0x00, 0x00, 0x00, 0x00, 
    0x00, 0x00, 0x00, 0x00, 0x00, 0x00, 0x00, 0x00, 0x00, 0x00, 0x00, 0x00, 0x00, 0x00, 0x00, 0x00, 
    0x00, 0x00, 0x00, 0x00, 0x00, 0x00, 0x00, 0x00, 0x00, 0x00, 0x00, 0x00, 0x00, 0x00, 0x00, 0x00, 
    0x00, 0x00, 0x00, 0x00, 0x00, 0x00, 0x00, 0x00, 0x00, 0x00, 0x00, 0x00, 0x00, 0x00, 0x00, 0x00, 
    0x00, 0x00, 0x00, 0x00, 0x00, 0x00, 0x00, 0x00, 0x00, 0x00, 0x00, 0x00, 0x00, 0x00, 0x00, 0x00, 
    0x00, 0x00, 0x00, 0x00, 0x00, 0x00, 0x00, 0x00, 0x00, 0x00, 0x00, 0x00, 0x00, 0x00, 0x00, 0x00, 
    0x00, 0x00, 0x00, 0x00, 0x00, 0x00, 0x00, 0x00, 0x00, 0x00, 0x00, 0x00, 0x00, 0x00, 0x00, 0x00, 
    0x00, 0x00, 0x00, 0x00, 0x00, 0x00, 0x00, 0x00, 0x00, 0x00, 0x00, 0x00, 0x00, 0x00, 0x00, 0x00, 
    0x00, 0x00, 0x00, 0x00, 0x00, 0x00, 0x00, 0x00, 0x00, 0x00, 0x00, 0x00, 0x00, 0x00, 0x00, 0x00, 
    0x00, 0x00, 0x00, 0x00, 0x00, 0x00, 0x00, 0x00, 0x00, 0x00, 0x00, 0x00, 0x00, 0x00, 0x00, 0x00, 
    0x00, 0x00, 0x00, 0x00, 0x00, 0x00, 0x00, 0x00, 0x00, 0x00, 0x00, 0x00, 0x00, 0x00, 0x00, 0x00, 
    0x00, 0x00, 0x00, 0x00, 0x00, 0x00, 0x00, 0x00, 0x00, 0x00, 0x00, 0x00, 0x00, 0x00, 0x00, 0x00, 
    0x00, 0x00, 0x00, 0x00, 0x00, 0x00, 0x00, 0x00, 0x00, 0x00, 0x00, 0x00, 0x00, 0x00, 0x00, 0x00, 
    0x00, 0x00, 0x00, 0x00, 0x00, 0x00, 0x00, 0x00, 0x00, 0x00, 0x00, 0x00, 0x00, 0x00, 0x00, 0x00, 
    0x00, 0x00, 0x00, 0x00, 0x00, 0x00, 0x00, 0x00, 0x00, 0x00, 0x00, 0x00, 0x00, 0x00, 0x00, 0x00, 
    0x00, 0x00, 0x00, 0x00, 0x00, 0x00, 0x00, 0x00, 0x00, 0x00, 0x00, 0x00, 0x00, 0x00, 0x00, 0x00, 
    0x00, 0x00, 0x00, 0x00, 0x00, 0x00, 0x00, 0x00, 0x00, 0x00, 0x00, 0x00, 0x00, 0x00, 0x00, 0x00, 
    0x00, 0x00, 0x00, 0x00, 0x00, 0x00, 0x00, 0x00, 0x00, 0x00, 0x00, 0x00, 0x00, 0x00, 0x00, 0x00, 
    0x00, 0x00, 0x00, 0x00, 0x00, 0x00, 0x00, 0x00, 0x00, 0x00, 0x00, 0x00, 0x00, 0x00, 0x00, 0x00, 
    0x00, 0x00, 0x00, 0x00, 0x00, 0x00, 0x00, 0x00, 0x00, 0x00, 0x00, 0x00, 0x00, 0x00, 0x00, 0x00, 
    0x00, 0x00, 0x00, 0x00, 0x00, 0x00, 0x00, 0x00, 0x00, 0x00, 0x00, 0x00, 0x00, 0x00, 0x00, 0x00, 
    0x00, 0x00, 0x00, 0x00, 0x00, 0x00, 0x00, 0x00, 0x00, 0x00, 0x00, 0x00, 0x00, 0x00, 0x00, 0x00, 
    0x00, 0x00, 0x00, 0x00, 0x00, 0x00, 0x00, 0x00, 0x00, 0x00, 0x00, 0x00, 0x00, 0x00, 0x00, 0x00, 
    0x00, 0x00, 0x00, 0x00, 0x00, 0x00, 0x00, 0x00, 0x00, 0x00, 0x00, 0x00, 0x00, 0x00, 0x00, 0x00, 
    0x00, 0x00, 0x00, 0x00, 0x00, 0x00, 0x00, 0x00, 0x00, 0x00, 0x00, 0x00, 0x00, 0x00, 0x00, 0x00, 
    0x00, 0x00, 0x00, 0x00, 0x00, 0x00, 0x00, 0x00, 0x00, 0x00, 0x00, 0x00, 0x00, 0x00, 0x00, 0x00, 
    0x00, 0x00, 0x00, 0x00, 0x00, 0x00, 0x00, 0x00, 0x00, 0x00, 0x00, 0x00, 0x00, 0x00, 0x00, 0x00, 
    0x00, 0x00, 0x00, 0x00, 0x00, 0x00, 0x00, 0x00, 0x00, 0x00, 0x00, 0x00, 0x00, 0x00, 0x00, 0x00, 
    0x00, 0x00, 0x00, 0x00, 0x00, 0x00, 0x00, 0x00, 0x00, 0x00, 0x00, 0x00, 0x00, 0x00, 0x00, 0x00, 
    0x00, 0x00, 0x00, 0x00, 0x00, 0x00, 0x00, 0x00, 0x00, 0x00, 0x00, 0x00, 0x00, 0x00, 0x00, 0x00, 
    0x00, 0x00, 0x00, 0x00, 0x00, 0x00, 0x00, 0x00, 0x00, 0x00, 0x00, 0x00, 0x00, 0x00, 0x00, 0x00, 
    0x00, 0x00, 0x00, 0x00, 0x00, 0x00, 0x00, 0x00, 0x00, 0x00, 0x00, 0x00, 0x00, 0x00, 0x00, 0x00, 
    0x00, 0x00, 0x00, 0x00, 0x00, 0x00, 0x00, 0x00, 0x00, 0x00, 0x00, 0x00, 0x00, 0x00, 0x00, 0x00, 
    0x00, 0x00, 0x00, 0x00, 0x00, 0x00, 0x00, 0x00, 0x00, 0x00, 0x00, 0x00, 0x00, 0x00, 0x00, 0x00, 
    0x00, 0x00, 0x00, 0x00, 0x00, 0x00, 0x00, 0x00, 0x00, 0x00, 0x00, 0x00, 0x00, 0x00, 0x00, 0x00, 
    0x00, 0x00, 0x00, 0x00, 0x00, 0x00, 0x00, 0x00, 0x00, 0x00, 0x00, 0x00, 0x00, 0x00, 0x00, 0x00, 
    0x00, 0x00, 0x00, 0x00, 0x00, 0x00, 0x00, 0x00, 0x00, 0x00, 0x00, 0x00, 0x00, 0x00, 0x00, 0x00, 
    0x00, 0x00, 0x00, 0x00, 0x00, 0x00, 0x00, 0x00, 0x00, 0x00, 0x00, 0x00, 0x00, 0x00, 0x00, 0x00, 
    0x00, 0x00, 0x00, 0x00, 0x00, 0x00, 0x00, 0x00, 0x00, 0x00, 0x00, 0x00, 0x00, 0x00, 0x00, 0x00, 
    0x00, 0x00, 0x00, 0x00, 0x00, 0x00, 0x00, 0x00, 0x00, 0x00, 0x00, 0x00, 0x00, 0x00, 0x00, 0x00, 
    0x00, 0x00, 0x00, 0x00, 0x00, 0x00, 0x00, 0x00, 0x00, 0x00, 0x00, 0x00, 0x00, 0x00, 0x00, 0x00, 
    0x00, 0x00, 0x00, 0x00, 0x00, 0x00, 0x00, 0x00, 0x00, 0x00, 0x00, 0x00, 0x00, 0x00, 0x00, 0x00, 
    0x00, 0x00, 0x00, 0x00, 0x00, 0x00, 0x00, 0x00, 0x00, 0x00, 0x00, 0x00, 0x00, 0x00, 0x00, 0x00, 
    0x00, 0x00, 0x00, 0x00, 0x00, 0x00, 0x00, 0x00, 0x00, 0x00, 0x00, 0x00, 0x00, 0x00, 0x00, 0x00, 
    0x00, 0x00, 0x00, 0x00, 0x00, 0x00, 0x00, 0x00, 0x00, 0x00, 0x00, 0x00, 0x00, 0x00, 0x00, 0x00, 
    0x00, 0x00, 0x00, 0x00, 0x00, 0x00, 0x00, 0x00, 0x00, 0x00, 0x00, 0x00, 0x00, 0x00, 0x00, 0x00, 
    0x00, 0x00, 0x00, 0x00, 0x00, 0x00, 0x00, 0x00, 0x00, 0x00, 0x00, 0x00, 0x00, 0x00, 0x00, 0x00, 
    0x00, 0x00, 0x00, 0x00, 0x00, 0x00, 0x00, 0x00, 0x00, 0x00, 0x00, 0x00, 0x00, 0x00, 0x00, 0x00, 
    0x00, 0x00, 0x00, 0x00, 0x00, 0x00, 0x00, 0x00, 0x00, 0x00, 0x00, 0x00, 0x00, 0x00, 0x00, 0x00, 
    0x00, 0x00, 0x00, 0x00, 0x00, 0x00, 0x00, 0x00, 0x00, 0x00, 0x00, 0x00, 0x00, 0x00, 0x00, 0x00, 
    0x00, 0x00, 0x00, 0x00, 0x00, 0x00, 0x00, 0x00, 0x00, 0x00, 0x00, 0x00, 0x00, 0x00, 0x00, 0x00, 
    0x00, 0x00, 0x00, 0x00, 0x00, 0x00, 0x00, 0x00, 0x00, 0x00, 0x00, 0x00, 0x00, 0x00, 0x00, 0x00, 
    0x00, 0x00, 0x00, 0x00, 0x00, 0x00, 0x00, 0x00, 0x00, 0x00, 0x00, 0x00, 0x00, 0x00, 0x00, 0x00, 
    0x00, 0x00, 0x00, 0x00, 0x00, 0x00, 0x00, 0x00, 0x00, 0x00, 0x00, 0x00, 0x00, 0x00, 0x00, 0x00, 
    0x00, 0x00, 0x00, 0x00, 0x00, 0x00, 0x00, 0x00, 0x00, 0x00, 0x00, 0x00, 0x00, 0x00, 0x00, 0x00, 
    0x00, 0x00, 0x00, 0x00, 0x00, 0x00, 0x00, 0x00, 0x00, 0x00, 0x00, 0x00, 0x00, 0x00, 0x00, 0x00, 
    0x00, 0x00, 0x00, 0x00, 0x00, 0x00, 0x00, 0x00, 0x00, 0x00, 0x00, 0x00, 0x00, 0x00, 0x00, 0x00, 
    0x00, 0x00, 0x00, 0x00, 0x00, 0x00, 0x00, 0x00, 0x00, 0x00, 0x00, 0x00, 0x00, 0x00, 0x00, 0x00, 
    0x00, 0x00, 0x00, 0x00, 0x00, 0x00, 0x00, 0x00, 0x00, 0x00, 0x00, 0x00, 0x00, 0x00, 0x00, 0x00, 
    0x00, 0x00, 0x00, 0x00, 0x00, 0x00, 0x00, 0x00, 0x00, 0x00, 0x00, 0x00, 0x00, 0x00, 0x00, 0x00, 
    0x00, 0x00, 0x00, 0x00, 0x00, 0x00, 0x00, 0x00, 0x00, 0x00, 0x00, 0x00, 0x00, 0x00, 0x00, 0x00, 
    0x00, 0x00, 0x00, 0x00, 0x00, 0x00, 0x00, 0x00, 0x00, 0x00, 0x00, 0x00, 0x00, 0x00, 0x00, 0x00, 
    0x00, 0x00, 0x00, 0x00, 0x00, 0x00, 0x00, 0x00, 0x00, 0x00, 0x00, 0x00, 0x00, 0x00, 0x00, 0x00, 
    0x00, 0x00, 0x00, 0x00, 0x00, 0x00, 0x00, 0x00, 0x00, 0x00, 0x00, 0x00, 0x00, 0x00, 0x00, 0x00, 
    0x00, 0x00, 0x00, 0x00, 0x00, 0x00, 0x00, 0x00, 0x00, 0x00, 0x00, 0x00, 0x00, 0x00, 0x00, 0x00, 
    0x00, 0x00, 0x00, 0x00, 0x00, 0x00, 0x00, 0x00, 0x00, 0x00, 0x00, 0x00, 0x00, 0x00, 0x00, 0x00, 
    0x00, 0x00, 0x00, 0x00, 0x00, 0x00, 0x00, 0x00, 0x00, 0x00, 0x00, 0x00, 0x00, 0x00, 0x00, 0x00, 
    0x00, 0x00, 0x00, 0x00, 0x00, 0x00, 0x00, 0x00, 0x00, 0x00, 0x00, 0x00, 0x00, 0x00, 0x00, 0x00, 
    0x00, 0x00, 0x00, 0x00, 0x00, 0x00, 0x00, 0x00, 0x00, 0x00, 0x00, 0x00, 0x00, 0x00, 0x00, 0x00, 
    0x00, 0x00, 0x00, 0x00, 0x00, 0x00, 0x00, 0x00, 0x00, 0x00, 0x00, 0x00, 0x00, 0x00, 0x00, 0x00, 
    0x00, 0x00, 0x00, 0x00, 0x00, 0x00, 0x00, 0x00, 0x00, 0x00, 0x00, 0x00, 0x00, 0x00, 0x00, 0x00, 
    0x00, 0x00, 0x00, 0x00, 0x00, 0x00, 0x00, 0x00, 0x00, 0x00, 0x00, 0x00, 0x00, 0x00, 0x00, 0x00, 
    0x00, 0x00, 0x00, 0x00, 0x00, 0x00, 0x00, 0x00, 0x00, 0x00, 0x00, 0x00, 0x00, 0x00, 0x00, 0x00, 
    0x00, 0x00, 0x00, 0x00, 0x00, 0x00, 0x00, 0x00, 0x00, 0x00, 0x00, 0x00, 0x00, 0x00, 0x00, 0x00, 
    0x00, 0x00, 0x00, 0x00, 0x00, 0x00, 0x00, 0x00, 0x00, 0x00, 0x00, 0x00, 0x00, 0x00, 0x00, 0x00, 
    0x00, 0x00, 0x00, 0x00, 0x00, 0x00, 0x00, 0x00, 0x00, 0x00, 0x00, 0x00, 0x00, 0x00, 0x00, 0x00, 
    0x00, 0x00, 0x00, 0x00, 0x00, 0x00, 0x00, 0x00, 0x00, 0x00, 0x00, 0x00, 0x00, 0x00, 0x00, 0x00, 
    0x00, 0x00, 0x00, 0x00, 0x00, 0x00, 0x00, 0x00, 0x00, 0x00, 0x00, 0x00, 0x00, 0x00, 0x00, 0x00, 
    0x00, 0x00, 0x00, 0x00, 0x00, 0x00, 0x00, 0x00, 0x00, 0x00, 0x00, 0x00, 0x00, 0x00, 0x00, 0x00, 
    0x00, 0x00, 0x00, 0x00, 0x00, 0x00, 0x00, 0x00, 0x00, 0x00, 0x00, 0x00, 0x00, 0x00, 0x00, 0x00, 
    0x00, 0x00, 0x00, 0x00, 0x00, 0x00, 0x00, 0x00, 0x00, 0x00, 0x00, 0x00, 0x00, 0x00, 0x00, 0x00, 
    0x00, 0x00, 0x00, 0x00, 0x00, 0x00, 0x00, 0x00, 0x00, 0x00, 0x00, 0x00, 0x00, 0x00, 0x00, 0x00, 
    0x00, 0x00, 0x00, 0x00, 0x00, 0x00, 0x00, 0x00, 0x00, 0x00, 0x00, 0x00, 0x00, 0x00, 0x00, 0x00, 
    0x00, 0x00, 0x00, 0x00, 0x00, 0x00, 0x00, 0x00, 0x00, 0x00, 0x00, 0x00, 0x00, 0x00, 0x00, 0x00, 
    0x00, 0x00, 0x00, 0x00, 0x00, 0x00, 0x00, 0x00, 0x00, 0x00, 0x00, 0x00, 0x00, 0x00, 0x00, 0x00, 
    0x00, 0x00, 0x00, 0x00, 0x00, 0x00, 0x00, 0x00, 0x00, 0x00, 0x00, 0x00, 0x00, 0x00, 0x00, 0x00, 
    0x00, 0x00, 0x00, 0x00, 0x00, 0x00, 0x00, 0x00, 0x00, 0x00, 0x00, 0x00, 0x00, 0x00, 0x00, 0x00, 
    0x00, 0x00, 0x00, 0x00, 0x00, 0x00, 0x00, 0x00, 0x00, 0x00, 0x00, 0x00, 0x00, 0x00, 0x00, 0x00, 
    0x00, 0x00, 0x00, 0x00, 0x00, 0x00, 0x00, 0x00, 0x00, 0x00, 0x00, 0x00, 0x00, 0x00, 0x00, 0x00, 
    0x00, 0x00, 0x00, 0x00, 0x00, 0x00, 0x00, 0x00, 0x00, 0x00, 0x00, 0x00, 0x00, 0x00, 0x00, 0x00, 
    0x00, 0x00, 0x00, 0x00, 0x00, 0x00, 0x00, 0x00, 0x00, 0x00, 0x00, 0x00, 0x00, 0x00, 0x00, 0x00, 
    0x00, 0x00, 0x00, 0x00, 0x00, 0x00, 0x00, 0x00, 0x00, 0x00, 0x00, 0x00, 0x00, 0x00, 0x00, 0x00, 
    0x00, 0x00, 0x00, 0x00, 0x00, 0x00, 0x00, 0x00, 0x00, 0x00, 0x00, 0x00, 0x00, 0x00, 0x00, 0x00, 
    0x00, 0x00, 0x00, 0x00, 0x00, 0x00, 0x00, 0x00, 0x00, 0x00, 0x00, 0x00, 0x00, 0x00, 0x00, 0x00, 
    0x00, 0x00, 0x00, 0x00, 0x00, 0x00, 0x00, 0x00, 0x00, 0x00, 0x00, 0x00, 0x00, 0x00, 0x00, 0x00, 
    0x00, 0x00, 0x00, 0x00, 0x00, 0x00, 0x00, 0x00, 0x00, 0x00, 0x00, 0x00, 0x00, 0x00, 0x00, 0x00, 
    0x00, 0x00, 0x00, 0x00, 0x00, 0x00, 0x00, 0x00, 0x00, 0x00, 0x00, 0x00, 0x00, 0x00, 0x00, 0x00, 
    0x00, 0x00, 0x00, 0x00, 0x00, 0x00, 0x00, 0x00, 0x00, 0x00, 0x00, 0x00, 0x00, 0x00, 0x00, 0x00, 
    0x00, 0x00, 0x00, 0x00, 0x00, 0x00, 0x00, 0x00, 0x00, 0x00, 0x00, 0x00, 0x00, 0x00, 0x00, 0x00, 
    0x00, 0x00, 0x00, 0x00, 0x00, 0x00, 0x00, 0x00, 0x00, 0x00, 0x00, 0x00, 0x00, 0x00, 0x00, 0x00, 
    0x00, 0x00, 0x00, 0x00, 0x00, 0x00, 0x00, 0x00, 0x00, 0x00, 0x00, 0x00, 0x00, 0x00, 0x00, 0x00, 
    0x00, 0x00, 0x00, 0x00, 0x00, 0x00, 0x00, 0x00, 0x00, 0x00, 0x00, 0x00, 0x00, 0x00, 0x00, 0x00, 
    0x00, 0x00, 0x00, 0x00, 0x00, 0x00, 0x00, 0x00, 0x00, 0x00, 0x00, 0x00, 0x00, 0x00, 0x00, 0x00, 
    0x00, 0x00, 0x00, 0x00, 0x00, 0x00, 0x00, 0x00, 0x00, 0x00, 0x00, 0x00, 0x00, 0x00, 0x00, 0x00, 
    0x00, 0x00, 0x00, 0x00, 0x00, 0x00, 0x00, 0x00, 0x00, 0x00, 0x00, 0x00, 0x00, 0x00, 0x00, 0x00, 
    0x00, 0x00, 0x00, 0x00, 0x00, 0x00, 0x00, 0x00, 0x00, 0x00, 0x00, 0x00, 0x00, 0x00, 0x00, 0x00, 
    0x00, 0x00, 0x00, 0x00, 0x00, 0x00, 0x00, 0x00, 0x00, 0x00, 0x00, 0x00, 0x00, 0x00, 0x00, 0x00, 
    0x00, 0x00, 0x00, 0x00, 0x00, 0x00, 0x00, 0x00, 0x00, 0x00, 0x00, 0x00, 0x00, 0x00, 0x00, 0x00, 
    0x00, 0x00, 0x00, 0x00, 0x00, 0x00, 0x00, 0x00, 0x00, 0x00, 0x00, 0x00, 0x00, 0x00, 0x00, 0x00, 
    0x00, 0x00, 0x00, 0x00, 0x00, 0x00, 0x00, 0x00, 0x00, 0x00, 0x00, 0x00, 0x00, 0x00, 0x00, 0x00, 
    0x00, 0x00, 0x00, 0x00, 0x00, 0x00, 0x00, 0x00, 0x00, 0x00, 0x00, 0x00, 0x00, 0x00, 0x00, 0x00, 
    0x00, 0x00, 0x00, 0x00, 0x00, 0x00, 0x00, 0x00, 0x00, 0x00, 0x00, 0x00, 0x00, 0x00, 0x00, 0x00, 
    0x00, 0x00, 0x00, 0x00, 0x00, 0x00, 0x00, 0x00, 0x00, 0x00, 0x00, 0x00, 0x00, 0x00, 0x00, 0x00, 
    0x00, 0x00, 0x00, 0x00, 0x00, 0x00, 0x00, 0x00, 0x00, 0x00, 0x00, 0x00, 0x00, 0x00, 0x00, 0x00, 
    0x00, 0x00, 0x00, 0x00, 0x00, 0x00, 0x00, 0x00, 0x00, 0x00, 0x00, 0x00, 0x00, 0x00, 0x00, 0x00, 
    0x00, 0x00, 0x00, 0x00, 0x00, 0x00, 0x00, 0x00, 0x00, 0x00, 0x00, 0x00, 0x00, 0x00, 0x00, 0x00, 
    0x00, 0x00, 0x00, 0x00, 0x00, 0x00, 0x00, 0x00, 0x00, 0x00, 0x00, 0x00, 0x00, 0x00, 0x00, 0x00, 
    0x00, 0x00, 0x00, 0x00, 0x00, 0x00, 0x00, 0x00, 0x00, 0x00, 0x00, 0x00, 0x00, 0x00, 0x00, 0x00, 
    0x00, 0x00, 0x00, 0x00, 0x00, 0x00, 0x00, 0x00, 0x00, 0x00, 0x00, 0x00, 0x00, 0x00, 0x00, 0x00, 
    0x00, 0x00, 0x00, 0x00, 0x00, 0x00, 0x00, 0x00, 0x00, 0x00, 0x00, 0x00, 0x00, 0x00, 0x00, 0x00, 
    0x00, 0x00, 0x00, 0x00, 0x00, 0x00, 0x00, 0x00, 0x00, 0x00, 0x00, 0x00, 0x00, 0x00, 0x00, 0x00, 
    0x00, 0x00, 0x00, 0x00, 0x00, 0x00, 0x00, 0x00, 0x00, 0x00, 0x00, 0x00, 0x00, 0x00, 0x00, 0x00, 
    0x00, 0x00, 0x00, 0x00, 0x00, 0x00, 0x00, 0x00, 0x00, 0x00, 0x00, 0x00, 0x00, 0x00, 0x00, 0x00, 
    0x00, 0x00, 0x00, 0x00, 0x00, 0x00, 0x00, 0x00, 0x00, 0x00, 0x00, 0x00, 0x00, 0x00, 0x00, 0x00, 
    0x00, 0x00, 0x00, 0x00, 0x00, 0x00, 0x00, 0x00, 0x00, 0x00, 0x00, 0x00, 0x00, 0x00, 0x00, 0x00, 
    0x00, 0x00, 0x00, 0x00, 0x00, 0x00, 0x00, 0x00, 0x00, 0x00, 0x00, 0x00, 0x00, 0x00, 0x00, 0x00, 
    0x00, 0x00, 0x00, 0x00, 0x00, 0x00, 0x00, 0x00, 0x00, 0x00, 0x00, 0x00, 0x00, 0x00, 0x00, 0x00, 
    0x00, 0x00, 0x00, 0x00, 0x00, 0x00, 0x00, 0x00, 0x00, 0x00, 0x00, 0x00, 0x00, 0x00, 0x00, 0x00, 
    0x00, 0x00, 0x00, 0x00, 0x00, 0x00, 0x00, 0x00, 0x00, 0x00, 0x00, 0x00, 0x00, 0x00, 0x00, 0x00, 
    0x00, 0x00, 0x00, 0x00, 0x00, 0x00, 0x00, 0x00, 0x00, 0x00, 0x00, 0x00, 0x00, 0x00, 0x00, 0x00, 
    0x00, 0x00, 0x00, 0x00, 0x00, 0x00, 0x00, 0x00, 0x00, 0x00, 0x00, 0x00, 0x00, 0x00, 0x00, 0x00, 
    0x00, 0x00, 0x00, 0x00, 0x00, 0x00, 0x00, 0x00, 0x00, 0x00, 0x00, 0x00, 0x00, 0x00, 0x00, 0x00, 
    0x00, 0x00, 0x00, 0x00, 0x00, 0x00, 0x00, 0x00, 0x00, 0x00, 0x00, 0x00, 0x00, 0x00, 0x00, 0x00, 
    0x00, 0x00, 0x00, 0x00, 0x00, 0x00, 0x00, 0x00, 0x00, 0x00, 0x00, 0x00, 0x00, 0x00, 0x00, 0x00, 
    0x00, 0x00, 0x00, 0x00, 0x00, 0x00, 0x00, 0x00, 0x00, 0x00, 0x00, 0x00, 0x00, 0x00, 0x00, 0x00, 
    0x00, 0x00, 0x00, 0x00, 0x00, 0x00, 0x00, 0x00, 0x00, 0x00, 0x00, 0x00, 0x00, 0x00, 0x00, 0x00, 
    0x00, 0x00, 0x00, 0x00, 0x00, 0x00, 0x00, 0x00, 0x00, 0x00, 0x00, 0x00, 0x00, 0x00, 0x00, 0x00, 
    0x00, 0x00, 0x00, 0x00, 0x00, 0x00, 0x00, 0x00, 0x00, 0x00, 0x00, 0x00, 0x00, 0x00, 0x00, 0x00, 
    0x00, 0x00, 0x00, 0x00, 0x00, 0x00, 0x00, 0x00, 0x00, 0x00, 0x00, 0x00, 0x00, 0x00, 0x00, 0x00, 
    0x00, 0x00, 0x00, 0x00, 0x00, 0x00, 0x00, 0x00, 0x00, 0x00, 0x00, 0x00, 0x00, 0x00, 0x00, 0x00, 
    0x00, 0x00, 0x00, 0x00, 0x00, 0x00, 0x00, 0x00, 0x00, 0x00, 0x00, 0x00, 0x00, 0x00, 0x00, 0x00, 
    0x00, 0x00, 0x00, 0x00, 0x00, 0x00, 0x00, 0x00, 0x00, 0x00, 0x00, 0x00, 0x00, 0x00, 0x00, 0x00, 
    0x00, 0x00, 0x00, 0x00, 0x00, 0x00, 0x00, 0x00, 0x00, 0x00, 0x00, 0x00, 0x00, 0x00, 0x00, 0x00, 
    0x00, 0x00, 0x00, 0x00, 0x00, 0x00, 0x00, 0x00, 0x00, 0x00, 0x00, 0x00, 0x00, 0x00, 0x00, 0x00, 
    0x00, 0x00, 0x00, 0x00, 0x00, 0x00, 0x00, 0x00, 0x00, 0x00, 0x00, 0x00, 0x00, 0x00, 0x00, 0x00, 
    0x00, 0x00, 0x00, 0x00, 0x00, 0x00, 0x00, 0x00, 0x00, 0x00, 0x00, 0x00, 0x00, 0x00, 0x00, 0x00, 
    0x00, 0x00, 0x00, 0x00, 0x00, 0x00, 0x00, 0x00, 0x00, 0x00, 0x00, 0x00, 0x00, 0x00, 0x00, 0x00, 
    0x00, 0x00, 0x00, 0x00, 0x00, 0x00, 0x00, 0x00, 0x00, 0x00, 0x00, 0x00, 0x00, 0x00, 0x00, 0x00, 
    0x00, 0x00, 0x00, 0x00, 0x00, 0x00, 0x00, 0x00, 0x00, 0x00, 0x00, 0x00, 0x00, 0x00, 0x00, 0x00, 
    0x00, 0x00, 0x00, 0x00, 0x00, 0x00, 0x00, 0x00, 0x00, 0x00, 0x00, 0x00, 0x00, 0x00, 0x00, 0x00, 
    0x00, 0x00, 0x00, 0x00, 0x00, 0x00, 0x00, 0x00, 0x00, 0x00, 0x00, 0x00, 0x00, 0x00, 0x00, 0x00, 
    0x00, 0x00, 0x00, 0x00, 0x00, 0x00, 0x00, 0x00, 0x00, 0x00, 0x00, 0x00, 0x00, 0x00, 0x00, 0x00, 
    0x00, 0x00, 0x00, 0x00, 0x00, 0x00, 0x00, 0x00, 0x00, 0x00, 0x00, 0x00, 0x00, 0x00, 0x00, 0x00, 
    0x00, 0x00, 0x00, 0x00, 0x00, 0x00, 0x00, 0x00, 0x00, 0x00, 0x00, 0x00, 0x00, 0x00, 0x00, 0x00, 
    0x00, 0x00, 0x00, 0x00, 0x00, 0x00, 0x00, 0x00, 0x00, 0x00, 0x00, 0x00, 0x00, 0x00, 0x00, 0x00, 
    0x00, 0x00, 0x00, 0x00, 0x00, 0x00, 0x00, 0x00, 0x00, 0x00, 0x00, 0x00, 0x00, 0x00, 0x00, 0x00, 
    0x00, 0x00, 0x00, 0x00, 0x00, 0x00, 0x00, 0x00, 0x00, 0x00, 0x00, 0x00, 0x00, 0x00, 0x00, 0x00, 
    0x00, 0x00, 0x00, 0x00, 0x00, 0x00, 0x00, 0x00, 0x00, 0x00, 0x00, 0x00, 0x00, 0x00, 0x00, 0x00, 
    0x00, 0x00, 0x00, 0x00, 0x00, 0x00, 0x00, 0x00, 0x00, 0x00, 0x00, 0x00, 0x00, 0x00, 0x00, 0x00, 
    0x00, 0x00, 0x00, 0x00, 0x00, 0x00, 0x00, 0x00, 0x00, 0x00, 0x00, 0x00, 0x00, 0x00, 0x00, 0x00, 
    0x00, 0x00, 0x00, 0x00, 0x00, 0x00, 0x00, 0x00, 0x00, 0x00, 0x00, 0x00, 0x00, 0x00, 0x00, 0x00, 
    0x00, 0x00, 0x00, 0x00, 0x00, 0x00, 0x00, 0x00, 0x00, 0x00, 0x00, 0x00, 0x00, 0x00, 0x00, 0x00, 
    0x00, 0x00, 0x00, 0x00, 0x00, 0x00, 0x00, 0x00, 0x00, 0x00, 0x00, 0x00, 0x00, 0x00, 0x00, 0x00, 
    0x00, 0x00, 0x00, 0x00, 0x00, 0x00, 0x00, 0x00, 0x00, 0x00, 0x00, 0x00, 0x00, 0x00, 0x00, 0x00, 
    0x00, 0x00, 0x00, 0x00, 0x00, 0x00, 0x00, 0x00, 0x00, 0x00, 0x00, 0x00, 0x00, 0x00, 0x00, 0x00, 
    0x00, 0x00, 0x00, 0x00, 0x00, 0x00, 0x00, 0x00, 0x00, 0x00, 0x00, 0x00, 0x00, 0x00, 0x00, 0x00, 
    0x00, 0x00, 0x00, 0x00, 0x00, 0x00, 0x00, 0x00, 0x00, 0x00, 0x00, 0x00, 0x00, 0x00, 0x00, 0x00, 
    0x00, 0x00, 0x00, 0x00, 0x00, 0x00, 0x00, 0x00, 0x00, 0x00, 0x00, 0x00, 0x00, 0x00, 0x00, 0x00, 
    0x00, 0x00, 0x00, 0x00, 0x00, 0x00, 0x00, 0x00, 0x00, 0x00, 0x00, 0x00, 0x00, 0x00, 0x00, 0x00, 
    0x00, 0x00, 0x00, 0x00, 0x00, 0x00, 0x00, 0x00, 0x00, 0x00, 0x00, 0x00, 0x00, 0x00, 0x00, 0x00, 
    0x00, 0x00, 0x00, 0x00, 0x00, 0x00, 0x00, 0x00, 0x00, 0x00, 0x00, 0x00, 0x00, 0x00, 0x00, 0x00, 
    0x00, 0x00, 0x00, 0x00, 0x00, 0x00, 0x00, 0x00, 0x00, 0x00, 0x00, 0x00, 0x00, 0x00, 0x00, 0x00, 
    0x00, 0x00, 0x00, 0x00, 0x00, 0x20, 0x18, 0xE3, 0x29, 0x45, 0x31, 0xA6, 0x31, 0x86, 0x39, 0xE7, 
    0x42, 0x08, 0x42, 0x28, 0x4A, 0x49, 0x4A, 0x49, 0x4A, 0x69, 0x4A, 0x69, 0x4A, 0x6A, 0x4A, 0x69, 
    0x42, 0x29, 0x42, 0x08, 0x21, 0x04, 0x18, 0xE3, 0x18, 0xE3, 0x21, 0x04, 0x10, 0xA2, 0x08, 0x41, 
    0x00, 0x00, 0x00, 0x00, 0x00, 0x00, 0x00, 0x00, 0x00, 0x00, 0x00, 0x00, 0x00, 0x00, 0x00, 0x00, 
    0x00, 0x00, 0x00, 0x00, 0x00, 0x00, 0x00, 0x00, 0x00, 0x00, 0x00, 0x00, 0x00, 0x00, 0x00, 0x00, 
    0x00, 0x00, 0x00, 0x00, 0x00, 0x00, 0x00, 0x00, 0x00, 0x00, 0x00, 0x00, 0x00, 0x00, 0x00, 0x00, 
    0x00, 0x00, 0x00, 0x00, 0x00, 0x00, 0x00, 0x00, 0x00, 0x00, 0x00, 0x00, 0x00, 0x00, 0x00, 0x00, 
    0x00, 0x00, 0x00, 0x00, 0x00, 0x00, 0x00, 0x00, 0x00, 0x00, 0x00, 0x00, 0x00, 0x00, 0x00, 0x00, 
    0x00, 0x00, 0x00, 0x00, 0x00, 0x00, 0x00, 0x00, 0x00, 0x00, 0x00, 0x00, 0x00, 0x00, 0x00, 0x00, 
    0x00, 0x00, 0x00, 0x00, 0x00, 0x00, 0x00, 0x00, 0x00, 0x00, 0x00, 0x00, 0x00, 0x00, 0x00, 0x00, 
    0x00, 0x00, 0x00, 0x00, 0x00, 0x00, 0x00, 0x00, 0x00, 0x00, 0x00, 0x00, 0x00, 0x00, 0x00, 0x00, 
    0x00, 0x00, 0x00, 0x00, 0x00, 0x00, 0x00, 0x00, 0x00, 0x00, 0x00, 0x00, 0x00, 0x00, 0x00, 0x00, 
    0x00, 0x00, 0x00, 0x00, 0x00, 0x00, 0x00, 0x00, 0x00, 0x00, 0x00, 0x00, 0x00, 0x00, 0x00, 0x00, 
    0x00, 0x00, 0x00, 0x00, 0x00, 0x00, 0x00, 0x00, 0x00, 0x00, 0x00, 0x00, 0x00, 0x00, 0x00, 0x00, 
    0x00, 0x00, 0x00, 0x00, 0x00, 0x00, 0x00, 0x00, 0x00, 0x00, 0x00, 0x00, 0x00, 0x00, 0x00, 0x00, 
    0x00, 0x00, 0x00, 0x00, 0x00, 0x00, 0x00, 0x00, 0x00, 0x00, 0x00, 0x00, 0x00, 0x00, 0x00, 0x20, 
    0x18, 0xE3, 0x29, 0x65, 0x10, 0xA2, 0x00, 0x00, 0x00, 0x00, 0x00, 0x00, 0x00, 0x00, 0x00, 0x00, 
    0x00, 0x00, 0x00, 0x00, 0x00, 0x00, 0x00, 0x00, 0x00, 0x00, 0x00, 0x00, 0x00, 0x00, 0x08, 0x82, 
    0x10, 0xA3, 0x00, 0x21, 0x08, 0x61, 0x08, 0x61, 0x08, 0x61, 0x08, 0x62, 0x10, 0x82, 0x21, 0x04, 
    0x31, 0xA6, 0x39, 0xC7, 0x10, 0xA2, 0x00, 0x00, 0x00, 0x00, 0x00, 0x00, 0x00, 0x00, 0x00, 0x00, 
    0x00, 0x00, 0x00, 0x00, 0x00, 0x00, 0x00, 0x00, 0x00, 0x00, 0x00, 0x00, 0x00, 0x00, 0x00, 0x00, 
    0x00, 0x00, 0x00, 0x00, 0x00, 0x00, 0x00, 0x00, 0x00, 0x00, 0x00, 0x00, 0x00, 0x00, 0x00, 0x00, 
    0x00, 0x00, 0x00, 0x00, 0x00, 0x00, 0x00, 0x00, 0x00, 0x00, 0x00, 0x00, 0x00, 0x00, 0x00, 0x00, 
    0x00, 0x00, 0x00, 0x00, 0x00, 0x00, 0x00, 0x00, 0x00, 0x00, 0x00, 0x00, 0x00, 0x00, 0x00, 0x00, 
    0x00, 0x00, 0x00, 0x00, 0x00, 0x00, 0x00, 0x00, 0x00, 0x00, 0x00, 0x00, 0x00, 0x00, 0x00, 0x00, 
    0x00, 0x00, 0x00, 0x00, 0x00, 0x00, 0x00, 0x00, 0x00, 0x00, 0x00, 0x00, 0x00, 0x00, 0x00, 0x00, 
    0x00, 0x00, 0x00, 0x00, 0x00, 0x00, 0x00, 0x00, 0x00, 0x00, 0x00, 0x00, 0x00, 0x00, 0x00, 0x00, 
    0x00, 0x00, 0x00, 0x00, 0x00, 0x00, 0x00, 0x00, 0x00, 0x00, 0x00, 0x00, 0x00, 0x00, 0x00, 0x00, 
    0x00, 0x00, 0x00, 0x00, 0x00, 0x00, 0x00, 0x00, 0x00, 0x00, 0x00, 0x00, 0x00, 0x00, 0x00, 0x00, 
    0x00, 0x00, 0x00, 0x00, 0x00, 0x00, 0x00, 0x00, 0x00, 0x00, 0x00, 0x00, 0x00, 0x00, 0x00, 0x00, 
    0x00, 0x00, 0x00, 0x00, 0x00, 0x00, 0x00, 0x00, 0x00, 0x00, 0x00, 0x00, 0x00, 0x00, 0x00, 0x00, 
    0x00, 0x00, 0x00, 0x00, 0x00, 0x00, 0x00, 0x00, 0x00, 0x00, 0x08, 0x61, 0x31, 0x86, 0x18, 0xE3, 
    0x00, 0x00, 0x00, 0x00, 0x00, 0x20, 0x29, 0x45, 0x42, 0x28, 0x63, 0x2C, 0x73, 0x8E, 0x73, 0x8E, 
    0x5A, 0xEB, 0x42, 0x08, 0x52, 0xAB, 0x42, 0x4A, 0x19, 0x05, 0x08, 0xA3, 0x00, 0x20, 0x00, 0x00, 
    0x00, 0x00, 0x00, 0x00, 0x00, 0x00, 0x00, 0x00, 0x00, 0x00, 0x00, 0x00, 0x00, 0x00, 0x00, 0x00, 
    0x00, 0x00, 0x00, 0x00, 0x18, 0xC3, 0x39, 0xE7, 0x00, 0x00, 0x00, 0x00, 0x00, 0x00, 0x00, 0x00, 
    0x00, 0x00, 0x00, 0x00, 0x00, 0x00, 0x00, 0x00, 0x00, 0x00, 0x00, 0x00, 0x00, 0x00, 0x00, 0x00, 
    0x00, 0x00, 0x00, 0x00, 0x00, 0x00, 0x00, 0x00, 0x00, 0x00, 0x00, 0x00, 0x00, 0x00, 0x00, 0x00, 
    0x00, 0x00, 0x00, 0x00, 0x00, 0x00, 0x00, 0x00, 0x00, 0x00, 0x00, 0x00, 0x00, 0x00, 0x00, 0x00, 
    0x00, 0x00, 0x00, 0x00, 0x00, 0x00, 0x00, 0x00, 0x00, 0x00, 0x00, 0x00, 0x00, 0x00, 0x00, 0x00, 
    0x00, 0x00, 0x00, 0x00, 0x00, 0x00, 0x00, 0x00, 0x00, 0x00, 0x00, 0x00, 0x00, 0x00, 0x00, 0x00, 
    0x00, 0x00, 0x00, 0x00, 0x00, 0x00, 0x00, 0x00, 0x00, 0x00, 0x00, 0x00, 0x00, 0x00, 0x00, 0x00, 
    0x00, 0x00, 0x00, 0x00, 0x00, 0x00, 0x00, 0x00, 0x00, 0x00, 0x00, 0x00, 0x00, 0x00, 0x00, 0x00, 
    0x00, 0x00, 0x00, 0x00, 0x00, 0x00, 0x00, 0x00, 0x00, 0x00, 0x00, 0x00, 0x00, 0x00, 0x00, 0x00, 
    0x00, 0x00, 0x00, 0x00, 0x00, 0x00, 0x00, 0x00, 0x00, 0x00, 0x00, 0x00, 0x00, 0x00, 0x00, 0x00, 
    0x00, 0x00, 0x00, 0x00, 0x00, 0x00, 0x00, 0x00, 0x00, 0x00, 0x00, 0x00, 0x00, 0x00, 0x00, 0x00, 
    0x00, 0x00, 0x00, 0x00, 0x00, 0x00, 0x00, 0x00, 0x00, 0x00, 0x00, 0x00, 0x00, 0x00, 0x00, 0x00, 
    0x00, 0x00, 0x00, 0x00, 0x00, 0x00, 0x10, 0xA2, 0x39, 0xE7, 0x10, 0xA2, 0x00, 0x00, 0x00, 0x00, 
    0x29, 0x65, 0x7B, 0xCF, 0xB5, 0xB7, 0xCE, 0x7A, 0xC6, 0x39, 0xBE, 0x19, 0xAD, 0x97, 0xA5, 0x77, 
    0x94, 0xD4, 0x8C, 0x73, 0x84, 0x51, 0x5B, 0x0D, 0x52, 0xCB, 0x21, 0x24, 0x29, 0x65, 0x31, 0xC7, 
    0x42, 0x08, 0x5A, 0xEB, 0x6B, 0x6D, 0x6B, 0x4D, 0x5A, 0xCB, 0x4A, 0x8A, 0x52, 0xAB, 0x42, 0x08, 
    0x29, 0x45, 0x00, 0x20, 0x00, 0x00, 0x00, 0x00, 0x39, 0xE7, 0x00, 0x20, 0x00, 0x00, 0x00, 0x00, 
    0x00, 0x00, 0x00, 0x00, 0x00, 0x00, 0x00, 0x00, 0x00, 0x00, 0x00, 0x00, 0x00, 0x00, 0x00, 0x00, 
    0x00, 0x00, 0x00, 0x00, 0x00, 0x00, 0x00, 0x00, 0x00, 0x00, 0x00, 0x00, 0x00, 0x00, 0x00, 0x00, 
    0x00, 0x00, 0x00, 0x00, 0x00, 0x00, 0x00, 0x00, 0x00, 0x00, 0x00, 0x00, 0x00, 0x00, 0x00, 0x00, 
    0x00, 0x00, 0x00, 0x00, 0x00, 0x00, 0x00, 0x00, 0x00, 0x00, 0x00, 0x00, 0x00, 0x00, 0x00, 0x00, 
    0x00, 0x00, 0x00, 0x00, 0x00, 0x00, 0x00, 0x00, 0x00, 0x00, 0x00, 0x00, 0x00, 0x00, 0x00, 0x00, 
    0x00, 0x00, 0x00, 0x00, 0x00, 0x00, 0x00, 0x00, 0x00, 0x00, 0x00, 0x00, 0x00, 0x00, 0x00, 0x00, 
    0x00, 0x00, 0x00, 0x00, 0x00, 0x00, 0x00, 0x00, 0x00, 0x00, 0x00, 0x00, 0x00, 0x00, 0x00, 0x00, 
    0x00, 0x00, 0x00, 0x00, 0x00, 0x00, 0x00, 0x00, 0x00, 0x00, 0x00, 0x00, 0x00, 0x00, 0x00, 0x00, 
    0x00, 0x00, 0x00, 0x00, 0x00, 0x00, 0x00, 0x00, 0x00, 0x00, 0x00, 0x00, 0x00, 0x00, 0x00, 0x00, 
    0x00, 0x00, 0x00, 0x00, 0x00, 0x00, 0x00, 0x00, 0x00, 0x00, 0x00, 0x00, 0x00, 0x00, 0x00, 0x00, 
    0x00, 0x00, 0x00, 0x00, 0x00, 0x00, 0x00, 0x00, 0x00, 0x00, 0x00, 0x00, 0x00, 0x00, 0x00, 0x00, 
    0x00, 0x00, 0x18, 0xC3, 0x39, 0xE7, 0x10, 0xA2, 0x00, 0x00, 0x00, 0x00, 0x42, 0x28, 0x9C, 0xF4, 
    0xE7, 0x1C, 0xF7, 0xBE, 0xDE, 0xDB, 0xB5, 0x97, 0x94, 0xD3, 0x7C, 0x10, 0x6B, 0x8F, 0x8C, 0x93, 
    0x9D, 0x15, 0xAD, 0x77, 0xA5, 0x56, 0x7C, 0x31, 0x7C, 0x10, 0x8C, 0x51, 0x9C, 0xF4, 0xA5, 0x35, 
    0xA5, 0x35, 0xAD, 0x76, 0xAD, 0x76, 0x9D, 0x35, 0xA5, 0x35, 0xAD, 0x76, 0xBE, 0x18, 0x9C, 0xF4, 
    0x52, 0xCC, 0x42, 0x49, 0x31, 0x86, 0x00, 0x00, 0x00, 0x00, 0x39, 0xE7, 0x00, 0x00, 0x00, 0x00, 
    0x00, 0x00, 0x00, 0x00, 0x00, 0x00, 0x00, 0x00, 0x00, 0x00, 0x00, 0x00, 0x00, 0x00, 0x00, 0x00, 
    0x00, 0x00, 0x00, 0x00, 0x00, 0x00, 0x00, 0x00, 0x00, 0x00, 0x00, 0x00, 0x00, 0x00, 0x00, 0x00, 
    0x00, 0x00, 0x00, 0x00, 0x00, 0x00, 0x00, 0x00, 0x00, 0x00, 0x00, 0x00, 0x00, 0x00, 0x00, 0x00, 
    0x00, 0x00, 0x00, 0x00, 0x00, 0x00, 0x00, 0x00, 0x00, 0x00, 0x00, 0x00, 0x00, 0x00, 0x00, 0x00, 
    0x00, 0x00, 0x00, 0x00, 0x00, 0x00, 0x00, 0x00, 0x00, 0x00, 0x00, 0x00, 0x00, 0x00, 0x00, 0x00, 
    0x00, 0x00, 0x00, 0x00, 0x00, 0x00, 0x00, 0x00, 0x00, 0x00, 0x00, 0x00, 0x00, 0x00, 0x00, 0x00, 
    0x00, 0x00, 0x00, 0x00, 0x00, 0x00, 0x00, 0x00, 0x00, 0x00, 0x00, 0x00, 0x00, 0x00, 0x00, 0x00, 
    0x00, 0x00, 0x00, 0x00, 0x00, 0x00, 0x00, 0x00, 0x00, 0x00, 0x00, 0x00, 0x00, 0x00, 0x00, 0x00, 
    0x00, 0x00, 0x00, 0x00, 0x00, 0x00, 0x00, 0x00, 0x00, 0x00, 0x00, 0x00, 0x00, 0x00, 0x00, 0x00, 
    0x00, 0x00, 0x00, 0x00, 0x00, 0x00, 0x00, 0x00, 0x00, 0x00, 0x00, 0x00, 0x00, 0x00, 0x00, 0x00, 
    0x00, 0x20, 0x08, 0x61, 0x10, 0x82, 0x18, 0xE3, 0x18, 0xE3, 0x10, 0xA2, 0x21, 0x04, 0x31, 0x86, 
    0x31, 0xA6, 0x10, 0x82, 0x00, 0x00, 0x00, 0x00, 0x42, 0x08, 0x9C, 0xD3, 0xE7, 0x3D, 0xD6, 0xDB, 
    0xA5, 0x35, 0x63, 0x2C, 0x29, 0x45, 0x10, 0xA2, 0x08, 0x61, 0x08, 0x41, 0x08, 0x41, 0x10, 0xA2, 
    0x52, 0xAB, 0x9D, 0x15, 0xB5, 0xD8, 0xC6, 0x5A, 0xDE, 0xDC, 0xE7, 0x3D, 0xE7, 0x3D, 0xDE, 0xFC, 
    0xC6, 0x5A, 0xB5, 0xD8, 0xAD, 0x97, 0xB5, 0xD8, 0xD6, 0x9B, 0xEF, 0x9E, 0xFF, 0xFF, 0xFF, 0xFF, 
    0xD6, 0xBB, 0x63, 0x4E, 0x94, 0xB3, 0x63, 0x0C, 0x00, 0x00, 0x00, 0x00, 0x31, 0x86, 0x00, 0x00, 
    0x00, 0x00, 0x00, 0x00, 0x00, 0x00, 0x00, 0x00, 0x00, 0x00, 0x00, 0x00, 0x00, 0x00, 0x00, 0x00, 
    0x00, 0x00, 0x00, 0x00, 0x00, 0x00, 0x00, 0x00, 0x00, 0x00, 0x00, 0x00, 0x00, 0x00, 0x00, 0x00, 
    0x00, 0x00, 0x00, 0x00, 0x00, 0x00, 0x00, 0x00, 0x00, 0x00, 0x00, 0x00, 0x00, 0x00, 0x00, 0x00, 
    0x00, 0x00, 0x00, 0x00, 0x00, 0x00, 0x00, 0x00, 0x00, 0x00, 0x00, 0x00, 0x00, 0x00, 0x00, 0x00, 
    0x00, 0x00, 0x00, 0x00, 0x00, 0x00, 0x00, 0x00, 0x00, 0x00, 0x00, 0x00, 0x00, 0x00, 0x00, 0x00, 
    0x00, 0x00, 0x00, 0x00, 0x00, 0x00, 0x00, 0x00, 0x00, 0x00, 0x00, 0x00, 0x00, 0x00, 0x00, 0x00, 
    0x00, 0x00, 0x00, 0x00, 0x00, 0x00, 0x00, 0x00, 0x00, 0x00, 0x00, 0x00, 0x00, 0x00, 0x00, 0x00, 
    0x00, 0x00, 0x00, 0x20, 0x08, 0x41, 0x08, 0x61, 0x08, 0x61, 0x08, 0x61, 0x18, 0xC3, 0x18, 0xC3, 
    0x21, 0x04, 0x18, 0xC3, 0x18, 0xE3, 0x29, 0x45, 0x29, 0x65, 0x31, 0xA6, 0x21, 0x24, 0x21, 0x24, 
    0x31, 0xA6, 0x31, 0xA6, 0x39, 0xC7, 0x29, 0x45, 0x29, 0x45, 0x29, 0x45, 0x29, 0x45, 0x21, 0x04, 
    0x10, 0xA2, 0x10, 0x82, 0x08, 0x41, 0x08, 0x41, 0x00, 0x00, 0x00, 0x00, 0x00, 0x00, 0x00, 0x00, 
    0x00, 0x00, 0x00, 0x00, 0x31, 0xA6, 0x94, 0xD3, 0xD6, 0xBB, 0xC6, 0x39, 0x7B, 0xCF, 0x21, 0x24, 
    0x00, 0x00, 0x00, 0x00, 0x00, 0x00, 0x00, 0x00, 0x00, 0x00, 0x00, 0x00, 0x00, 0x00, 0x00, 0x00, 
    0x00, 0x00, 0x4A, 0x6A, 0x8C, 0x92, 0x7B, 0xEF, 0x73, 0xAF, 0x73, 0xAE, 0x6B, 0x8E, 0x6B, 0x6D, 
    0x63, 0x0C, 0x52, 0xCB, 0x63, 0x0C, 0x7B, 0xF0, 0xCE, 0x9A, 0xFF, 0xFF, 0xFF, 0xFF, 0xFF, 0xFF, 
    0xFF, 0xFF, 0xFF, 0xFF, 0xAD, 0x96, 0xC6, 0x19, 0x29, 0x65, 0x00, 0x00, 0x29, 0x65, 0x00, 0x20, 
    0x00, 0x00, 0x00, 0x00, 0x00, 0x00, 0x00, 0x00, 0x00, 0x00, 0x00, 0x00, 0x00, 0x00, 0x00, 0x00, 
    0x00, 0x00, 0x00, 0x00, 0x00, 0x00, 0x00, 0x00, 0x00, 0x00, 0x00, 0x00, 0x00, 0x00, 0x00, 0x00, 
    0x00, 0x00, 0x00, 0x00, 0x00, 0x00, 0x00, 0x00, 0x00, 0x00, 0x00, 0x00, 0x00, 0x00, 0x00, 0x00, 
    0x00, 0x00, 0x00, 0x00, 0x00, 0x00, 0x00, 0x00, 0x00, 0x00, 0x00, 0x00, 0x00, 0x00, 0x00, 0x00, 
    0x00, 0x00, 0x00, 0x00, 0x00, 0x00, 0x00, 0x00, 0x00, 0x00, 0x00, 0x00, 0x00, 0x00, 0x00, 0x00, 
    0x08, 0x41, 0x18, 0xC3, 0x21, 0x04, 0x21, 0x24, 0x39, 0xC7, 0x39, 0xC7, 0x39, 0xE7, 0x42, 0x28, 
    0x42, 0x28, 0x4A, 0x49, 0x42, 0x08, 0x42, 0x08, 0x39, 0xC7, 0x39, 0xC7, 0x31, 0x86, 0x21, 0x24, 
    0x21, 0x04, 0x21, 0x04, 0x18, 0xC3, 0x10, 0xA2, 0x08, 0x41, 0x00, 0x41, 0x00, 0x20, 0x00, 0x00, 
    0x00, 0x00, 0x00, 0x00, 0x00, 0x00, 0x00, 0x00, 0x00, 0x00, 0x00, 0x00, 0x00, 0x00, 0x00, 0x00, 
    0x00, 0x00, 0x00, 0x00, 0x00, 0x00, 0x00, 0x00, 0x00, 0x00, 0x00, 0x00, 0x00, 0x00, 0x00, 0x00, 
    0x00, 0x00, 0x08, 0x61, 0x00, 0x20, 0x08, 0x41, 0x10, 0xA2, 0x18, 0xE3, 0x21, 0x24, 0x31, 0xA6, 
    0x52, 0xAA, 0x9C, 0xD3, 0xCE, 0x9A, 0xBD, 0xF8, 0x63, 0x2D, 0x18, 0xC3, 0x00, 0x00, 0x00, 0x00, 
    0x00, 0x00, 0x00, 0x63, 0x00, 0xC6, 0x01, 0x29, 0x01, 0x4A, 0x01, 0x4A, 0x01, 0x49, 0x00, 0x21, 
    0x00, 0x00, 0x00, 0x20, 0x00, 0x20, 0x00, 0x00, 0x00, 0x00, 0x00, 0x00, 0x00, 0x00, 0x00, 0x00, 
    0x00, 0x00, 0x00, 0x00, 0x00, 0x00, 0x00, 0x20, 0x39, 0xC7, 0x94, 0x92, 0x94, 0xB3, 0xF7, 0x9E, 
    0xFF, 0xFF, 0xFF, 0xFF, 0xF7, 0x9E, 0x63, 0x4E, 0x7B, 0xD0, 0x10, 0xA3, 0x00, 0x41, 0x21, 0x24, 
    0x00, 0x00, 0x00, 0x00, 0x00, 0x00, 0x00, 0x00, 0x00, 0x00, 0x00, 0x00, 0x00, 0x00, 0x00, 0x00, 
    0x00, 0x00, 0x00, 0x00, 0x00, 0x00, 0x00, 0x00, 0x00, 0x00, 0x00, 0x00, 0x00, 0x00, 0x00, 0x00, 
    0x00, 0x00, 0x00, 0x00, 0x00, 0x00, 0x00, 0x00, 0x00, 0x00, 0x00, 0x00, 0x00, 0x00, 0x00, 0x00, 
    0x00, 0x00, 0x00, 0x00, 0x00, 0x00, 0x00, 0x00, 0x00, 0x00, 0x00, 0x00, 0x00, 0x00, 0x00, 0x00, 
    0x00, 0x00, 0x00, 0x00, 0x00, 0x00, 0x00, 0x00, 0x00, 0x00, 0x10, 0x82, 0x31, 0xA6, 0x29, 0x45, 
    0x10, 0xA2, 0x08, 0x40, 0x00, 0x00, 0x00, 0x00, 0x00, 0x00, 0x00, 0x00, 0x00, 0x00, 0x00, 0x00, 
    0x00, 0x00, 0x00, 0x00, 0x00, 0x00, 0x00, 0x00, 0x00, 0x00, 0x00, 0x00, 0x00, 0x00, 0x00, 0x00, 
    0x00, 0x00, 0x00, 0x20, 0x08, 0x41, 0x08, 0x41, 0x08, 0x61, 0x10, 0x82, 0x10, 0xA2, 0x18, 0xE3, 
    0x21, 0x24, 0x29, 0x65, 0x31, 0xA6, 0x39, 0xC7, 0x39, 0xC7, 0x42, 0x08, 0x4A, 0x49, 0x4A, 0x69, 
    0x4A, 0x69, 0x52, 0x8A, 0x4A, 0x8A, 0x4A, 0x8A, 0x4A, 0x8A, 0x6B, 0x4D, 0x21, 0x04, 0x08, 0x82, 
    0x94, 0xB3, 0xDE, 0xFC, 0xDE, 0xFC, 0xDE, 0xFC, 0xE7, 0x3C, 0xE7, 0x5D, 0xE7, 0x3C, 0xE7, 0x1C, 
    0xDF, 0x1C, 0xC6, 0x59, 0x6B, 0x4D, 0x18, 0xC3, 0x00, 0x00, 0x00, 0x00, 0x00, 0x21, 0x00, 0xE7, 
    0x01, 0x6B, 0x00, 0xE7, 0x00, 0xA5, 0x00, 0x63, 0x00, 0x21, 0x00, 0x01, 0x00, 0xE6, 0x01, 0xAB, 
    0x00, 0x21, 0x00, 0x21, 0x00, 0x21, 0x00, 0x21, 0x00, 0x41, 0x00, 0x42, 0x00, 0x62, 0x00, 0x42, 
    0x00, 0x42, 0x00, 0x62, 0x00, 0x42, 0x00, 0x00, 0x00, 0x00, 0x00, 0x00, 0x08, 0x41, 0x94, 0x93, 
    0xFF, 0xFF, 0xFF, 0xFF, 0xFF, 0xFF, 0xB5, 0x96, 0x84, 0x52, 0x31, 0xC7, 0x00, 0x00, 0x31, 0xA6, 
    0x00, 0x00, 0x00, 0x00, 0x00, 0x00, 0x00, 0x00, 0x00, 0x00, 0x00, 0x00, 0x00, 0x00, 0x00, 0x00, 
    0x00, 0x00, 0x00, 0x00, 0x00, 0x00, 0x00, 0x00, 0x00, 0x00, 0x00, 0x00, 0x00, 0x00, 0x00, 0x00, 
    0x00, 0x00, 0x00, 0x00, 0x00, 0x00, 0x00, 0x00, 0x00, 0x00, 0x00, 0x00, 0x00, 0x00, 0x00, 0x00, 
    0x00, 0x00, 0x00, 0x00, 0x00, 0x00, 0x00, 0x00, 0x00, 0x00, 0x00, 0x00, 0x00, 0x00, 0x00, 0x00, 
    0x00, 0x00, 0x00, 0x00, 0x00, 0x00, 0x00, 0x00, 0x39, 0xC7, 0x10, 0xC3, 0x00, 0x00, 0x00, 0x00, 
    0x08, 0x61, 0x29, 0x25, 0x31, 0xA6, 0x42, 0x08, 0x42, 0x28, 0x52, 0x8A, 0x52, 0xAB, 0x5A, 0xEB, 
    0x63, 0x2C, 0x6B, 0x4D, 0x6B, 0x6D, 0x73, 0x8E, 0x6B, 0x8E, 0x6B, 0x8E, 0x73, 0x8E, 0x6B, 0x6D, 
    0x63, 0x2D, 0x5B, 0x0C, 0x63, 0x0C, 0x5B, 0x0C, 0x63, 0x4D, 0x6B, 0x8E, 0x6B, 0x6D, 0x63, 0x2C, 
    0x63, 0x0C, 0x63, 0x0C, 0x5A, 0xEC, 0x52, 0xAB, 0x4A, 0x6A, 0x4A, 0x69, 0x42, 0x49, 0x39, 0xE8, 
    0x39, 0xC7, 0x39, 0xE8, 0x31, 0xC7, 0x29, 0x45, 0x29, 0x66, 0x21, 0x04, 0x21, 0x04, 0xAD, 0x76, 
    0xBD, 0xF8, 0x73, 0xCF, 0x73, 0x8E, 0x73, 0xAE, 0x6B, 0x4D, 0x63, 0x2D, 0x63, 0x2D, 0x5A, 0xEB, 
    0x5A, 0xEC, 0x29, 0x65, 0x00, 0x00, 0x00, 0x00, 0x00, 0x42, 0x01, 0x29, 0x01, 0x49, 0x00, 0xA5, 
    0x00, 0x21, 0x00, 0x00, 0x00, 0x00, 0x00, 0x00, 0x00, 0x00, 0x00, 0x00, 0x00, 0x00, 0x01, 0xAA, 
    0x01, 0xEA, 0x01, 0xCA, 0x01, 0xC9, 0x01, 0x89, 0x01, 0x88, 0x01, 0x68, 0x01, 0x48, 0x01, 0x27, 
    0x01, 0x07, 0x01, 0x07, 0x01, 0x29, 0x01, 0x6B, 0x00, 0xC6, 0x00, 0x00, 0x00, 0x00, 0x31, 0x86, 
    0xA5, 0x14, 0xFF, 0xFF, 0xFF, 0xFF, 0xE7, 0x3C, 0x5B, 0x0D, 0x3A, 0x08, 0x00, 0x00, 0x31, 0xC7, 
    0x00, 0x00, 0x00, 0x00, 0x00, 0x00, 0x00, 0x00, 0x00, 0x00, 0x00, 0x00, 0x00, 0x00, 0x00, 0x00, 
    0x00, 0x00, 0x00, 0x00, 0x00, 0x00, 0x00, 0x00, 0x00, 0x00, 0x00, 0x00, 0x00, 0x00, 0x00, 0x00, 
    0x00, 0x00, 0x00, 0x00, 0x00, 0x00, 0x00, 0x00, 0x00, 0x00, 0x00, 0x00, 0x00, 0x00, 0x00, 0x00, 
    0x00, 0x00, 0x00, 0x00, 0x00, 0x00, 0x00, 0x00, 0x00, 0x00, 0x00, 0x00, 0x00, 0x00, 0x00, 0x00, 
    0x00, 0x00, 0x00, 0x00, 0x10, 0xA2, 0x29, 0x86, 0x00, 0x00, 0x00, 0x00, 0x39, 0xE7, 0x6B, 0x8E, 
    0x73, 0xCF, 0x6B, 0x6E, 0x6B, 0x4D, 0x6B, 0x6E, 0x63, 0x0C, 0x5A, 0xCB, 0x4A, 0x6A, 0x42, 0x29, 
    0x42, 0x08, 0x39, 0xE8, 0x31, 0xA7, 0x29, 0x66, 0x29, 0x45, 0x21, 0x04, 0x21, 0x04, 0x21, 0x04, 
    0x18, 0xE4, 0x18, 0xC3, 0x10, 0xA3, 0x08, 0x82, 0x10, 0x82, 0x08, 0x41, 0x08, 0x41, 0x08, 0x42, 
    0x00, 0x21, 0x00, 0x21, 0x00, 0x00, 0x00, 0x00, 0x00, 0x00, 0x00, 0x21, 0x00, 0x00, 0x00, 0x01, 
    0x00, 0x22, 0x00, 0x01, 0x00, 0x42, 0x00, 0xC5, 0x00, 0x01, 0x10, 0xA3, 0x8C, 0x51, 0x9D, 0x14, 
    0x29, 0x45, 0x00, 0x00, 0x00, 0x00, 0x00, 0x00, 0x00, 0x00, 0x00, 0x00, 0x00, 0x00, 0x00, 0x00, 
    0x00, 0x00, 0x00, 0x00, 0x00, 0x42, 0x01, 0x49, 0x01, 0x49, 0x00, 0xA5, 0x00, 0x00, 0x00, 0x00, 
    0x00, 0x01, 0x00, 0x01, 0x00, 0x01, 0x00, 0x01, 0x00, 0x00, 0x00, 0x00, 0x00, 0x00, 0x00, 0x00, 
    0x00, 0x00, 0x00, 0x00, 0x00, 0x00, 0x00, 0x00, 0x00, 0x00, 0x00, 0x00, 0x00, 0x00, 0x00, 0x00, 
    0x00, 0x00, 0x00, 0x00, 0x00, 0x00, 0x00, 0x21, 0x01, 0x2A, 0x01, 0x09, 0x00, 0x00, 0x00, 0x00, 
    0x4A, 0x8A, 0xF7, 0x9E, 0xF7, 0xBF, 0xDE, 0xDB, 0x52, 0xCC, 0x4A, 0x49, 0x00, 0x00, 0x39, 0xE7, 
    0x00, 0x00, 0x00, 0x00, 0x00, 0x00, 0x00, 0x00, 0x00, 0x00, 0x00, 0x00, 0x00, 0x00, 0x00, 0x00, 
    0x00, 0x00, 0x00, 0x00, 0x00, 0x00, 0x00, 0x00, 0x00, 0x00, 0x00, 0x00, 0x00, 0x00, 0x00, 0x00, 
    0x00, 0x00, 0x00, 0x00, 0x00, 0x00, 0x00, 0x00, 0x00, 0x00, 0x00, 0x00, 0x00, 0x00, 0x00, 0x00, 
    0x00, 0x00, 0x00, 0x00, 0x00, 0x00, 0x00, 0x00, 0x00, 0x00, 0x00, 0x00, 0x00, 0x00, 0x00, 0x00, 
    0x00, 0x00, 0x18, 0xC3, 0x21, 0x24, 0x00, 0x00, 0x18, 0xE4, 0x6B, 0x6D, 0x6B, 0x6D, 0x31, 0x86, 
    0x08, 0x61, 0x00, 0x01, 0x00, 0x01, 0x00, 0x00, 0x00, 0x00, 0x00, 0x00, 0x00, 0x21, 0x00, 0x21, 
    0x00, 0x42, 0x00, 0x42, 0x00, 0x63, 0x00, 0x83, 0x00, 0xA3, 0x00, 0xC5, 0x00, 0xC4, 0x00, 0xE5, 
    0x01, 0x26, 0x09, 0x26, 0x11, 0x46, 0x19, 0x67, 0x09, 0x66, 0x01, 0x46, 0x19, 0x66, 0x19, 0x66, 
    0x19, 0x66, 0x19, 0x45, 0x11, 0x45, 0x11, 0x66, 0x19, 0x66, 0x19, 0x65, 0x00, 0xE5, 0x01, 0x08, 
    0x00, 0xE7, 0x00, 0xC5, 0x01, 0x48, 0x01, 0x27, 0x00, 0x21, 0x08, 0x62, 0x00, 0x20, 0x00, 0x00, 
    0x00, 0x00, 0x00, 0x00, 0x00, 0x22, 0x00, 0x83, 0x00, 0x63, 0x00, 0xA4, 0x00, 0xC5, 0x00, 0xE5, 
    0x01, 0x06, 0x01, 0x28, 0x01, 0x49, 0x00, 0xA5, 0x00, 0x01, 0x00, 0x01, 0x29, 0x40, 0x31, 0x80, 
    0x31, 0xA0, 0x29, 0x60, 0x21, 0x40, 0x19, 0x21, 0x00, 0x62, 0x21, 0x04, 0x21, 0x03, 0x21, 0x04, 
    0x21, 0x04, 0x18, 0xE3, 0x18, 0xE3, 0x18, 0xE4, 0x18, 0xC4, 0x18, 0xC3, 0x10, 0xA3, 0x18, 0xE4, 
    0x29, 0x45, 0x00, 0x21, 0x00, 0x22, 0x00, 0x00, 0x00, 0x00, 0x01, 0x09, 0x00, 0x85, 0x00, 0x00, 
    0x21, 0x25, 0xB5, 0xD7, 0xDF, 0x1C, 0xBD, 0xF8, 0x6B, 0x6E, 0x4A, 0x49, 0x00, 0x00, 0x31, 0xA6, 
    0x00, 0x00, 0x00, 0x00, 0x00, 0x00, 0x00, 0x00, 0x00, 0x00, 0x00, 0x00, 0x00, 0x00, 0x00, 0x00, 
    0x00, 0x00, 0x00, 0x00, 0x00, 0x00, 0x00, 0x00, 0x00, 0x00, 0x00, 0x00, 0x00, 0x00, 0x00, 0x00, 
    0x00, 0x00, 0x00, 0x00, 0x00, 0x00, 0x00, 0x00, 0x00, 0x00, 0x00, 0x00, 0x00, 0x00, 0x00, 0x00, 
    0x00, 0x00, 0x00, 0x00, 0x00, 0x00, 0x00, 0x00, 0x00, 0x00, 0x00, 0x00, 0x00, 0x00, 0x00, 0x00, 
    0x18, 0xE3, 0x18, 0xE4, 0x00, 0x00, 0x21, 0x24, 0x73, 0xAF, 0x4A, 0x6A, 0x00, 0x01, 0x00, 0x62, 
    0x09, 0x66, 0x02, 0x09, 0x02, 0x0A, 0x01, 0xEA, 0x01, 0xA8, 0x01, 0xE9, 0x02, 0x0A, 0x01, 0xE9, 
    0x01, 0xEA, 0x01, 0xCA, 0x01, 0x88, 0x01, 0xA9, 0x01, 0x88, 0x01, 0x67, 0x01, 0x26, 0x01, 0x46, 
    0x22, 0x46, 0x32, 0x65, 0x32, 0x24, 0x31, 0xE4, 0x21, 0x84, 0x19, 0x66, 0x19, 0x04, 0x10, 0xC3, 
    0x08, 0x62, 0x08, 0x62, 0x08, 0x82, 0x08, 0xA3, 0x08, 0xA3, 0x10, 0x83, 0x18, 0xE4, 0x18, 0xC3, 
    0x20, 0xE4, 0x08, 0x83, 0x00, 0x01, 0x00, 0x00, 0x00, 0x01, 0x00, 0x01, 0x29, 0xA2, 0x29, 0x82, 
    0x31, 0xA3, 0x21, 0x63, 0x00, 0x01, 0x00, 0x02, 0x00, 0x24, 0x00, 0x44, 0x00, 0x44, 0x00, 0x44, 
    0x00, 0x65, 0x00, 0x24, 0x00, 0x00, 0x00, 0x00, 0x00, 0x21, 0x31, 0xC1, 0x39, 0xE1, 0x18, 0xA0, 
    0x10, 0xA0, 0x10, 0x81, 0x08, 0x60, 0x08, 0x61, 0x00, 0x02, 0x08, 0x63, 0x08, 0x42, 0x08, 0x41, 
    0x08, 0x42, 0x08, 0x42, 0x08, 0x62, 0x10, 0x82, 0x10, 0x82, 0x10, 0xA2, 0x18, 0xC2, 0x08, 0x62, 
    0x18, 0xE4, 0x31, 0xC7, 0x00, 0x64, 0x00, 0x21, 0x00, 0x00, 0x00, 0x84, 0x01, 0x6A, 0x00, 0x00, 
    0x18, 0xC3, 0xA5, 0x55, 0xCE, 0x7A, 0xB5, 0xB7, 0x84, 0x51, 0x31, 0xA6, 0x00, 0x00, 0x31, 0xA6, 
    0x00, 0x00, 0x00, 0x00, 0x00, 0x00, 0x00, 0x00, 0x00, 0x00, 0x00, 0x00, 0x00, 0x00, 0x00, 0x00, 
    0x00, 0x00, 0x00, 0x00, 0x00, 0x00, 0x00, 0x00, 0x00, 0x00, 0x00, 0x00, 0x00, 0x00, 0x00, 0x00, 
    0x00, 0x00, 0x00, 0x00, 0x00, 0x00, 0x00, 0x00, 0x00, 0x00, 0x00, 0x00, 0x00, 0x00, 0x00, 0x00, 
    0x00, 0x00, 0x00, 0x00, 0x00, 0x00, 0x00, 0x00, 0x00, 0x00, 0x00, 0x00, 0x00, 0x00, 0x10, 0xA2, 
    0x29, 0x45, 0x00, 0x00, 0x21, 0x24, 0x73, 0xCF, 0x39, 0xC7, 0x00, 0x00, 0x01, 0xA8, 0x2A, 0x49, 
    0x00, 0x62, 0x00, 0x22, 0x00, 0x22, 0x00, 0x63, 0x00, 0x42, 0x00, 0x02, 0x00, 0x42, 0x08, 0x42, 
    0x08, 0x62, 0x00, 0x42, 0x00, 0x42, 0x08, 0x41, 0x08, 0x63, 0x08, 0x62, 0x08, 0x42, 0x31, 0x80, 
    0x29, 0x40, 0x10, 0xA0, 0x10, 0x81, 0x10, 0x81, 0x08, 0x61, 0x08, 0x62, 0x08, 0x62, 0x08, 0x62, 
    0x08, 0x63, 0x08, 0x63, 0x08, 0x83, 0x08, 0x83, 0x10, 0x83, 0x10, 0xA4, 0x10, 0xC4, 0x10, 0xA3, 
    0x08, 0x62, 0x21, 0x46, 0x00, 0x42, 0x00, 0x21, 0x00, 0x02, 0x7C, 0x26, 0xDF, 0xC2, 0xD7, 0xC3, 
    0xDF, 0xE3, 0x84, 0x64, 0x31, 0xC3, 0x3A, 0x03, 0x42, 0x43, 0x42, 0x63, 0x42, 0x64, 0x4A, 0x84, 
    0x4A, 0x84, 0x4A, 0xA4, 0x5B, 0x45, 0x39, 0xE2, 0x29, 0x60, 0x18, 0xC0, 0x08, 0x61, 0x8C, 0xA5, 
    0x95, 0x24, 0x9D, 0x65, 0xA5, 0xA5, 0xA5, 0xA4, 0xA5, 0xE5, 0xAE, 0x25, 0x5B, 0x23, 0x29, 0x60, 
    0xB6, 0x63, 0xB6, 0x84, 0xC6, 0xE4, 0xC7, 0x24, 0xC7, 0x03, 0xC7, 0x04, 0xD7, 0x44, 0x9D, 0x64, 
    0x00, 0x00, 0x19, 0x04, 0x21, 0x25, 0x00, 0x22, 0x00, 0x01, 0x00, 0x41, 0x01, 0xCA, 0x00, 0x00, 
    0x18, 0xE3, 0xAD, 0x96, 0xBE, 0x19, 0xAD, 0x76, 0x8C, 0x72, 0x21, 0x45, 0x00, 0x01, 0x31, 0x86, 
    0x00, 0x00, 0x00, 0x00, 0x00, 0x00, 0x00, 0x00, 0x00, 0x00, 0x00, 0x00, 0x00, 0x00, 0x00, 0x00, 
    0x00, 0x00, 0x00, 0x00, 0x00, 0x00, 0x00, 0x00, 0x00, 0x00, 0x00, 0x00, 0x00, 0x00, 0x00, 0x00, 
    0x00, 0x00, 0x00, 0x00, 0x00, 0x00, 0x00, 0x00, 0x00, 0x00, 0x00, 0x00, 0x00, 0x00, 0x00, 0x00, 
    0x00, 0x00, 0x00, 0x00, 0x00, 0x00, 0x00, 0x00, 0x00, 0x00, 0x00, 0x00, 0x00, 0x00, 0x39, 0xE7, 
    0x00, 0x00, 0x10, 0xC3, 0x7B, 0xAF, 0x39, 0xC7, 0x00, 0x00, 0x01, 0xC9, 0x21, 0xC4, 0x00, 0x00, 
    0x5B, 0x26, 0xB6, 0x25, 0xB6, 0x25, 0x9D, 0x44, 0x08, 0x41, 0x7C, 0x65, 0xBE, 0x84, 0xBE, 0xA5, 
    0x4A, 0x83, 0x00, 0x01, 0x00, 0x23, 0x08, 0x63, 0x08, 0x63, 0x08, 0x63, 0x10, 0x84, 0x08, 0x83, 
    0x00, 0x01, 0x63, 0x63, 0xB6, 0x07, 0xAE, 0x06, 0xAE, 0x05, 0xAE, 0x25, 0xB6, 0x44, 0xB6, 0x65, 
    0xBE, 0x86, 0xBE, 0xA5, 0xBE, 0xA4, 0xBE, 0xA4, 0xBE, 0xA4, 0xBE, 0xA4, 0xBE, 0xA4, 0xC6, 0xE5, 
    0x84, 0x87, 0x00, 0x02, 0x00, 0x22, 0x08, 0x83, 0x95, 0x06, 0xEF, 0xE2, 0xE7, 0xE1, 0xDF, 0xE1, 
    0xDF, 0xE1, 0xDF, 0xE3, 0xE7, 0xE4, 0xE7, 0xE3, 0xE7, 0xE3, 0xE7, 0xE2, 0xDF, 0xE3, 0xE7, 0xE4, 
    0xDF, 0xE3, 0xEF, 0xE3, 0xB6, 0x82, 0x29, 0xA0, 0x08, 0x60, 0x00, 0x00, 0x3A, 0x20, 0xE7, 0xE2, 
    0xE7, 0xE2, 0xD7, 0xC1, 0xC7, 0x01, 0xCF, 0x81, 0xDF, 0xE1, 0xE7, 0xE1, 0x74, 0x21, 0x74, 0x01, 
    0xE7, 0xE1, 0xDF, 0xE1, 0xBE, 0xA1, 0x9D, 0xA0, 0xB6, 0xA1, 0xDF, 0xE2, 0xE7, 0xE2, 0x9D, 0xA0, 
    0x00, 0x00, 0x08, 0x42, 0x31, 0xA7, 0x01, 0x27, 0x00, 0x21, 0x00, 0x82, 0x01, 0xC9, 0x00, 0x00, 
    0x39, 0xE8, 0xB5, 0xB7, 0xB5, 0xD8, 0x9D, 0x14, 0x7B, 0xF0, 0x10, 0xA3, 0x10, 0xC3, 0x10, 0xA2, 
    0x00, 0x00, 0x00, 0x00, 0x00, 0x00, 0x00, 0x00, 0x00, 0x00, 0x00, 0x00, 0x00, 0x00, 0x00, 0x00, 
    0x00, 0x00, 0x00, 0x00, 0x00, 0x00, 0x00, 0x00, 0x00, 0x00, 0x00, 0x00, 0x00, 0x00, 0x00, 0x00, 
    0x00, 0x00, 0x00, 0x00, 0x00, 0x00, 0x00, 0x00, 0x00, 0x00, 0x00, 0x00, 0x00, 0x00, 0x00, 0x00, 
    0x00, 0x00, 0x00, 0x00, 0x00, 0x00, 0x00, 0x00, 0x00, 0x00, 0x00, 0x00, 0x42, 0x28, 0x00, 0x00, 
    0x08, 0x62, 0x6B, 0x6E, 0x4A, 0x69, 0x00, 0x00, 0x01, 0xE9, 0x00, 0xC4, 0x00, 0x00, 0x42, 0x25, 
    0xDF, 0xA4, 0xE7, 0xE2, 0xE7, 0xE2, 0x3A, 0x20, 0x39, 0xE1, 0xDF, 0xE3, 0xDF, 0xE1, 0xDF, 0xE2, 
    0x9D, 0x83, 0x8D, 0x24, 0x95, 0x44, 0x95, 0x44, 0x95, 0x23, 0x95, 0x23, 0x9D, 0x84, 0x7C, 0x45, 
    0x00, 0x01, 0x9D, 0x61, 0xF7, 0xE2, 0xE7, 0xE2, 0xE7, 0xE2, 0xE7, 0xE1, 0xDF, 0xE2, 0xDF, 0xE2, 
    0xDF, 0xE1, 0xDF, 0xE1, 0xDF, 0xC1, 0xD7, 0xC2, 0xD7, 0xA2, 0xDF, 0xE2, 0xDF, 0xE2, 0xE7, 0xE2, 
    0xA5, 0xE2, 0x00, 0x00, 0x00, 0x00, 0x10, 0x82, 0x52, 0xC1, 0x42, 0x60, 0x42, 0x40, 0x3A, 0x20, 
    0x3A, 0x00, 0x3A, 0x00, 0x3A, 0x00, 0x3A, 0x00, 0x31, 0xE0, 0x52, 0xE1, 0xC7, 0x03, 0xD7, 0xE2, 
    0xDF, 0xE2, 0x9D, 0xA1, 0x08, 0x80, 0x00, 0x00, 0x00, 0x20, 0x00, 0x00, 0x7C, 0x60, 0xE7, 0xE2, 
    0xDF, 0xE2, 0x4A, 0xA0, 0x00, 0x00, 0x95, 0x41, 0xE7, 0xE2, 0xD7, 0xC2, 0x3A, 0x00, 0xAE, 0x21, 
    0xDF, 0xE2, 0xD7, 0xA2, 0x19, 0x00, 0x00, 0x00, 0x8C, 0xE1, 0xE7, 0xE2, 0xDF, 0xE2, 0x74, 0x40, 
    0x00, 0x00, 0x10, 0xC4, 0x21, 0x04, 0x11, 0x25, 0x00, 0x00, 0x01, 0x46, 0x01, 0x67, 0x00, 0x00, 
    0x63, 0x2D, 0xB5, 0xD8, 0xB5, 0xB7, 0x94, 0x92, 0x63, 0x0C, 0x00, 0x21, 0x29, 0x66, 0x00, 0x00, 
    0x00, 0x00, 0x00, 0x00, 0x00, 0x00, 0x00, 0x00, 0x00, 0x00, 0x00, 0x00, 0x00, 0x00, 0x00, 0x00, 
    0x00, 0x00, 0x00, 0x00, 0x00, 0x00, 0x00, 0x00, 0x00, 0x00, 0x00, 0x00, 0x00, 0x00, 0x00, 0x00, 
    0x00, 0x00, 0x00, 0x00, 0x00, 0x00, 0x00, 0x00, 0x00, 0x00, 0x00, 0x00, 0x00, 0x00, 0x00, 0x00, 
    0x00, 0x00, 0x00, 0x00, 0x00, 0x00, 0x00, 0x00, 0x00, 0x00, 0x31, 0x86, 0x08, 0x62, 0x00, 0x20, 
    0x5A, 0xEB, 0x63, 0x2D, 0x00, 0x00, 0x01, 0xA8, 0x01, 0x46, 0x00, 0x00, 0x19, 0x03, 0xCF, 0x25, 
    0xDF, 0xE2, 0xDF, 0xE2, 0x6B, 0xE0, 0x00, 0x00, 0xAE, 0x22, 0xDF, 0xE2, 0xDF, 0xE2, 0xD7, 0xA2, 
    0xD7, 0xE1, 0xDF, 0xE1, 0xD7, 0xC1, 0xD7, 0xE1, 0xD7, 0xE1, 0xDF, 0xE2, 0xE7, 0xE2, 0xAE, 0x21, 
    0x00, 0x20, 0x29, 0x80, 0x3A, 0x40, 0x31, 0xE0, 0x31, 0xE0, 0x3A, 0x00, 0x31, 0xE0, 0x31, 0xE0, 
    0x29, 0xC0, 0x29, 0xA0, 0x29, 0x80, 0x21, 0x40, 0x52, 0xE1, 0xDF, 0xE2, 0xD7, 0xE3, 0xE7, 0xE3, 
    0x63, 0x80, 0x00, 0x00, 0x29, 0x81, 0x74, 0x22, 0x6B, 0xC2, 0x6B, 0xE2, 0x74, 0x22, 0x74, 0x42, 
    0x7C, 0x42, 0x7C, 0x62, 0x84, 0x82, 0x8C, 0xC3, 0x8C, 0xE3, 0xB6, 0x83, 0xE7, 0xE2, 0xDF, 0xE2, 
    0xD7, 0xC3, 0x9D, 0x84, 0x8C, 0xE5, 0x31, 0xA2, 0x00, 0x00, 0x00, 0x20, 0xB6, 0x62, 0xDF, 0xE2, 
    0xD7, 0xC3, 0x52, 0xE1, 0x42, 0x21, 0xC7, 0x02, 0xDF, 0xE2, 0xBE, 0xC1, 0x31, 0xA0, 0xD7, 0xA2, 
    0xDF, 0xE2, 0xC7, 0x22, 0x5B, 0x02, 0x5B, 0x02, 0xCF, 0x42, 0xDF, 0xE2, 0xDF, 0xE2, 0x42, 0x40, 
    0x00, 0x00, 0x18, 0xE3, 0x18, 0xC3, 0x18, 0xC3, 0x00, 0x00, 0x01, 0xA7, 0x00, 0x83, 0x00, 0x21, 
    0x84, 0x52, 0xB5, 0xD8, 0xA5, 0x35, 0x7B, 0xD0, 0x42, 0x08, 0x08, 0x62, 0x19, 0x04, 0x21, 0x24, 
    0x00, 0x00, 0x00, 0x00, 0x00, 0x00, 0x00, 0x00, 0x00, 0x00, 0x00, 0x00, 0x00, 0x00, 0x00, 0x00, 
    0x00, 0x00, 0x00, 0x00, 0x00, 0x00, 0x00, 0x00, 0x00, 0x00, 0x00, 0x00, 0x00, 0x00, 0x00, 0x00, 
    0x00, 0x00, 0x00, 0x00, 0x00, 0x00, 0x00, 0x00, 0x00, 0x00, 0x00, 0x00, 0x00, 0x00, 0x00, 0x00, 
    0x00, 0x00, 0x00, 0x00, 0x00, 0x00, 0x00, 0x00, 0x08, 0x61, 0x21, 0x45, 0x00, 0x00, 0x42, 0x08, 
    0x7B, 0xCF, 0x08, 0x41, 0x01, 0x26, 0x01, 0x88, 0x00, 0x00, 0x08, 0x62, 0xB6, 0x45, 0xE7, 0xE2, 
    0xDF, 0xE3, 0xB6, 0x42, 0x08, 0x40, 0x4A, 0x80, 0xDF, 0xE2, 0xE7, 0xE2, 0x9D, 0xA1, 0x21, 0x20, 
    0x19, 0x20, 0x19, 0x20, 0x18, 0xE0, 0x19, 0x00, 0x9D, 0x61, 0xDF, 0xE2, 0xE7, 0xE2, 0x5B, 0x60, 
    0x00, 0x00, 0x21, 0x42, 0x31, 0xA3, 0x31, 0xC2, 0x29, 0x61, 0x00, 0x00, 0x00, 0x00, 0x00, 0x00, 
    0x00, 0x00, 0x00, 0x00, 0x00, 0x00, 0x00, 0x00, 0x74, 0x01, 0xE7, 0xE3, 0xD7, 0xE3, 0xD7, 0xA2, 
    0x31, 0xC0, 0x00, 0x00, 0x63, 0x40, 0xDF, 0xC2, 0xD7, 0xA2, 0xD7, 0x82, 0xCF, 0x62, 0xCF, 0x42, 
    0xCF, 0x42, 0xC7, 0x22, 0xC7, 0x01, 0xBE, 0xE1, 0xBE, 0xC1, 0xB6, 0x81, 0xAE, 0x21, 0xB6, 0x81, 
    0xD7, 0xC2, 0xDF, 0xE2, 0xEF, 0xE2, 0x63, 0x81, 0x00, 0x00, 0x19, 0x00, 0xDF, 0xC3, 0xE7, 0xE3, 
    0xE7, 0xE3, 0xE7, 0xE3, 0xEF, 0xE3, 0xE7, 0xE2, 0xDF, 0xC2, 0x6B, 0xC0, 0x39, 0xE0, 0xE7, 0xE3, 
    0xDF, 0xE2, 0xD7, 0xC2, 0xD7, 0xC2, 0xD7, 0xC2, 0xD7, 0xA2, 0xDF, 0xC3, 0x8D, 0x01, 0x10, 0xA0, 
    0x00, 0x00, 0x21, 0x04, 0x21, 0x45, 0x10, 0xA3, 0x00, 0x00, 0x01, 0xA8, 0x00, 0x00, 0x21, 0x45, 
    0xAD, 0x76, 0xAD, 0xB7, 0x84, 0x31, 0x5B, 0x0D, 0x63, 0x2C, 0x08, 0xA3, 0x00, 0x00, 0x08, 0x40, 
    0x18, 0xE3, 0x21, 0x24, 0x39, 0xC6, 0x29, 0x65, 0x00, 0x00, 0x00, 0x00, 0x00, 0x00, 0x00, 0x00, 
    0x00, 0x00, 0x00, 0x00, 0x00, 0x00, 0x00, 0x00, 0x00, 0x00, 0x00, 0x00, 0x00, 0x00, 0x00, 0x00, 
    0x00, 0x00, 0x00, 0x00, 0x00, 0x00, 0x00, 0x00, 0x00, 0x00, 0x00, 0x00, 0x00, 0x00, 0x00, 0x00, 
    0x00, 0x00, 0x00, 0x00, 0x00, 0x00, 0x00, 0x00, 0x39, 0xE7, 0x00, 0x00, 0x29, 0x66, 0x7C, 0x10, 
    0x18, 0xE3, 0x00, 0xA3, 0x01, 0xEA, 0x00, 0x00, 0x00, 0x01, 0x95, 0x26, 0xE7, 0xE3, 0xD7, 0xE2, 
    0xD7, 0xE2, 0xCF, 0x43, 0x42, 0x21, 0xC7, 0x22, 0xEF, 0xE2, 0xDF, 0xE2, 0x31, 0xC0, 0x18, 0xC0, 
    0x84, 0xA3, 0x8C, 0xC5, 0x7C, 0x64, 0x21, 0x20, 0xCF, 0x61, 0xE7, 0xE2, 0xC7, 0x01, 0x21, 0x20, 
    0x18, 0xC0, 0xD7, 0x83, 0xDF, 0xE4, 0xE7, 0xE4, 0x95, 0x42, 0x00, 0x00, 0x00, 0x00, 0x00, 0x00, 
    0x00, 0x00, 0x00, 0x00, 0x00, 0x00, 0x00, 0x00, 0xAE, 0x42, 0xDF, 0xE3, 0xDF, 0xE3, 0xAE, 0x41, 
    0x08, 0x80, 0x00, 0x00, 0x18, 0xE0, 0x31, 0xC0, 0x31, 0xA0, 0x31, 0xA1, 0x31, 0xA1, 0x31, 0xA0, 
    0x31, 0xA0, 0x31, 0xA0, 0x31, 0xA0, 0x31, 0xA0, 0x31, 0xA0, 0x31, 0xC0, 0x31, 0xA0, 0x63, 0x61, 
    0xDF, 0xE2, 0xD7, 0xE2, 0xCF, 0x82, 0x29, 0xA0, 0x00, 0x00, 0x10, 0xC0, 0x63, 0xA0, 0x63, 0xA1, 
    0x5B, 0x61, 0x5B, 0x40, 0x53, 0x00, 0x52, 0xC0, 0x6B, 0xA1, 0x31, 0xC1, 0x42, 0x22, 0x52, 0xE1, 
    0x3A, 0x00, 0x7C, 0x21, 0x9D, 0x41, 0x9D, 0x42, 0x7C, 0x41, 0x29, 0xA0, 0x21, 0x80, 0x10, 0xC0, 
    0x00, 0x21, 0x08, 0x61, 0x29, 0x86, 0x00, 0x21, 0x00, 0xA3, 0x02, 0x09, 0x00, 0x00, 0x5A, 0xEB, 
    0xB5, 0xD8, 0xAD, 0x77, 0xB5, 0xB7, 0xA5, 0x14, 0x84, 0x31, 0x21, 0x25, 0x00, 0x00, 0x08, 0x41, 
    0x00, 0x20, 0x00, 0x00, 0x00, 0x00, 0x00, 0x00, 0x29, 0x24, 0x18, 0xE3, 0x00, 0x00, 0x00, 0x00, 
    0x00, 0x00, 0x00, 0x00, 0x00, 0x00, 0x00, 0x00, 0x00, 0x00, 0x00, 0x00, 0x00, 0x00, 0x00, 0x00, 
    0x00, 0x00, 0x00, 0x00, 0x00, 0x00, 0x00, 0x00, 0x00, 0x00, 0x00, 0x00, 0x00, 0x00, 0x00, 0x00, 
    0x00, 0x00, 0x00, 0x00, 0x21, 0x24, 0x31, 0xA6, 0x00, 0x00, 0x08, 0x61, 0x73, 0xAF, 0x39, 0xC7, 
    0x00, 0x42, 0x02, 0x4B, 0x00, 0x42, 0x00, 0x01, 0x7C, 0x45, 0xEF, 0xE2, 0xD7, 0xE2, 0xD7, 0xE2, 
    0xDF, 0xE3, 0xAE, 0x41, 0x29, 0x60, 0x63, 0x81, 0x5B, 0x00, 0x3A, 0x40, 0x00, 0x00, 0x63, 0x61, 
    0xEF, 0xE2, 0xEF, 0xE2, 0xB6, 0x61, 0x10, 0x60, 0x31, 0xE0, 0x31, 0xE0, 0x29, 0xC0, 0x00, 0x00, 
    0x42, 0x41, 0xE7, 0xE2, 0xD7, 0xE2, 0xE7, 0xE2, 0x63, 0x61, 0x00, 0x00, 0x00, 0x00, 0x00, 0x00, 
    0x00, 0x20, 0x08, 0x20, 0x08, 0x20, 0x29, 0x82, 0xD7, 0xA3, 0xD7, 0xE2, 0xE7, 0xE3, 0x84, 0xE1, 
    0x00, 0x00, 0x00, 0x00, 0x74, 0x20, 0xDF, 0xA1, 0xCF, 0x82, 0xD7, 0xA3, 0xD7, 0xA3, 0xD7, 0xA2, 
    0xD7, 0xC2, 0xD7, 0xC2, 0xD7, 0xC2, 0xD7, 0xC2, 0xD7, 0xE2, 0xDF, 0xE2, 0xDF, 0xE2, 0xDF, 0xE2, 
    0xD7, 0xE2, 0xDF, 0xE2, 0xA5, 0xE1, 0x00, 0x40, 0x00, 0x01, 0x00, 0x00, 0x00, 0x00, 0x00, 0x00, 
    0x00, 0x00, 0x00, 0x00, 0x00, 0x00, 0x39, 0xE0, 0xD7, 0x82, 0xD7, 0xC2, 0xE7, 0xE3, 0x42, 0x41, 
    0x00, 0x00, 0x7C, 0x41, 0xDF, 0xA2, 0xD7, 0xA2, 0x9D, 0xA1, 0x00, 0x00, 0x00, 0x00, 0x08, 0x40, 
    0x00, 0x00, 0x08, 0xA3, 0x11, 0x67, 0x00, 0x00, 0x01, 0x25, 0x01, 0x45, 0x00, 0x00, 0xA5, 0x14, 
    0xCE, 0x7B, 0xE7, 0x5D, 0xFF, 0xFF, 0xB5, 0xD7, 0x84, 0x31, 0x73, 0xAF, 0x73, 0xAF, 0x7B, 0xF0, 
    0x5A, 0xEB, 0x63, 0x4E, 0x63, 0x4D, 0x18, 0xE3, 0x00, 0x00, 0x10, 0x82, 0x29, 0x45, 0x00, 0x00, 
    0x00, 0x00, 0x00, 0x00, 0x00, 0x00, 0x00, 0x00, 0x00, 0x00, 0x00, 0x00, 0x00, 0x00, 0x00, 0x00, 
    0x00, 0x00, 0x00, 0x00, 0x00, 0x00, 0x00, 0x00, 0x00, 0x00, 0x00, 0x00, 0x00, 0x00, 0x00, 0x00, 
    0x18, 0xE3, 0x31, 0x86, 0x00, 0x00, 0x00, 0x00, 0x21, 0x04, 0x6B, 0x6E, 0x4A, 0x49, 0x00, 0x01, 
    0x02, 0x2B, 0x09, 0x03, 0x08, 0x40, 0x18, 0xC1, 0x84, 0xA2, 0x7C, 0x80, 0xCF, 0x42, 0xD7, 0xE2, 
    0xDF, 0xE2, 0x8D, 0x01, 0x00, 0x00, 0x42, 0x41, 0x6B, 0x83, 0x73, 0xE3, 0x21, 0x21, 0x8D, 0x21, 
    0xE7, 0xE3, 0xE7, 0xE2, 0x74, 0x00, 0x4A, 0x63, 0x6B, 0xA3, 0x63, 0x63, 0x08, 0x80, 0x00, 0x00, 
    0x6B, 0xC1, 0xE7, 0xE2, 0xD7, 0xE2, 0xD7, 0xE2, 0xBE, 0xC2, 0xAE, 0x43, 0xB6, 0x63, 0xB6, 0x83, 
    0xBE, 0xA4, 0xBE, 0xC3, 0xBE, 0xE4, 0xCF, 0x65, 0xDF, 0xE3, 0xDF, 0xE3, 0xE7, 0xE3, 0x4A, 0xC0, 
    0x00, 0x00, 0x00, 0x00, 0x39, 0xE0, 0x52, 0xE0, 0x4A, 0xC0, 0x4A, 0xA0, 0x4A, 0xA1, 0x4A, 0xA1, 
    0x4A, 0x81, 0x42, 0x81, 0x42, 0x61, 0x42, 0x61, 0x42, 0x61, 0x42, 0x41, 0x4A, 0xA1, 0xC7, 0x21, 
    0xD7, 0xE2, 0xE7, 0xE3, 0x74, 0x21, 0x00, 0x00, 0x18, 0xE1, 0x73, 0xE3, 0x73, 0xE2, 0x73, 0xE2, 
    0x74, 0x02, 0x74, 0x22, 0x74, 0x02, 0xAE, 0x23, 0xDF, 0xE2, 0xD7, 0xE2, 0xD7, 0xE2, 0x8C, 0xE2, 
    0x74, 0x41, 0x9D, 0x61, 0xAE, 0x22, 0xA5, 0xE1, 0xA5, 0xC1, 0x8C, 0xC3, 0x52, 0xE1, 0x00, 0x40, 
    0x00, 0x00, 0x00, 0x63, 0x00, 0x43, 0x00, 0x00, 0x01, 0xA7, 0x00, 0xA4, 0x00, 0x21, 0x52, 0xAB, 
    0xEF, 0x7E, 0xFF, 0xFF, 0xFF, 0xFF, 0xFF, 0xFF, 0xE7, 0x3D, 0xCE, 0x7A, 0xC6, 0x5A, 0xCE, 0x7A, 
    0xDF, 0x1C, 0xEF, 0x5D, 0x94, 0xD3, 0x63, 0x2D, 0x52, 0x8A, 0x00, 0x00, 0x21, 0x04, 0x10, 0x82, 
    0x00, 0x00, 0x00, 0x00, 0x00, 0x00, 0x00, 0x00, 0x00, 0x00, 0x00, 0x00, 0x00, 0x00, 0x00, 0x00, 
    0x00, 0x00, 0x00, 0x00, 0x00, 0x00, 0x00, 0x00, 0x00, 0x00, 0x00, 0x00, 0x00, 0x00, 0x31, 0x86, 
    0x08, 0x82, 0x00, 0x00, 0x21, 0x24, 0x52, 0xAB, 0x73, 0xAF, 0x4A, 0x6A, 0x00, 0x00, 0x01, 0xA9, 
    0x01, 0x47, 0x00, 0x00, 0x21, 0x40, 0x18, 0xE0, 0x00, 0x40, 0x18, 0xE0, 0xCF, 0x61, 0xD7, 0xE2, 
    0xDF, 0xE2, 0x5B, 0x60, 0x08, 0x60, 0xCF, 0x61, 0xEF, 0xE2, 0xC7, 0x41, 0x21, 0x20, 0xBE, 0xC2, 
    0xDF, 0xE3, 0xDF, 0xE2, 0x42, 0x60, 0xA5, 0xA2, 0xEF, 0xE2, 0xD7, 0xA2, 0x10, 0xA0, 0x00, 0x00, 
    0x9D, 0x81, 0xDF, 0xE2, 0xD7, 0xC2, 0xD7, 0xC2, 0xD7, 0xA2, 0xD7, 0xC2, 0xD7, 0xA2, 0xD7, 0xA2, 
    0xD7, 0xA2, 0xCF, 0x82, 0xCF, 0x62, 0xC7, 0x22, 0xC6, 0xE2, 0xC7, 0x03, 0x74, 0x21, 0x08, 0xA0, 
    0x00, 0x00, 0x3A, 0x00, 0xA5, 0xC2, 0xA5, 0xA3, 0xA5, 0xC3, 0xA5, 0xC2, 0xA5, 0xE2, 0xAE, 0x02, 
    0xAE, 0x22, 0xAE, 0x22, 0xAE, 0x22, 0xAE, 0x23, 0xAE, 0x42, 0xB6, 0x42, 0xBE, 0xA3, 0xDF, 0xE3, 
    0xE7, 0xE2, 0xD7, 0xA2, 0x3A, 0x20, 0x00, 0x00, 0x73, 0xE0, 0xFF, 0xE1, 0xEF, 0xE2, 0xEF, 0xE2, 
    0xEF, 0xE2, 0xE7, 0xE2, 0xE7, 0xE2, 0xDF, 0xE2, 0xD7, 0xC2, 0xD7, 0xC2, 0xD7, 0xE2, 0xDF, 0xE2, 
    0xE7, 0xE2, 0xE7, 0xE2, 0xDF, 0xE2, 0xDF, 0xE3, 0xDF, 0xE2, 0xF7, 0xE3, 0x95, 0x00, 0x29, 0x60, 
    0x10, 0x81, 0x42, 0x40, 0x18, 0xE0, 0x10, 0xA0, 0x12, 0x89, 0x11, 0x02, 0x00, 0x00, 0x10, 0xA2, 
    0x73, 0x8E, 0x6B, 0x4D, 0x63, 0x2C, 0x63, 0x0C, 0x5A, 0xCB, 0x5A, 0xEB, 0x8C, 0x72, 0xCE, 0x7A, 
    0xFF, 0xFF, 0xFF, 0xFF, 0xFF, 0xFF, 0xBD, 0xD7, 0xBE, 0x18, 0x42, 0x28, 0x00, 0x00, 0x39, 0xE7, 
    0x00, 0x00, 0x00, 0x00, 0x00, 0x00, 0x00, 0x00, 0x00, 0x00, 0x00, 0x00, 0x00, 0x00, 0x00, 0x00, 
    0x00, 0x00, 0x00, 0x00, 0x00, 0x00, 0x00, 0x00, 0x00, 0x00, 0x00, 0x00, 0x31, 0xA6, 0x00, 0x41, 
    0x00, 0x00, 0x52, 0x8A, 0x84, 0x51, 0x39, 0xE7, 0x08, 0x20, 0x00, 0x01, 0x01, 0xCA, 0x01, 0xA9, 
    0x00, 0x01, 0x00, 0x22, 0x18, 0xE1, 0x18, 0xE0, 0x00, 0x00, 0x4A, 0xA0, 0xDF, 0xE2, 0xD7, 0xE2, 
    0xCF, 0x82, 0x21, 0x20, 0x52, 0xC0, 0xDF, 0xE1, 0xDF, 0xE2, 0x6B, 0xC0, 0x21, 0x40, 0xDF, 0xC2, 
    0xDF, 0xE3, 0xD7, 0xA2, 0x19, 0x00, 0x9D, 0xA2, 0xE7, 0xE3, 0xC7, 0x42, 0x10, 0xA0, 0x08, 0x60, 
    0xC7, 0x21, 0xDF, 0xE2, 0xDF, 0xE2, 0x9D, 0x81, 0x19, 0x00, 0x21, 0x40, 0x21, 0x40, 0x21, 0x40, 
    0x21, 0x40, 0x19, 0x20, 0x19, 0x00, 0x19, 0x00, 0x10, 0xE0, 0x10, 0xC0, 0x11, 0x20, 0x08, 0xA0, 
    0x00, 0x00, 0x63, 0x60, 0xBE, 0x82, 0xB6, 0x62, 0xB6, 0x82, 0xBE, 0x82, 0xB6, 0x82, 0xB6, 0x81, 
    0xB6, 0x82, 0xBE, 0x82, 0xBE, 0x81, 0xB6, 0x81, 0xB6, 0x62, 0xAE, 0x41, 0xA6, 0x01, 0x9D, 0x81, 
    0x95, 0x41, 0x3A, 0x40, 0x00, 0x60, 0x00, 0x00, 0x42, 0x80, 0x63, 0x80, 0x5B, 0x40, 0x53, 0x00, 
    0x42, 0x60, 0x7C, 0x22, 0xD7, 0x82, 0xD7, 0xE2, 0xD7, 0xE2, 0xD7, 0xE2, 0xD7, 0xE2, 0xD7, 0x82, 
    0x6B, 0xA1, 0x3A, 0x00, 0x42, 0x60, 0x42, 0x60, 0x42, 0x80, 0x42, 0x80, 0x3A, 0x20, 0x29, 0x60, 
    0x10, 0x80, 0x31, 0xA0, 0x10, 0xA0, 0x10, 0x60, 0x0A, 0x29, 0x09, 0x85, 0x00, 0x00, 0x00, 0x00, 
    0x00, 0x00, 0x00, 0x00, 0x00, 0x00, 0x00, 0x00, 0x00, 0x00, 0x00, 0x00, 0x00, 0x00, 0x39, 0xE7, 
    0x8C, 0x92, 0xF7, 0x9E, 0xFF, 0xFF, 0xFF, 0xFF, 0x94, 0xB3, 0x63, 0x0C, 0x08, 0x82, 0x21, 0x25, 
    0x00, 0x00, 0x00, 0x00, 0x00, 0x00, 0x00, 0x00, 0x00, 0x00, 0x00, 0x00, 0x00, 0x00, 0x00, 0x00, 
    0x00, 0x00, 0x00, 0x00, 0x00, 0x00, 0x00, 0x00, 0x00, 0x00, 0x10, 0xA2, 0x19, 0x04, 0x00, 0x42, 
    0x5A, 0xEB, 0x6B, 0x6E, 0x18, 0xA3, 0x00, 0x42, 0x01, 0xA9, 0x02, 0x2C, 0x01, 0x68, 0x00, 0x21, 
    0x00, 0x22, 0x00, 0x42, 0x00, 0x01, 0x00, 0x21, 0x00, 0x00, 0x8C, 0xE1, 0xE7, 0xE2, 0xDF, 0xE2, 
    0xA6, 0x01, 0x00, 0x20, 0xB6, 0x62, 0xDF, 0xE2, 0xD7, 0x81, 0x19, 0x00, 0x4A, 0xC1, 0xE7, 0xE2, 
    0xDF, 0xE2, 0xAE, 0x61, 0x00, 0x00, 0xA5, 0xE2, 0xE7, 0xE2, 0xC7, 0x42, 0x10, 0xA0, 0x31, 0xC0, 
    0xDF, 0xE2, 0xD7, 0xE2, 0xDF, 0xE2, 0x5B, 0x60, 0x00, 0x00, 0x00, 0x00, 0x00, 0x00, 0x00, 0x00, 
    0x00, 0x00, 0x00, 0x00, 0x00, 0x00, 0x00, 0x00, 0x00, 0x00, 0x00, 0x00, 0x00, 0x00, 0x08, 0x40, 
    0x10, 0xA1, 0x52, 0xC1, 0x52, 0xC1, 0x39, 0xE0, 0x52, 0xC0, 0xB6, 0x42, 0xB6, 0x42, 0x8C, 0xE1, 
    0x00, 0x20, 0x94, 0xE1, 0xBE, 0xA2, 0xBE, 0xA2, 0x3A, 0x00, 0x00, 0x00, 0x31, 0xA0, 0x63, 0x41, 
    0x63, 0x62, 0x21, 0x41, 0x00, 0x20, 0x00, 0x01, 0x00, 0x00, 0x00, 0x00, 0x00, 0x00, 0x00, 0x00, 
    0x5B, 0x22, 0xCF, 0x43, 0xD7, 0xE2, 0xDF, 0xE2, 0xD7, 0xC2, 0xDF, 0xE2, 0xDF, 0xE2, 0xDF, 0xE2, 
    0xC6, 0xE2, 0x39, 0xE1, 0x00, 0x00, 0x00, 0x20, 0x08, 0x80, 0x08, 0x80, 0x19, 0x00, 0x00, 0x20, 
    0x08, 0x41, 0x00, 0x01, 0x00, 0x22, 0x00, 0x21, 0x00, 0x42, 0x02, 0x0A, 0x01, 0x67, 0x01, 0x26, 
    0x01, 0x05, 0x01, 0x25, 0x01, 0x05, 0x00, 0xE4, 0x00, 0xE5, 0x00, 0xA3, 0x00, 0x21, 0x00, 0x00, 
    0x00, 0x00, 0x73, 0x8E, 0xEF, 0x7D, 0xDE, 0xFC, 0x9D, 0x14, 0x63, 0x4E, 0x39, 0xE8, 0x08, 0x62, 
    0x00, 0x00, 0x00, 0x00, 0x00, 0x00, 0x00, 0x00, 0x00, 0x00, 0x00, 0x00, 0x00, 0x00, 0x00, 0x00, 
    0x00, 0x00, 0x00, 0x00, 0x00, 0x00, 0x00, 0x00, 0x00, 0x00, 0x39, 0xE7, 0x00, 0x00, 0x39, 0xC7, 
    0xC6, 0x18, 0x18, 0xA3, 0x01, 0x05, 0x02, 0xEF, 0x01, 0x06, 0x00, 0x21, 0x00, 0x01, 0x00, 0x42, 
    0x00, 0x42, 0x00, 0x42, 0x00, 0x21, 0x00, 0x01, 0x10, 0x80, 0xC7, 0x02, 0xDF, 0xE2, 0xDF, 0xE3, 
    0x6B, 0xE1, 0x3A, 0x00, 0xDF, 0xE2, 0xE7, 0xE2, 0x84, 0xA0, 0x00, 0x00, 0x84, 0xA1, 0xE7, 0xE3, 
    0xE7, 0xE2, 0x84, 0xA1, 0x00, 0x00, 0xA5, 0xE2, 0xE7, 0xE2, 0xC7, 0x22, 0x08, 0x60, 0x6B, 0xA1, 
    0xE7, 0xE2, 0xD7, 0xE2, 0xD7, 0xC2, 0x32, 0x00, 0x00, 0x00, 0x00, 0x00, 0x00, 0x00, 0x00, 0x00, 
    0x00, 0x00, 0x00, 0x00, 0x00, 0x00, 0x00, 0x00, 0x00, 0x00, 0x08, 0x81, 0x19, 0x00, 0x00, 0x20, 
    0x74, 0x01, 0xEF, 0xE3, 0xEF, 0xE2, 0x63, 0x80, 0x9D, 0x62, 0xE7, 0xE2, 0xEF, 0xE3, 0x8C, 0xE1, 
    0x00, 0x00, 0xA5, 0xE1, 0xEF, 0xE2, 0xEF, 0xE2, 0x52, 0xC0, 0x00, 0x00, 0x74, 0x21, 0xEF, 0xE2, 
    0xEF, 0xE2, 0x63, 0x81, 0x00, 0x00, 0x00, 0x42, 0x00, 0x01, 0x00, 0x00, 0x29, 0x41, 0xAD, 0xE2, 
    0xE7, 0xE2, 0xDF, 0xE2, 0xE7, 0xE2, 0xAE, 0x21, 0x29, 0x80, 0x63, 0x60, 0xE7, 0xE2, 0xDF, 0xE2, 
    0xDF, 0xE2, 0xD7, 0xC2, 0x6B, 0xC2, 0x08, 0x40, 0x08, 0xA0, 0x08, 0x60, 0x08, 0x40, 0x00, 0x01, 
    0x10, 0x82, 0x10, 0xC2, 0x00, 0x62, 0x08, 0x60, 0x00, 0x00, 0x00, 0x42, 0x01, 0x46, 0x01, 0x05, 
    0x01, 0x05, 0x01, 0x05, 0x01, 0x05, 0x00, 0xC4, 0x00, 0xC5, 0x09, 0x05, 0x11, 0x88, 0x00, 0x83, 
    0x00, 0x00, 0x00, 0x00, 0x94, 0xB3, 0xB5, 0xD8, 0xAD, 0x76, 0x9D, 0x14, 0x4A, 0x8A, 0x08, 0x62, 
    0x00, 0x00, 0x00, 0x00, 0x00, 0x00, 0x00, 0x00, 0x00, 0x00, 0x00, 0x00, 0x00, 0x00, 0x00, 0x00, 
    0x00, 0x00, 0x00, 0x00, 0x00, 0x00, 0x00, 0x00, 0x08, 0x41, 0x21, 0x25, 0x00, 0x20, 0x6B, 0x6D, 
    0x52, 0xAB, 0x00, 0x22, 0x02, 0x8E, 0x00, 0x63, 0x00, 0x01, 0x00, 0x01, 0x00, 0x21, 0x00, 0x42, 
    0x00, 0x41, 0x08, 0x61, 0x00, 0x42, 0x00, 0x01, 0x3A, 0x00, 0xDF, 0xE2, 0xD7, 0xE2, 0xDF, 0xE2, 
    0x42, 0x40, 0x95, 0x41, 0xEF, 0xE2, 0xDF, 0xE2, 0x29, 0xA0, 0x00, 0x00, 0xB6, 0x62, 0xDF, 0xE3, 
    0xDF, 0xE2, 0x4A, 0xC0, 0x00, 0x00, 0xA6, 0x01, 0xE7, 0xE2, 0xC7, 0x02, 0x08, 0x40, 0x95, 0x21, 
    0xE7, 0xE2, 0xDF, 0xE2, 0xC7, 0x22, 0x29, 0x60, 0x10, 0x80, 0x10, 0xA1, 0x10, 0xA1, 0x10, 0xA1, 
    0x10, 0xC1, 0x10, 0xC1, 0x18, 0xE1, 0x18, 0xE1, 0x18, 0xE0, 0x29, 0x80, 0x21, 0x40, 0x18, 0xE0, 
    0xCF, 0x42, 0xDF, 0xE2, 0xC7, 0x22, 0x29, 0x80, 0xC7, 0x42, 0xDF, 0xE2, 0xDF, 0xE2, 0x4A, 0x80, 
    0x00, 0x20, 0x4A, 0xA1, 0x6B, 0xA1, 0x6B, 0x81, 0x31, 0xA0, 0x08, 0x40, 0x63, 0x61, 0xE7, 0xE2, 
    0xE7, 0xE3, 0x73, 0xE1, 0x00, 0x01, 0x00, 0x02, 0x00, 0x22, 0x6B, 0x83, 0xD7, 0x63, 0xE7, 0xE2, 
    0xDF, 0xE2, 0xD7, 0xA2, 0x74, 0x20, 0x10, 0xA0, 0x00, 0x00, 0x00, 0x00, 0x53, 0x01, 0xDF, 0xA2, 
    0xDF, 0xE2, 0xD7, 0xE2, 0xE7, 0xE3, 0x8C, 0xE2, 0x10, 0xA0, 0x00, 0x00, 0x08, 0x60, 0x18, 0xE1, 
    0x10, 0x81, 0x18, 0xE3, 0x10, 0xA2, 0x00, 0x01, 0x00, 0x21, 0x00, 0x01, 0x00, 0x01, 0x00, 0x01, 
    0x00, 0x00, 0x00, 0x00, 0x00, 0x00, 0x00, 0x00, 0x00, 0x00, 0x00, 0x00, 0x00, 0x21, 0x09, 0x26, 
    0x00, 0x21, 0x00, 0x00, 0x63, 0x4D, 0xBD, 0xF9, 0xB5, 0xB7, 0x6B, 0x8E, 0x52, 0xAA, 0x08, 0xA3, 
    0x00, 0x00, 0x00, 0x00, 0x00, 0x00, 0x00, 0x00, 0x00, 0x00, 0x00, 0x00, 0x00, 0x00, 0x00, 0x00, 
    0x00, 0x00, 0x00, 0x00, 0x00, 0x00, 0x00, 0x00, 0x21, 0x24, 0x08, 0x61, 0x10, 0xC3, 0x5A, 0xEC, 
    0x10, 0x82, 0x01, 0x49, 0x01, 0xCB, 0x00, 0x00, 0x00, 0x42, 0x5B, 0x0C, 0x4A, 0x6A, 0x00, 0x42, 
    0x00, 0x42, 0x08, 0xA2, 0x10, 0xC1, 0x00, 0x00, 0x6B, 0xC1, 0xE7, 0xE2, 0xDF, 0xE3, 0xC7, 0x01, 
    0x42, 0x00, 0xBE, 0xA2, 0xBE, 0xC1, 0x8C, 0xE1, 0x08, 0x80, 0x63, 0x62, 0xD7, 0xC2, 0xDF, 0xE2, 
    0xDF, 0xE2, 0x29, 0xA0, 0x00, 0x00, 0xA5, 0xA1, 0xD7, 0x61, 0xA6, 0x00, 0x08, 0x40, 0xB6, 0x81, 
    0xE7, 0xE2, 0xDF, 0xE2, 0xD7, 0xC2, 0xC7, 0x21, 0xCF, 0x42, 0xCF, 0x42, 0xCF, 0x42, 0xCF, 0x42, 
    0xCF, 0x62, 0xCF, 0x62, 0xCF, 0x82, 0xCF, 0x82, 0xCF, 0x82, 0xD7, 0xA2, 0x63, 0x60, 0x63, 0xA1, 
    0xEF, 0xE3, 0xE7, 0xE3, 0x63, 0x60, 0x4A, 0xA1, 0xEF, 0xE2, 0xDF, 0xE2, 0xDF, 0xE2, 0xBE, 0xE2, 
    0xBE, 0xA3, 0xB6, 0x83, 0xAE, 0x42, 0xB6, 0x62, 0xC7, 0x03, 0x84, 0x81, 0x52, 0xE1, 0xEF, 0xE3, 
    0xEF, 0xE3, 0x8D, 0x02, 0x00, 0x01, 0x31, 0xA1, 0xAD, 0xE2, 0xEF, 0xE3, 0xE7, 0xE3, 0xE7, 0xE2, 
    0xB6, 0x41, 0x42, 0x80, 0x00, 0x20, 0x00, 0x00, 0x00, 0x00, 0x00, 0x00, 0x00, 0x00, 0x42, 0x40, 
    0xCF, 0x42, 0xE7, 0xE3, 0xE7, 0xE2, 0xEF, 0xE2, 0xBE, 0x81, 0x29, 0xA0, 0x00, 0x00, 0x21, 0x00, 
    0x21, 0x20, 0x08, 0x40, 0x18, 0xC0, 0x19, 0x02, 0x08, 0x82, 0x08, 0x81, 0x08, 0x81, 0x08, 0x81, 
    0x08, 0x81, 0x08, 0x81, 0x18, 0xC1, 0x52, 0xA0, 0x5B, 0x00, 0x10, 0xA1, 0x00, 0x00, 0x00, 0xE5, 
    0x00, 0xA4, 0x00, 0x00, 0x52, 0xCB, 0xCE, 0x7A, 0xB5, 0xB7, 0x63, 0x2D, 0x4A, 0x6A, 0x08, 0x83, 
    0x00, 0x00, 0x00, 0x00, 0x00, 0x00, 0x00, 0x00, 0x00, 0x00, 0x00, 0x00, 0x00, 0x00, 0x00, 0x00, 
    0x00, 0x00, 0x00, 0x00, 0x00, 0x00, 0x00, 0x00, 0x31, 0xA6, 0x00, 0x00, 0x18, 0xC3, 0x5A, 0xEC, 
    0x10, 0x41, 0x01, 0x6A, 0x01, 0x28, 0x00, 0x01, 0x08, 0x83, 0x63, 0x2C, 0x42, 0x28, 0x39, 0xE7, 
    0x39, 0xE6, 0x3A, 0x01, 0x31, 0xC0, 0x18, 0xE0, 0xAE, 0x01, 0xE7, 0xE2, 0xE7, 0xE2, 0x9D, 0xA2, 
    0x08, 0x40, 0x19, 0x00, 0x10, 0xC0, 0x08, 0x80, 0x95, 0x22, 0xEF, 0xE2, 0xDF, 0xE2, 0xDF, 0xC2, 
    0x8C, 0xE1, 0x10, 0xC0, 0x00, 0x00, 0x18, 0xE0, 0x29, 0x80, 0x29, 0xA0, 0x00, 0x20, 0x6B, 0xE1, 
    0xCF, 0x41, 0xC7, 0x42, 0xC7, 0x42, 0xCF, 0x61, 0xCF, 0x61, 0xC7, 0x62, 0xC7, 0x42, 0xC7, 0x42, 
    0xC7, 0x41, 0xC7, 0x41, 0xC7, 0x21, 0xC7, 0x21, 0xC7, 0x22, 0xB6, 0x81, 0x21, 0x00, 0x9D, 0xA1, 
    0xBE, 0xA1, 0xAE, 0x41, 0x18, 0xE0, 0x31, 0xA0, 0xB6, 0x62, 0xBE, 0xC1, 0xB6, 0xA1, 0xBE, 0xE2, 
    0xBE, 0xE1, 0xBE, 0xE1, 0xBE, 0xE1, 0xBE, 0xC2, 0xBE, 0xC1, 0x4A, 0xC0, 0x31, 0xE0, 0xB6, 0x62, 
    0xB6, 0x42, 0x73, 0xE1, 0x29, 0x60, 0xA5, 0x80, 0xAE, 0x21, 0x9D, 0xA1, 0xA5, 0xE1, 0x7C, 0xA0, 
    0x19, 0x00, 0x00, 0x20, 0x00, 0x00, 0x00, 0x21, 0x00, 0x00, 0x00, 0x00, 0x00, 0x00, 0x00, 0x00, 
    0x32, 0x00, 0x9D, 0x81, 0x9D, 0xA1, 0xB6, 0x61, 0xCF, 0x21, 0xAE, 0x20, 0x5B, 0x00, 0x39, 0xC0, 
    0x52, 0x80, 0x5A, 0xC0, 0x52, 0xA0, 0x73, 0xC1, 0x5B, 0x01, 0x5A, 0xE1, 0x5B, 0x00, 0x5B, 0x00, 
    0x5B, 0x00, 0x52, 0xE0, 0x73, 0xC0, 0x5B, 0x41, 0x42, 0x41, 0x29, 0x80, 0x00, 0x00, 0x08, 0xC4, 
    0x00, 0xE5, 0x00, 0x00, 0x6B, 0x6D, 0xE7, 0x3D, 0x9C, 0xF4, 0x5B, 0x0C, 0x29, 0x66, 0x00, 0x41, 
    0x00, 0x00, 0x00, 0x00, 0x00, 0x00, 0x00, 0x00, 0x00, 0x00, 0x00, 0x00, 0x00, 0x00, 0x00, 0x00, 
    0x00, 0x00, 0x00, 0x00, 0x00, 0x00, 0x00, 0x00, 0x31, 0xA6, 0x00, 0x00, 0x10, 0xA3, 0x4A, 0x6A, 
    0x10, 0x82, 0x01, 0x49, 0x01, 0x6A, 0x00, 0x01, 0x00, 0x22, 0x21, 0x25, 0x21, 0x24, 0x00, 0x21, 
    0x08, 0x82, 0x08, 0x41, 0x00, 0x00, 0x10, 0xC0, 0xA5, 0x80, 0xD7, 0xA2, 0xB6, 0x61, 0x6B, 0xA0, 
    0x21, 0x20, 0x00, 0x00, 0x00, 0x00, 0x08, 0x40, 0x4A, 0xC0, 0x42, 0x80, 0x3A, 0x20, 0x32, 0x00, 
    0x08, 0x80, 0x00, 0x00, 0x00, 0x21, 0x00, 0x00, 0x00, 0x00, 0x21, 0x40, 0x00, 0x20, 0x00, 0x00, 
    0x18, 0xE0, 0x19, 0x20, 0x19, 0x20, 0x19, 0x00, 0x19, 0x20, 0x19, 0x00, 0x18, 0xE0, 0x10, 0xE0, 
    0x18, 0xE0, 0x19, 0x00, 0x10, 0xE0, 0x10, 0xC0, 0x10, 0xC0, 0x10, 0xC0, 0x00, 0x00, 0x10, 0xE0, 
    0x10, 0xC0, 0x00, 0x40, 0x00, 0x40, 0x00, 0x00, 0x00, 0x40, 0x08, 0xA0, 0x08, 0xA0, 0x08, 0xA0, 
    0x08, 0x80, 0x08, 0x80, 0x08, 0x60, 0x08, 0x60, 0x00, 0x60, 0x00, 0x20, 0x00, 0x00, 0x00, 0x40, 
    0x08, 0x80, 0x08, 0xA0, 0x08, 0x60, 0x08, 0x80, 0x00, 0x00, 0x00, 0x00, 0x00, 0x00, 0x00, 0x60, 
    0x00, 0x00, 0x08, 0x62, 0x10, 0xC4, 0x08, 0x41, 0x00, 0x42, 0x08, 0x62, 0x08, 0x82, 0x08, 0x41, 
    0x00, 0x00, 0x00, 0x00, 0x00, 0x00, 0x10, 0x80, 0x19, 0x00, 0x52, 0xE0, 0x18, 0xC0, 0x00, 0x00, 
    0x08, 0x80, 0x18, 0xE0, 0x18, 0xE2, 0x00, 0x22, 0x00, 0x01, 0x00, 0x22, 0x00, 0x22, 0x00, 0x01, 
    0x00, 0x01, 0x00, 0x01, 0x00, 0x01, 0x39, 0xE1, 0x42, 0x40, 0x00, 0x20, 0x00, 0x00, 0x08, 0xE5, 
    0x00, 0x62, 0x00, 0x00, 0x9C, 0xF4, 0xDE, 0xFC, 0x6B, 0x6D, 0x63, 0x2D, 0x08, 0x82, 0x21, 0x25, 
    0x00, 0x00, 0x00, 0x00, 0x00, 0x00, 0x00, 0x00, 0x00, 0x00, 0x00, 0x00, 0x00, 0x00, 0x00, 0x00, 
    0x00, 0x00, 0x00, 0x00, 0x00, 0x00, 0x00, 0x00, 0x29, 0x65, 0x00, 0x00, 0x00, 0x20, 0x52, 0x8A, 
    0x29, 0xA7, 0x00, 0x43, 0x01, 0xCC, 0x00, 0x63, 0x00, 0x21, 0x00, 0x01, 0x00, 0x21, 0x00, 0x42, 
    0x00, 0x22, 0x08, 0x81, 0x08, 0x61, 0x08, 0x40, 0x29, 0x40, 0x52, 0xE0, 0x42, 0x40, 0x29, 0x80, 
    0x08, 0x80, 0x21, 0x20, 0x00, 0x21, 0x00, 0x20, 0x19, 0x01, 0x00, 0x21, 0x00, 0x00, 0x00, 0x01, 
    0x08, 0x61, 0x21, 0x04, 0x10, 0x82, 0x00, 0x01, 0x00, 0x62, 0x31, 0xE1, 0x00, 0x21, 0x00, 0x01, 
    0x00, 0x22, 0x00, 0x21, 0x00, 0x01, 0x00, 0x21, 0x00, 0x21, 0x00, 0x21, 0x00, 0x21, 0x00, 0x21, 
    0x08, 0x42, 0x08, 0x42, 0x08, 0x42, 0x08, 0x42, 0x08, 0x42, 0x10, 0x82, 0x29, 0x81, 0x10, 0xA2, 
    0x10, 0x83, 0x10, 0x82, 0x10, 0x82, 0x08, 0x62, 0x10, 0x83, 0x08, 0x62, 0x08, 0x62, 0x08, 0x62, 
    0x08, 0x62, 0x08, 0x62, 0x08, 0x62, 0x08, 0x62, 0x08, 0x62, 0x10, 0x82, 0x00, 0x21, 0x00, 0x42, 
    0x29, 0x80, 0x21, 0x41, 0x18, 0xC3, 0x10, 0xA3, 0x10, 0xA3, 0x10, 0xA3, 0x10, 0x82, 0x10, 0x82, 
    0x29, 0x66, 0x21, 0x45, 0x10, 0xA3, 0x21, 0x46, 0x21, 0x46, 0x21, 0x25, 0x10, 0xC4, 0x19, 0x04, 
    0x21, 0x05, 0x10, 0xA3, 0x10, 0x82, 0x08, 0x82, 0x10, 0xA2, 0x00, 0x21, 0x3A, 0x00, 0x42, 0x40, 
    0x08, 0x60, 0x00, 0x22, 0x00, 0x22, 0x00, 0x21, 0x00, 0x42, 0x00, 0x42, 0x00, 0x21, 0x00, 0x21, 
    0x00, 0x21, 0x00, 0x21, 0x00, 0x21, 0x00, 0x00, 0x00, 0x01, 0x00, 0x01, 0x10, 0xC3, 0x19, 0x25, 
    0x00, 0x00, 0x19, 0x04, 0xD6, 0xBB, 0x9D, 0x14, 0x63, 0x0C, 0x42, 0x29, 0x00, 0x00, 0x42, 0x08, 
    0x00, 0x00, 0x00, 0x00, 0x00, 0x00, 0x00, 0x00, 0x00, 0x00, 0x00, 0x00, 0x00, 0x00, 0x00, 0x00, 
    0x00, 0x00, 0x00, 0x00, 0x00, 0x00, 0x00, 0x00, 0x08, 0x61, 0x10, 0xA2, 0x00, 0x00, 0x39, 0xE8, 
    0x7C, 0x10, 0x00, 0x21, 0x00, 0x85, 0x02, 0x2F, 0x00, 0xE6, 0x00, 0x42, 0x00, 0x42, 0x00, 0x62, 
    0x00, 0x42, 0x00, 0x41, 0x29, 0x60, 0x21, 0x40, 0x42, 0x60, 0x18, 0xC0, 0x18, 0xE0, 0x29, 0x80, 
    0x29, 0x60, 0x18, 0xE0, 0x08, 0x40, 0x00, 0x20, 0x18, 0xC2, 0x10, 0xA3, 0x08, 0x82, 0x08, 0x82, 
    0x18, 0xE4, 0x10, 0xA3, 0x00, 0x21, 0x00, 0x42, 0x08, 0xA2, 0x3A, 0x01, 0x00, 0x42, 0x00, 0x42, 
    0x08, 0x62, 0x08, 0x62, 0x08, 0x41, 0x08, 0x62, 0x08, 0x41, 0x08, 0x62, 0x10, 0x81, 0x10, 0x81, 
    0x10, 0x82, 0x10, 0x81, 0x10, 0x81, 0x10, 0x82, 0x10, 0x82, 0x10, 0xC3, 0x10, 0x82, 0x08, 0x82, 
    0x10, 0x82, 0x10, 0x82, 0x08, 0x62, 0x08, 0x62, 0x10, 0xC3, 0x08, 0x82, 0x08, 0x61, 0x08, 0x41, 
    0x10, 0xA3, 0x19, 0x04, 0x18, 0xE3, 0x18, 0xE3, 0x18, 0xC3, 0x29, 0x87, 0x29, 0x44, 0x29, 0x80, 
    0x10, 0xC1, 0x08, 0x81, 0x08, 0x83, 0x10, 0xA2, 0x10, 0xA2, 0x08, 0x82, 0x08, 0x62, 0x08, 0x83, 
    0x08, 0xC4, 0x00, 0x63, 0x00, 0x63, 0x00, 0xA4, 0x00, 0x83, 0x00, 0x62, 0x00, 0x42, 0x00, 0x42, 
    0x00, 0x42, 0x00, 0x20, 0x00, 0x20, 0x00, 0x00, 0x00, 0x20, 0x00, 0x00, 0x08, 0x60, 0x31, 0xC0, 
    0x29, 0x40, 0x10, 0xC2, 0x08, 0x83, 0x29, 0x66, 0x21, 0x88, 0x21, 0x87, 0x11, 0x26, 0x00, 0xC5, 
    0x00, 0xA5, 0x00, 0xA5, 0x00, 0x84, 0x00, 0x42, 0x00, 0x42, 0x19, 0x26, 0x10, 0xE5, 0x00, 0x21, 
    0x00, 0x00, 0x84, 0x51, 0xDE, 0xFC, 0x6B, 0x6D, 0x5A, 0xEB, 0x08, 0x41, 0x10, 0xC3, 0x10, 0xA2, 
    0x00, 0x00, 0x00, 0x00, 0x00, 0x00, 0x00, 0x00, 0x00, 0x00, 0x00, 0x00, 0x00, 0x00, 0x00, 0x00, 
    0x00, 0x00, 0x00, 0x00, 0x00, 0x00, 0x00, 0x00, 0x00, 0x00, 0x39, 0xE7, 0x00, 0x00, 0x08, 0x41, 
    0x63, 0x2D, 0x5A, 0xEC, 0x19, 0x05, 0x00, 0x63, 0x01, 0xCC, 0x01, 0x07, 0x00, 0xC5, 0x00, 0x42, 
    0x00, 0x42, 0x00, 0x42, 0x00, 0x42, 0x10, 0xC1, 0x31, 0xC0, 0x21, 0x00, 0x10, 0xA0, 0x08, 0x60, 
    0x21, 0x20, 0x00, 0x00, 0x00, 0x21, 0x00, 0x21, 0x08, 0x80, 0x00, 0x20, 0x00, 0x00, 0x00, 0x00, 
    0x00, 0x00, 0x00, 0x01, 0x00, 0x01, 0x00, 0x22, 0x00, 0x01, 0x10, 0xC0, 0x6B, 0xE1, 0x7C, 0x62, 
    0x7C, 0x62, 0x7C, 0x61, 0x7C, 0x61, 0x74, 0x21, 0x6B, 0xE0, 0x53, 0x20, 0x29, 0xA1, 0x29, 0x60, 
    0x21, 0x40, 0x19, 0x21, 0x19, 0x01, 0x10, 0xC3, 0x10, 0xC4, 0x10, 0xC4, 0x10, 0xC4, 0x10, 0xA3, 
    0x08, 0xA3, 0x10, 0xA3, 0x10, 0xA3, 0x08, 0xA3, 0x08, 0x83, 0x00, 0x62, 0x00, 0x01, 0x00, 0x01, 
    0x00, 0x22, 0x00, 0x42, 0x00, 0x22, 0x00, 0x21, 0x00, 0x22, 0x00, 0x84, 0x08, 0x82, 0x08, 0xC1, 
    0x00, 0x63, 0x08, 0xE5, 0x19, 0x26, 0x19, 0x04, 0x08, 0xA3, 0x00, 0x42, 0x00, 0x42, 0x00, 0x22, 
    0x00, 0x22, 0x00, 0x22, 0x00, 0x22, 0x00, 0x22, 0x00, 0x42, 0x00, 0x84, 0x08, 0xA4, 0x00, 0x84, 
    0x00, 0x63, 0x00, 0x42, 0x00, 0x21, 0x00, 0x21, 0x00, 0x21, 0x00, 0x21, 0x00, 0x22, 0x00, 0x01, 
    0x00, 0x20, 0x00, 0x00, 0x00, 0x00, 0x00, 0x01, 0x00, 0x00, 0x00, 0x00, 0x00, 0x01, 0x00, 0x01, 
    0x00, 0x01, 0x00, 0x00, 0x00, 0x00, 0x00, 0x01, 0x00, 0x01, 0x00, 0x41, 0x00, 0x01, 0x00, 0x00, 
    0x29, 0x45, 0xDF, 0x1C, 0x9D, 0x14, 0x6B, 0x6E, 0x42, 0x28, 0x00, 0x00, 0x42, 0x08, 0x00, 0x00, 
    0x00, 0x00, 0x00, 0x00, 0x00, 0x00, 0x00, 0x00, 0x00, 0x00, 0x00, 0x00, 0x00, 0x00, 0x00, 0x00, 
    0x00, 0x00, 0x00, 0x00, 0x00, 0x00, 0x00, 0x00, 0x00, 0x00, 0x18, 0xC3, 0x18, 0xC3, 0x00, 0x00, 
    0x18, 0xC3, 0x84, 0x31, 0x84, 0x72, 0x31, 0xA6, 0x00, 0xA5, 0x00, 0xA5, 0x01, 0x27, 0x01, 0x07, 
    0x00, 0x42, 0x00, 0x63, 0x00, 0x63, 0x00, 0x42, 0x00, 0x00, 0x31, 0x80, 0x10, 0xA1, 0x00, 0x01, 
    0x00, 0x01, 0x00, 0x21, 0x00, 0x42, 0x00, 0x42, 0x00, 0x61, 0x29, 0x66, 0x3A, 0x09, 0x42, 0x6A, 
    0x4A, 0x8B, 0x52, 0xAB, 0x52, 0xEC, 0x52, 0xEC, 0x52, 0xCC, 0x42, 0x29, 0x10, 0xC3, 0x10, 0xC2, 
    0x10, 0xC1, 0x08, 0xC1, 0x08, 0xC2, 0x19, 0x23, 0x5B, 0x0B, 0x3A, 0x08, 0x21, 0x67, 0x21, 0x46, 
    0x21, 0x46, 0x21, 0x46, 0x29, 0x66, 0x29, 0x66, 0x29, 0x66, 0x29, 0x86, 0x31, 0xA7, 0x31, 0xC8, 
    0x31, 0xC8, 0x31, 0xC8, 0x31, 0xC8, 0x39, 0xE8, 0x3A, 0x29, 0x42, 0x4A, 0x4A, 0xAB, 0x5B, 0x0D, 
    0x63, 0x4E, 0x6B, 0x6E, 0x6B, 0x8E, 0x73, 0x8E, 0x73, 0xAF, 0x6B, 0x8F, 0x42, 0x29, 0x08, 0xA4, 
    0x00, 0x43, 0x00, 0x84, 0x00, 0x83, 0x00, 0x63, 0x21, 0x46, 0x5B, 0x2D, 0x5B, 0x0D, 0x63, 0x6E, 
    0x6B, 0xAF, 0x73, 0xAF, 0x73, 0xD0, 0x73, 0xAF, 0x52, 0xCC, 0x00, 0x84, 0x00, 0x83, 0x00, 0x83, 
    0x00, 0x83, 0x00, 0x63, 0x00, 0x63, 0x00, 0x62, 0x00, 0x42, 0x00, 0x62, 0x00, 0xA4, 0x00, 0x63, 
    0x29, 0x86, 0x5B, 0x0D, 0x63, 0x2D, 0x6B, 0x8E, 0x73, 0xAE, 0x73, 0xAE, 0x73, 0xAE, 0x73, 0x8E, 
    0x73, 0xAF, 0x73, 0xAE, 0x6B, 0x8E, 0x6B, 0x8E, 0x19, 0x05, 0x00, 0x01, 0x00, 0x21, 0x00, 0x00, 
    0x9C, 0xD3, 0xE7, 0x3C, 0x6B, 0x6E, 0x6B, 0x6E, 0x00, 0x20, 0x10, 0xA2, 0x10, 0x82, 0x00, 0x00, 
    0x00, 0x00, 0x00, 0x00, 0x00, 0x00, 0x00, 0x00, 0x00, 0x00, 0x00, 0x00, 0x00, 0x00, 0x00, 0x00, 
    0x00, 0x00, 0x00, 0x00, 0x00, 0x00, 0x00, 0x00, 0x00, 0x00, 0x00, 0x00, 0x29, 0x65, 0x00, 0x20, 
    0x00, 0x00, 0x29, 0x24, 0x7B, 0xF0, 0x94, 0xD4, 0x84, 0x10, 0x08, 0x83, 0x00, 0x22, 0x00, 0xE6, 
    0x01, 0x48, 0x00, 0x63, 0x00, 0x83, 0x00, 0x63, 0x00, 0x22, 0x52, 0xE1, 0x19, 0x01, 0x00, 0x22, 
    0x00, 0x42, 0x00, 0x42, 0x00, 0x22, 0x00, 0x01, 0x18, 0xE4, 0x94, 0xB3, 0xDE, 0xFD, 0xEF, 0x7E, 
    0xF7, 0xBF, 0xFF, 0xFF, 0xFF, 0xFF, 0xFF, 0xFF, 0xF7, 0xBE, 0xEF, 0x5D, 0x42, 0x08, 0x00, 0x00, 
    0x00, 0x00, 0x00, 0x00, 0x00, 0x00, 0x00, 0x20, 0x73, 0x8F, 0x8C, 0xB4, 0xAD, 0x76, 0xCE, 0x7A, 
    0xCE, 0x7A, 0xCE, 0x7A, 0xCE, 0x7A, 0xCE, 0x7A, 0xCE, 0x9A, 0xD6, 0xBB, 0xD6, 0xBB, 0xCE, 0x9B, 
    0xCE, 0x7A, 0xC6, 0x5A, 0xC6, 0x5A, 0xCE, 0x7A, 0xCE, 0x9A, 0xD6, 0xBB, 0xDE, 0xFC, 0xE7, 0x3D, 
    0xEF, 0x7E, 0xF7, 0xBF, 0xFF, 0xDF, 0xFF, 0xDF, 0xFF, 0xDF, 0xFF, 0xFF, 0xCE, 0x59, 0x7B, 0xF1, 
    0x53, 0x0D, 0x00, 0x42, 0x00, 0x83, 0x00, 0x63, 0x4A, 0xCD, 0xB5, 0xD8, 0xDF, 0x1D, 0xF7, 0xBF, 
    0xFF, 0xFF, 0xFF, 0xFF, 0xFF, 0xFF, 0xEF, 0x7D, 0xAD, 0x55, 0x00, 0x21, 0x00, 0x84, 0x00, 0xA4, 
    0x00, 0x84, 0x00, 0x63, 0x00, 0x63, 0x00, 0x63, 0x00, 0x42, 0x00, 0xC5, 0x08, 0xE5, 0x39, 0xE8, 
    0x94, 0xD3, 0xF7, 0xDF, 0xFF, 0xFF, 0xFF, 0xFF, 0xFF, 0xFF, 0xFF, 0xFF, 0xFF, 0xFF, 0xFF, 0xFF, 
    0xEF, 0x7D, 0xBE, 0x18, 0xCE, 0x79, 0x5B, 0xF3, 0x00, 0x84, 0x00, 0x21, 0x00, 0x00, 0x39, 0xE8, 
    0xEF, 0x7E, 0x9C, 0xD3, 0x63, 0x0C, 0x39, 0xE8, 0x00, 0x00, 0x42, 0x08, 0x00, 0x00, 0x00, 0x00, 
    0x00, 0x00, 0x00, 0x00, 0x00, 0x00, 0x00, 0x00, 0x00, 0x00, 0x00, 0x00, 0x00, 0x00, 0x00, 0x00, 
    0x00, 0x00, 0x00, 0x00, 0x00, 0x00, 0x00, 0x00, 0x00, 0x00, 0x00, 0x00, 0x00, 0x00, 0x31, 0xA6, 
    0x00, 0x20, 0x00, 0x00, 0x31, 0xA6, 0xA5, 0x56, 0xC6, 0x5A, 0x7B, 0xF0, 0x10, 0xC4, 0x00, 0x43, 
    0x01, 0x47, 0x01, 0x26, 0x00, 0x63, 0x00, 0x63, 0x00, 0x43, 0x6B, 0xA1, 0x19, 0x22, 0x00, 0x22, 
    0x00, 0x62, 0x00, 0x62, 0x00, 0x21, 0x19, 0x04, 0x73, 0xAF, 0xE7, 0x3D, 0xEF, 0x7E, 0xEF, 0x7E, 
    0xEF, 0x7E, 0xEF, 0x7E, 0xEF, 0x7E, 0xEF, 0x7E, 0xE7, 0x5D, 0xEF, 0x9E, 0xA5, 0x14, 0x00, 0x00, 
    0x00, 0x00, 0x00, 0x00, 0x00, 0x00, 0x00, 0x00, 0x08, 0x82, 0x6B, 0x90, 0xAD, 0x97, 0xFF, 0xFF, 
    0xFF, 0xFF, 0xFF, 0xFF, 0xFF, 0xFF, 0xFF, 0xFF, 0xFF, 0xFF, 0xFF, 0xFF, 0xFF, 0xDF, 0xEF, 0x7E, 
    0xE7, 0x3D, 0xE7, 0x3D, 0xE7, 0x3D, 0xDF, 0x1D, 0xDF, 0x1D, 0xDF, 0x1C, 0xDF, 0x1C, 0xDF, 0x1C, 
    0xDF, 0x1C, 0xDF, 0x1C, 0xDF, 0x1C, 0xDF, 0x1C, 0xDF, 0x1C, 0xDF, 0x1C, 0xE7, 0x3D, 0xE7, 0x5D, 
    0xFF, 0xFF, 0x4A, 0x8B, 0x00, 0x63, 0x00, 0x63, 0x52, 0xEC, 0xBE, 0x19, 0xEF, 0x7E, 0xEF, 0x7E, 
    0xEF, 0x7D, 0xEF, 0x7E, 0xE7, 0x5D, 0xFF, 0xDF, 0x8C, 0x93, 0x00, 0x00, 0x00, 0x83, 0x00, 0xA4, 
    0x00, 0x83, 0x00, 0x83, 0x00, 0x83, 0x00, 0xA5, 0x00, 0x63, 0x18, 0xE4, 0x5A, 0xCB, 0xCE, 0x59, 
    0xFF, 0xFF, 0xFF, 0xFF, 0xFF, 0xFF, 0xFF, 0xFF, 0xFF, 0xFF, 0xFF, 0xFF, 0xFF, 0xFF, 0xD6, 0xBB, 
    0x7C, 0x11, 0x73, 0xD0, 0x2A, 0x8F, 0x01, 0x09, 0x00, 0x21, 0x00, 0x21, 0x00, 0x21, 0xB5, 0x96, 
    0xD6, 0xBB, 0x5B, 0x0C, 0x73, 0xAE, 0x08, 0x41, 0x10, 0xA2, 0x10, 0x82, 0x00, 0x00, 0x00, 0x00, 
    0x00, 0x00, 0x00, 0x00, 0x00, 0x00, 0x00, 0x00, 0x00, 0x00, 0x00, 0x00, 0x00, 0x00, 0x00, 0x00, 
    0x00, 0x00, 0x00, 0x00, 0x00, 0x00, 0x00, 0x00, 0x00, 0x00, 0x00, 0x00, 0x00, 0x00, 0x00, 0x00, 
    0x39, 0xE7, 0x00, 0x00, 0x00, 0x00, 0x5A, 0xCB, 0xE7, 0x5D, 0xFF, 0xFF, 0x73, 0xCF, 0x00, 0x21, 
    0x00, 0x83, 0x01, 0xC9, 0x00, 0xC5, 0x00, 0x83, 0x00, 0x42, 0x18, 0xE0, 0x08, 0x82, 0x00, 0x63, 
    0x00, 0x83, 0x00, 0x42, 0x19, 0x04, 0x73, 0xCF, 0xEF, 0x5D, 0xF7, 0x9E, 0xEF, 0x7E, 0xEF, 0x7D, 
    0xEF, 0x7E, 0xEF, 0x7E, 0xEF, 0x7D, 0xEF, 0x7D, 0xEF, 0x7D, 0xE7, 0x3D, 0xEF, 0x9E, 0x21, 0x24, 
    0x00, 0x00, 0x00, 0x00, 0x00, 0x00, 0x00, 0x00, 0x00, 0x00, 0x18, 0xC4, 0x7C, 0x11, 0xC6, 0x39, 
    0xFF, 0xFF, 0xFF, 0xFF, 0xFF, 0xFF, 0xFF, 0xFF, 0xFF, 0xFF, 0xFF, 0xDF, 0xEF, 0x9E, 0xE7, 0x3D, 
    0xDF, 0x1C, 0xDF, 0x1C, 0xDE, 0xFC, 0xDE, 0xFC, 0xDF, 0x1C, 0xDE, 0xFC, 0xDF, 0x1C, 0xDF, 0x1C, 
    0xDF, 0x1C, 0xDF, 0x1C, 0xDF, 0x1C, 0xDF, 0x1C, 0xDF, 0x1C, 0xDF, 0x1C, 0xDF, 0x1C, 0xDF, 0x1C, 
    0xEF, 0x7E, 0x9D, 0x15, 0x08, 0xA4, 0x00, 0x42, 0x63, 0x4E, 0xCE, 0x9B, 0xEF, 0x5D, 0xEF, 0x7D, 
    0xEF, 0x7D, 0xEF, 0x7D, 0xEF, 0x7E, 0xFF, 0xFF, 0x6B, 0xD0, 0x00, 0x00, 0x00, 0x83, 0x00, 0xA4, 
    0x00, 0x84, 0x00, 0xA5, 0x00, 0xC5, 0x00, 0xA4, 0x29, 0x66, 0x8C, 0x72, 0xEF, 0x7D, 0xFF, 0xFF, 
    0xFF, 0xFF, 0xFF, 0xFF, 0xFF, 0xFF, 0xFF, 0xFF, 0xFF, 0xFF, 0xF7, 0x9E, 0xDE, 0xFB, 0xCE, 0x59, 
    0x4A, 0xAC, 0x08, 0xC5, 0x00, 0x84, 0x00, 0x20, 0x00, 0x21, 0x00, 0x00, 0x5A, 0xEC, 0xFF, 0xFF, 
    0x8C, 0x92, 0x63, 0x2D, 0x39, 0xE7, 0x00, 0x00, 0x31, 0xA6, 0x00, 0x00, 0x00, 0x00, 0x00, 0x00, 
    0x00, 0x00, 0x00, 0x00, 0x00, 0x00, 0x00, 0x00, 0x00, 0x00, 0x00, 0x00, 0x00, 0x00, 0x00, 0x00, 
    0x00, 0x00, 0x00, 0x00, 0x00, 0x00, 0x00, 0x00, 0x00, 0x00, 0x00, 0x00, 0x00, 0x00, 0x00, 0x00, 
    0x00, 0x00, 0x29, 0x65, 0x00, 0x00, 0x29, 0x45, 0xDE, 0xDB, 0xFF, 0xFF, 0xCE, 0x59, 0x31, 0xE8, 
    0x00, 0x63, 0x01, 0x26, 0x01, 0x27, 0x00, 0x63, 0x00, 0x42, 0x18, 0xE1, 0x08, 0xA3, 0x00, 0x83, 
    0x00, 0x42, 0x18, 0xE4, 0x6B, 0x8F, 0xE7, 0x5D, 0xEF, 0x9E, 0xEF, 0x5D, 0xEF, 0x7D, 0xEF, 0x7D, 
    0xEF, 0x7D, 0xEF, 0x7D, 0xEF, 0x5D, 0xEF, 0x5D, 0xEF, 0x5D, 0xE7, 0x5D, 0xFF, 0xFF, 0x6B, 0x8E, 
    0x00, 0x00, 0x00, 0x21, 0x00, 0x21, 0x00, 0x01, 0x00, 0x00, 0x00, 0x00, 0x29, 0x66, 0x8C, 0x93, 
    0xC6, 0x18, 0xFF, 0xFF, 0xFF, 0xFF, 0xFF, 0xFF, 0xFF, 0xFF, 0xF7, 0xBF, 0xDF, 0x1D, 0xDF, 0x1C, 
    0xDE, 0xFC, 0xD6, 0xDC, 0xDE, 0xFC, 0xDE, 0xFC, 0xDF, 0x1C, 0xDF, 0x1C, 0xDF, 0x1C, 0xE7, 0x3D, 
    0xE7, 0x1C, 0xE7, 0x3D, 0xDF, 0x1C, 0xDE, 0xFC, 0xDE, 0xFC, 0xDE, 0xFC, 0xDF, 0x1C, 0xDF, 0x1C, 
    0xE7, 0x3D, 0xCE, 0x7A, 0x08, 0xA3, 0x00, 0x42, 0x84, 0x72, 0xE7, 0x3D, 0xEF, 0x5D, 0xE7, 0x5D, 
    0xEF, 0x5D, 0xEF, 0x7D, 0xEF, 0x7E, 0xFF, 0xFF, 0x5B, 0x2E, 0x00, 0x00, 0x00, 0xA4, 0x00, 0xA4, 
    0x00, 0xC5, 0x00, 0xC6, 0x10, 0xE5, 0x4A, 0x4A, 0xB5, 0xB6, 0xFF, 0xFF, 0xFF, 0xFF, 0xFF, 0xFF, 
    0xFF, 0xFF, 0xFF, 0xFF, 0xFF, 0xFF, 0xFF, 0xFF, 0xDE, 0xFB, 0xDE, 0xFB, 0xAD, 0x96, 0x32, 0x0A, 
    0x00, 0x64, 0x00, 0x00, 0x00, 0x00, 0x00, 0x00, 0x00, 0x01, 0x00, 0x41, 0xBE, 0x18, 0xD6, 0xBB, 
    0x52, 0xCB, 0x6B, 0x6E, 0x08, 0x41, 0x10, 0xA3, 0x10, 0x82, 0x00, 0x00, 0x00, 0x00, 0x00, 0x00, 
    0x00, 0x00, 0x00, 0x00, 0x00, 0x00, 0x00, 0x00, 0x00, 0x00, 0x00, 0x00, 0x00, 0x00, 0x00, 0x00, 
    0x00, 0x00, 0x00, 0x00, 0x00, 0x00, 0x00, 0x00, 0x00, 0x00, 0x00, 0x00, 0x00, 0x00, 0x00, 0x00, 
    0x00, 0x00, 0x42, 0x08, 0x00, 0x00, 0x00, 0x00, 0x73, 0xAE, 0xFF, 0xDF, 0xDE, 0xDB, 0x42, 0x29, 
    0x00, 0x63, 0x00, 0xA4, 0x01, 0x47, 0x00, 0x63, 0x00, 0x83, 0x00, 0x42, 0x00, 0x63, 0x00, 0x63, 
    0x19, 0x04, 0x73, 0x8E, 0xE7, 0x3D, 0xEF, 0x7E, 0xE7, 0x5D, 0xE7, 0x5D, 0xEF, 0x5D, 0xEF, 0x7D, 
    0xEF, 0x5D, 0xEF, 0x5D, 0xEF, 0x5D, 0xEF, 0x5D, 0xEF, 0x5D, 0xE7, 0x5D, 0xFF, 0xDF, 0xC6, 0x39, 
    0x00, 0x21, 0x00, 0x01, 0x00, 0x41, 0x00, 0x21, 0x00, 0x00, 0x00, 0x00, 0x00, 0x00, 0x39, 0xE7, 
    0x94, 0xD3, 0xC6, 0x5A, 0xA5, 0x56, 0x8C, 0xB3, 0x8C, 0x93, 0x94, 0xD4, 0xA5, 0x56, 0xB5, 0xD7, 
    0xBE, 0x18, 0xB5, 0xF8, 0xB5, 0xD8, 0xA5, 0x76, 0x8C, 0xD4, 0x84, 0x52, 0x73, 0xF1, 0x63, 0x2D, 
    0xAD, 0x55, 0xE7, 0x5D, 0xDE, 0xFC, 0xDF, 0x1C, 0xDF, 0x1C, 0xDF, 0x1C, 0xDF, 0x1C, 0xDF, 0x1C, 
    0xF7, 0xDF, 0xD6, 0x99, 0x00, 0x00, 0x10, 0xA3, 0xAD, 0x76, 0xDF, 0x1D, 0xE7, 0x3D, 0xE7, 0x5D, 
    0xEF, 0x5D, 0xEF, 0x7E, 0xEF, 0x9E, 0xFF, 0xFF, 0x3A, 0x4A, 0x00, 0x00, 0x00, 0xC4, 0x00, 0xC6, 
    0x00, 0xC5, 0x21, 0x25, 0x6B, 0x8E, 0xE7, 0x1C, 0xFF, 0xFF, 0xFF, 0xFF, 0xFF, 0xFF, 0xFF, 0xFF, 
    0xFF, 0xFF, 0xFF, 0xFF, 0xFF, 0xDF, 0xC6, 0x18, 0x84, 0x31, 0x7C, 0x31, 0x19, 0x47, 0x00, 0x63, 
    0x00, 0x00, 0x00, 0x00, 0x00, 0x00, 0x00, 0x21, 0x00, 0x00, 0x6B, 0x6D, 0xFF, 0xFF, 0x7B, 0xF0, 
    0x5A, 0xEC, 0x42, 0x08, 0x00, 0x00, 0x39, 0xC7, 0x00, 0x00, 0x00, 0x00, 0x00, 0x00, 0x00, 0x00, 
    0x00, 0x00, 0x00, 0x00, 0x00, 0x00, 0x00, 0x00, 0x00, 0x00, 0x00, 0x00, 0x00, 0x00, 0x00, 0x00, 
    0x00, 0x00, 0x00, 0x00, 0x00, 0x00, 0x00, 0x00, 0x00, 0x00, 0x00, 0x00, 0x00, 0x00, 0x00, 0x00, 
    0x00, 0x00, 0x31, 0x86, 0x00, 0x00, 0x00, 0x00, 0x42, 0x29, 0xA5, 0x36, 0x8C, 0x93, 0x42, 0x29, 
    0x00, 0x63, 0x00, 0x83, 0x01, 0x67, 0x00, 0xA4, 0x00, 0x84, 0x00, 0x42, 0x00, 0x42, 0x19, 0x04, 
    0x6B, 0x6D, 0xD6, 0xDC, 0xEF, 0x5D, 0xE7, 0x3D, 0xE7, 0x3D, 0xE7, 0x3D, 0xEF, 0x7E, 0xF7, 0x9E, 
    0xEF, 0x9E, 0xEF, 0x5D, 0xE7, 0x5D, 0xEF, 0x5D, 0xEF, 0x5D, 0xEF, 0x5D, 0xEF, 0x7E, 0xFF, 0xFF, 
    0x3A, 0x08, 0x00, 0x00, 0x00, 0x42, 0x00, 0x42, 0x00, 0x21, 0x00, 0x00, 0x00, 0x00, 0x00, 0x00, 
    0x39, 0xE7, 0x42, 0x29, 0x31, 0xA7, 0x31, 0xA6, 0x31, 0xA7, 0x31, 0xA7, 0x39, 0xE7, 0x39, 0xE8, 
    0x39, 0xE7, 0x3A, 0x08, 0x39, 0xE7, 0x39, 0xC7, 0x31, 0xA7, 0x31, 0x86, 0x29, 0x66, 0x21, 0x25, 
    0x4A, 0x49, 0x5A, 0xEC, 0xAD, 0x76, 0xE7, 0x5D, 0xE7, 0x1C, 0xE7, 0x1C, 0xE7, 0x3D, 0xE7, 0x5D, 
    0xFF, 0xFF, 0xAD, 0x55, 0x00, 0x00, 0x29, 0x45, 0xAD, 0x77, 0xEF, 0x5D, 0xEF, 0x5D, 0xEF, 0x7E, 
    0xEF, 0x9E, 0xF7, 0xBF, 0xF7, 0xBF, 0xF7, 0x9E, 0x21, 0x66, 0x00, 0x00, 0x00, 0x84, 0x08, 0xC4, 
    0x3A, 0x09, 0xA5, 0x35, 0xFF, 0xDF, 0xFF, 0xFF, 0xFF, 0xFF, 0xFF, 0xFF, 0xFF, 0xFF, 0xFF, 0xFF, 
    0xFF, 0xFF, 0xEF, 0x5D, 0xDE, 0xDB, 0x84, 0x51, 0x32, 0x0A, 0x11, 0x27, 0x00, 0x21, 0x00, 0x00, 
    0x00, 0x42, 0x00, 0x42, 0x00, 0x21, 0x00, 0x01, 0x10, 0xC3, 0xE7, 0x1C, 0xCE, 0x7A, 0x42, 0x49, 
    0x6B, 0x4D, 0x08, 0x41, 0x10, 0xA2, 0x10, 0x82, 0x00, 0x00, 0x00, 0x00, 0x00, 0x00, 0x00, 0x00, 
    0x00, 0x00, 0x00, 0x00, 0x00, 0x00, 0x00, 0x00, 0x00, 0x00, 0x00, 0x00, 0x00, 0x00, 0x00, 0x00, 
    0x00, 0x00, 0x00, 0x00, 0x00, 0x00, 0x00, 0x00, 0x00, 0x00, 0x00, 0x00, 0x00, 0x00, 0x00, 0x00, 
    0x00, 0x00, 0x29, 0x65, 0x00, 0x00, 0x00, 0x00, 0x39, 0xE8, 0x6B, 0x8F, 0x63, 0x4E, 0x21, 0x24, 
    0x00, 0x42, 0x00, 0xA4, 0x01, 0x88, 0x00, 0x84, 0x00, 0x84, 0x00, 0x42, 0x10, 0xC3, 0x6B, 0x4D, 
    0xDE, 0xDC, 0xDF, 0x1D, 0xE7, 0x1D, 0xE7, 0x3D, 0xE7, 0x3D, 0xEF, 0x9E, 0xC6, 0x39, 0x9C, 0xF4, 
    0xC6, 0x59, 0xEF, 0x7D, 0xE7, 0x5D, 0xE7, 0x5D, 0xEF, 0x5D, 0xEF, 0x5D, 0xEF, 0x5D, 0xFF, 0xFF, 
    0x94, 0xD4, 0x00, 0x00, 0x00, 0x42, 0x00, 0x63, 0x00, 0x42, 0x00, 0x42, 0x00, 0x21, 0x00, 0x00, 
    0x00, 0x00, 0x00, 0x00, 0x00, 0x00, 0x00, 0x00, 0x00, 0x00, 0x00, 0x00, 0x00, 0x00, 0x00, 0x00, 
    0x00, 0x00, 0x00, 0x00, 0x00, 0x00, 0x00, 0x00, 0x00, 0x00, 0x00, 0x00, 0x00, 0x00, 0x00, 0x00, 
    0x00, 0x00, 0x18, 0xC3, 0x94, 0xB3, 0xEF, 0x7E, 0xEF, 0x5D, 0xEF, 0x7E, 0xF7, 0x9E, 0xF7, 0xBF, 
    0xFF, 0xFF, 0x84, 0x10, 0x00, 0x00, 0x39, 0xE8, 0xB5, 0xB8, 0xF7, 0xBF, 0xFF, 0xDF, 0xFF, 0xFF, 
    0xFF, 0xFF, 0xFF, 0xFF, 0xFF, 0xFF, 0xDE, 0xDB, 0x08, 0x62, 0x00, 0x00, 0x19, 0x26, 0x5B, 0x0D, 
    0xD6, 0x9A, 0xFF, 0xFF, 0xFF, 0xFF, 0xFF, 0xFF, 0xFF, 0xFF, 0xFF, 0xFF, 0xFF, 0xFF, 0xFF, 0xFF, 
    0xC6, 0x59, 0xCE, 0x79, 0x7B, 0xF0, 0x21, 0x68, 0x08, 0xC5, 0x00, 0x00, 0x00, 0x00, 0x00, 0xA5, 
    0x00, 0x43, 0x00, 0x21, 0x00, 0x42, 0x00, 0x00, 0x8C, 0x51, 0xFF, 0xFF, 0x84, 0x31, 0x73, 0x8E, 
    0x42, 0x08, 0x00, 0x00, 0x39, 0xC7, 0x00, 0x00, 0x00, 0x00, 0x00, 0x00, 0x00, 0x00, 0x00, 0x00, 
    0x00, 0x00, 0x00, 0x00, 0x00, 0x00, 0x00, 0x00, 0x00, 0x00, 0x00, 0x00, 0x00, 0x00, 0x00, 0x00, 
    0x00, 0x00, 0x00, 0x00, 0x00, 0x00, 0x00, 0x00, 0x00, 0x00, 0x00, 0x00, 0x00, 0x00, 0x00, 0x00, 
    0x00, 0x00, 0x39, 0xC7, 0x00, 0x00, 0x08, 0x82, 0x63, 0x4E, 0x73, 0xD1, 0x6B, 0x8F, 0x08, 0x61, 
    0x00, 0x42, 0x00, 0xC5, 0x01, 0x69, 0x00, 0x83, 0x00, 0x42, 0x10, 0xE4, 0x63, 0x2D, 0xC6, 0x5A, 
    0xDF, 0x1D, 0xDF, 0x1C, 0xDF, 0x1C, 0xDF, 0x1C, 0xEF, 0x9E, 0xAD, 0x75, 0x42, 0x49, 0x42, 0x29, 
    0x42, 0x49, 0xD6, 0xBA, 0xEF, 0x9E, 0xEF, 0x5D, 0xEF, 0x7E, 0xEF, 0x7E, 0xEF, 0x7E, 0xF7, 0xDF, 
    0xDE, 0xFB, 0x08, 0x83, 0x00, 0x21, 0x00, 0x83, 0x00, 0x63, 0x00, 0x63, 0x00, 0x42, 0x00, 0x21, 
    0x00, 0x00, 0x00, 0x00, 0x00, 0x00, 0x00, 0x00, 0x00, 0x00, 0x00, 0x00, 0x00, 0x00, 0x00, 0x00, 
    0x00, 0x00, 0x00, 0x00, 0x00, 0x00, 0x00, 0x00, 0x00, 0x00, 0x00, 0x00, 0x00, 0x00, 0x00, 0x00, 
    0x00, 0x00, 0x21, 0x04, 0x9D, 0x15, 0xFF, 0xFF, 0xFF, 0xDF, 0xFF, 0xFF, 0xFF, 0xFF, 0xFF, 0xFF, 
    0xFF, 0xFF, 0x52, 0x8A, 0x00, 0x00, 0x4A, 0x4A, 0xCE, 0x7A, 0xFF, 0xFF, 0xFF, 0xFF, 0xFF, 0xFF, 
    0xFF, 0xFF, 0xFF, 0xFF, 0xFF, 0xFF, 0xB5, 0xB6, 0x08, 0x40, 0x52, 0x8B, 0xA5, 0x36, 0xF7, 0x9E, 
    0xFF, 0xFF, 0xFF, 0xFF, 0xFF, 0xFF, 0xFF, 0xFF, 0xFF, 0xFF, 0xFF, 0xFF, 0xEF, 0x5D, 0x9D, 0x14, 
    0x94, 0xB3, 0x4A, 0x8B, 0x11, 0x07, 0x08, 0x83, 0x00, 0x00, 0x00, 0x63, 0x00, 0xC5, 0x00, 0x42, 
    0x00, 0x21, 0x00, 0x62, 0x00, 0x01, 0x29, 0x66, 0xF7, 0xBE, 0xCE, 0x59, 0x63, 0x4D, 0x6B, 0x4D, 
    0x00, 0x20, 0x10, 0x82, 0x10, 0x82, 0x00, 0x00, 0x00, 0x00, 0x00, 0x00, 0x00, 0x00, 0x00, 0x00, 
    0x00, 0x00, 0x00, 0x00, 0x00, 0x00, 0x00, 0x00, 0x00, 0x00, 0x00, 0x00, 0x00, 0x00, 0x00, 0x00, 
    0x00, 0x00, 0x00, 0x00, 0x00, 0x00, 0x00, 0x00, 0x00, 0x00, 0x00, 0x00, 0x00, 0x00, 0x00, 0x00, 
    0x00, 0x00, 0x42, 0x08, 0x00, 0x00, 0x3A, 0x08, 0xAD, 0x97, 0x94, 0xB4, 0x52, 0x8A, 0x00, 0x00, 
    0x00, 0x83, 0x00, 0xA4, 0x00, 0xC5, 0x00, 0x43, 0x10, 0xC3, 0x63, 0x0C, 0xD6, 0xDB, 0xDF, 0x1D, 
    0xDE, 0xDC, 0xDE, 0xFC, 0xDF, 0x1C, 0xEF, 0x7E, 0xBD, 0xF8, 0x39, 0xE8, 0x19, 0x04, 0x00, 0x00, 
    0x10, 0xC3, 0xA5, 0x56, 0xF7, 0xDF, 0xF7, 0x9E, 0xF7, 0xBE, 0xF7, 0xBF, 0xF7, 0xDF, 0xFF, 0xDF, 
    0xFF, 0xFF, 0x52, 0xEC, 0x00, 0x00, 0x00, 0x83, 0x00, 0x83, 0x00, 0x83, 0x00, 0x63, 0x00, 0x42, 
    0x00, 0x42, 0x00, 0x00, 0x00, 0x00, 0x00, 0x00, 0x00, 0x00, 0x00, 0x00, 0x00, 0x00, 0x00, 0x00, 
    0x00, 0x00, 0x00, 0x00, 0x00, 0x00, 0x00, 0x00, 0x00, 0x00, 0x00, 0x00, 0x00, 0x00, 0x00, 0x00, 
    0x08, 0x41, 0x6B, 0x8E, 0xFF, 0xFF, 0xFF, 0xFF, 0xFF, 0xFF, 0xFF, 0xFF, 0xFF, 0xFF, 0xFF, 0xFF, 
    0xEF, 0x7E, 0x21, 0x45, 0x00, 0x00, 0x63, 0x2D, 0xDF, 0x1D, 0xFF, 0xFF, 0xFF, 0xFF, 0xFF, 0xFF, 
    0xFF, 0xFF, 0xFF, 0xFF, 0xEF, 0x5D, 0x5A, 0xEC, 0x6B, 0x6F, 0xF7, 0x9E, 0xFF, 0xFF, 0xFF, 0xFF, 
    0xFF, 0xFF, 0xFF, 0xFF, 0xFF, 0xFF, 0xFF, 0xFF, 0xFF, 0xFF, 0xCE, 0x79, 0x73, 0xAF, 0x5B, 0x0C, 
    0x29, 0xC9, 0x08, 0xC5, 0x00, 0x20, 0x00, 0x00, 0x00, 0xA5, 0x00, 0xA5, 0x00, 0x21, 0x00, 0x21, 
    0x08, 0x83, 0x19, 0x25, 0x00, 0x01, 0xA5, 0x35, 0xFF, 0xFF, 0x6B, 0x6E, 0x6B, 0x6E, 0x42, 0x28, 
    0x00, 0x00, 0x31, 0xA6, 0x00, 0x00, 0x00, 0x00, 0x00, 0x00, 0x00, 0x00, 0x00, 0x00, 0x00, 0x00, 
    0x00, 0x00, 0x00, 0x00, 0x00, 0x00, 0x00, 0x00, 0x00, 0x00, 0x00, 0x00, 0x00, 0x00, 0x00, 0x00, 
    0x00, 0x00, 0x00, 0x00, 0x00, 0x00, 0x00, 0x00, 0x00, 0x00, 0x00, 0x00, 0x00, 0x00, 0x00, 0x00, 
    0x08, 0x61, 0x19, 0x04, 0x00, 0x00, 0x84, 0x10, 0xB5, 0xB8, 0x9D, 0x15, 0x29, 0x66, 0x00, 0x21, 
    0x00, 0xA4, 0x01, 0x07, 0x00, 0x42, 0x10, 0xC3, 0x63, 0x2D, 0xE7, 0x3D, 0xEF, 0x9E, 0xE7, 0x3D, 
    0xE7, 0x1D, 0xDF, 0x1C, 0xEF, 0x7E, 0xB5, 0xB7, 0x5A, 0xEC, 0x29, 0x66, 0x00, 0x00, 0x00, 0x00, 
    0x00, 0x20, 0x52, 0xCC, 0xF7, 0xDF, 0xFF, 0xFF, 0xFF, 0xFF, 0xFF, 0xFF, 0xFF, 0xFF, 0xFF, 0xFF, 
    0xFF, 0xFF, 0xB5, 0xB7, 0x00, 0x21, 0x00, 0x63, 0x00, 0x84, 0x00, 0x83, 0x00, 0x83, 0x5B, 0x0C, 
    0x5B, 0x0D, 0x52, 0xAB, 0x4A, 0x8B, 0x4A, 0x8B, 0x52, 0xAB, 0x52, 0xCC, 0x5B, 0x2D, 0x63, 0x4D, 
    0x73, 0xAF, 0x84, 0x51, 0x94, 0x92, 0x9C, 0xF3, 0xA5, 0x14, 0xAD, 0x55, 0xAD, 0x75, 0xA5, 0x34, 
    0x73, 0xB0, 0xB5, 0xB7, 0xFF, 0xFF, 0xFF, 0xFF, 0xFF, 0xFF, 0xFF, 0xFF, 0xFF, 0xFF, 0xFF, 0xFF, 
    0xE7, 0x3C, 0x10, 0xC3, 0x00, 0x00, 0x8C, 0x72, 0xF7, 0xDF, 0xFF, 0xFF, 0xFF, 0xFF, 0xFF, 0xFF, 
    0xFF, 0xFF, 0xFF, 0xFF, 0xFF, 0xFF, 0xC6, 0x39, 0xDE, 0xFC, 0xFF, 0xFF, 0xFF, 0xFF, 0xFF, 0xFF, 
    0xFF, 0xFF, 0xFF, 0xFF, 0xFF, 0xFF, 0xFF, 0xDF, 0xA5, 0x14, 0x73, 0xAF, 0x4A, 0xAB, 0x08, 0xE5, 
    0x00, 0x63, 0x00, 0x00, 0x00, 0x42, 0x01, 0x07, 0x00, 0x64, 0x00, 0x21, 0x00, 0x42, 0x00, 0x42, 
    0x29, 0x86, 0x00, 0x42, 0x42, 0x6A, 0xFF, 0xFF, 0xBD, 0xF7, 0x3A, 0x29, 0x6B, 0x4D, 0x08, 0x41, 
    0x10, 0x82, 0x08, 0x61, 0x00, 0x00, 0x00, 0x00, 0x00, 0x00, 0x00, 0x00, 0x00, 0x00, 0x00, 0x00, 
    0x00, 0x00, 0x00, 0x00, 0x00, 0x00, 0x00, 0x00, 0x00, 0x00, 0x00, 0x00, 0x00, 0x00, 0x00, 0x00, 
    0x00, 0x00, 0x00, 0x00, 0x00, 0x00, 0x00, 0x00, 0x00, 0x00, 0x00, 0x00, 0x00, 0x00, 0x00, 0x00, 
    0x42, 0x08, 0x00, 0x00, 0x31, 0xA7, 0xDE, 0xFC, 0xCE, 0x9A, 0x8C, 0x72, 0x10, 0xA3, 0x00, 0x42, 
    0x00, 0xC5, 0x00, 0x84, 0x10, 0xE4, 0x5A, 0xEC, 0xE7, 0x3D, 0xFF, 0xFF, 0xFF, 0xFF, 0xFF, 0xDF, 
    0xF7, 0xBE, 0xFF, 0xFF, 0xBD, 0xF7, 0x39, 0xE8, 0x29, 0x66, 0x00, 0x00, 0x00, 0x00, 0x00, 0x00, 
    0x00, 0x00, 0x29, 0xA7, 0xCE, 0x9A, 0xFF, 0xFF, 0xFF, 0xFF, 0xFF, 0xFF, 0xFF, 0xFF, 0xFF, 0xFF, 
    0xFF, 0xFF, 0xD6, 0xBB, 0x21, 0x67, 0x00, 0x21, 0x00, 0x84, 0x00, 0x63, 0x08, 0xC4, 0x63, 0x4E, 
    0xE7, 0x5D, 0xF7, 0x9E, 0xF7, 0x9E, 0xF7, 0x9E, 0xF7, 0x9E, 0xF7, 0xBE, 0xEF, 0x7E, 0xE7, 0x3D, 
    0xE7, 0x5D, 0xEF, 0x5E, 0xEF, 0x7E, 0xF7, 0x9F, 0xF7, 0xDF, 0xFF, 0xFF, 0xFF, 0xFF, 0xFF, 0xFF, 
    0xFF, 0xFF, 0xFF, 0xFF, 0xFF, 0xFF, 0xFF, 0xFF, 0xFF, 0xFF, 0xFF, 0xFF, 0xFF, 0xFF, 0xCE, 0x59, 
    0x73, 0x8E, 0x08, 0x41, 0x00, 0x20, 0xA5, 0x55, 0xFF, 0xFF, 0xFF, 0xFF, 0xFF, 0xFF, 0xFF, 0xFF, 
    0xFF, 0xFF, 0xFF, 0xFF, 0xFF, 0xFF, 0xFF, 0xFF, 0xFF, 0xFF, 0xFF, 0xFF, 0xFF, 0xFF, 0xFF, 0xFF, 
    0xFF, 0xFF, 0xFF, 0xFF, 0xFF, 0xFF, 0xCE, 0x9A, 0x52, 0xAA, 0x29, 0xA7, 0x00, 0x84, 0x00, 0x21, 
    0x00, 0x00, 0x00, 0xA4, 0x01, 0x28, 0x00, 0x42, 0x00, 0x42, 0x00, 0x63, 0x00, 0x42, 0x19, 0x25, 
    0x21, 0x45, 0x00, 0x21, 0xC6, 0x38, 0xFF, 0xFF, 0x4A, 0x6A, 0x4A, 0x6A, 0x39, 0xE7, 0x00, 0x00, 
    0x31, 0x86, 0x00, 0x00, 0x00, 0x00, 0x00, 0x00, 0x00, 0x00, 0x00, 0x00, 0x00, 0x00, 0x00, 0x00, 
    0x00, 0x00, 0x00, 0x00, 0x00, 0x00, 0x00, 0x00, 0x00, 0x00, 0x00, 0x00, 0x00, 0x00, 0x00, 0x00, 
    0x00, 0x00, 0x00, 0x00, 0x00, 0x00, 0x00, 0x00, 0x00, 0x00, 0x00, 0x00, 0x00, 0x00, 0x29, 0x65, 
    0x00, 0x41, 0x00, 0x21, 0xB5, 0x96, 0xFF, 0xDF, 0xC6, 0x18, 0x39, 0xC7, 0x00, 0x21, 0x00, 0x83, 
    0x00, 0x63, 0x18, 0xE4, 0x5A, 0xED, 0xE7, 0x3C, 0xFF, 0xFF, 0xFF, 0xFF, 0xFF, 0xFF, 0xFF, 0xFF, 
    0xFF, 0xFF, 0xBD, 0xF7, 0x39, 0xE7, 0x29, 0x87, 0x00, 0x01, 0x00, 0x00, 0x00, 0x00, 0x00, 0x00, 
    0x00, 0x00, 0x18, 0xE4, 0x9D, 0x15, 0xFF, 0xFF, 0xFF, 0xFF, 0xFF, 0xFF, 0xFF, 0xFF, 0xFF, 0xFF, 
    0xFF, 0xFF, 0xEF, 0x5D, 0x6B, 0x6F, 0x00, 0x00, 0x00, 0x83, 0x00, 0x63, 0x11, 0x05, 0x8C, 0x73, 
    0xFF, 0xFF, 0xFF, 0xFF, 0xFF, 0xFF, 0xFF, 0xFF, 0xFF, 0xFF, 0xFF, 0xFF, 0xFF, 0xDF, 0xF7, 0xBE, 
    0xEF, 0x7E, 0xEF, 0x5D, 0xEF, 0x5D, 0xEF, 0x5D, 0xEF, 0x7D, 0xEF, 0x9E, 0xF7, 0xBE, 0xFF, 0xFF, 
    0xFF, 0xFF, 0xFF, 0xFF, 0xFF, 0xFF, 0xFF, 0xFF, 0xFF, 0xFF, 0xFF, 0xFF, 0xD6, 0x9A, 0x94, 0x92, 
    0x29, 0x66, 0x00, 0x00, 0x10, 0xA2, 0xB5, 0xB7, 0xFF, 0xFF, 0xFF, 0xFF, 0xFF, 0xFF, 0xFF, 0xFF, 
    0xFF, 0xFF, 0xFF, 0xFF, 0xFF, 0xFF, 0xFF, 0xFF, 0xFF, 0xFF, 0xFF, 0xFF, 0xFF, 0xFF, 0xFF, 0xFF, 
    0xFF, 0xFF, 0xFF, 0xFF, 0xFF, 0xFF, 0xF7, 0xBE, 0x8C, 0x92, 0x08, 0x83, 0x00, 0x00, 0x00, 0x00, 
    0x00, 0xE6, 0x00, 0xC6, 0x00, 0x42, 0x00, 0x63, 0x00, 0x83, 0x00, 0x63, 0x00, 0x83, 0x42, 0x29, 
    0x00, 0x21, 0x5A, 0xEC, 0xFF, 0xFF, 0xD6, 0x9A, 0x4A, 0xAB, 0x73, 0x8E, 0x08, 0x41, 0x10, 0xA2, 
    0x08, 0x61, 0x00, 0x00, 0x00, 0x00, 0x00, 0x00, 0x00, 0x00, 0x00, 0x00, 0x00, 0x00, 0x00, 0x00, 
    0x00, 0x00, 0x00, 0x00, 0x00, 0x00, 0x00, 0x00, 0x00, 0x00, 0x00, 0x00, 0x00, 0x00, 0x00, 0x00, 
    0x00, 0x00, 0x00, 0x00, 0x00, 0x00, 0x00, 0x00, 0x00, 0x00, 0x00, 0x00, 0x08, 0x61, 0x21, 0x25, 
    0x00, 0x00, 0x73, 0xAF, 0xFF, 0xFF, 0xE7, 0x1C, 0x5A, 0xCB, 0x00, 0x21, 0x00, 0x63, 0x00, 0x22, 
    0x19, 0x46, 0x63, 0x6F, 0xDF, 0x1C, 0xFF, 0xFF, 0xFF, 0xFF, 0xFF, 0xFF, 0xFF, 0xFF, 0xFF, 0xFF, 
    0xD6, 0x9A, 0x5B, 0x0D, 0x29, 0xA8, 0x00, 0x01, 0x00, 0x00, 0x00, 0x00, 0x00, 0x00, 0x00, 0x21, 
    0x00, 0x01, 0x00, 0x21, 0x4A, 0x8B, 0xEF, 0x7D, 0xFF, 0xFF, 0xFF, 0xFF, 0xFF, 0xFF, 0xFF, 0xFF, 
    0xFF, 0xFF, 0xEF, 0x9E, 0x94, 0xF5, 0x08, 0xA3, 0x00, 0x42, 0x00, 0x42, 0x21, 0x46, 0xBE, 0x19, 
    0xFF, 0xFF, 0xFF, 0xFF, 0xFF, 0xFF, 0xFF, 0xFF, 0xFF, 0xFF, 0xFF, 0xFF, 0xF7, 0x9E, 0xEF, 0x9E, 
    0xF7, 0xBF, 0xEF, 0x9E, 0xEF, 0x7E, 0xEF, 0x7E, 0xEF, 0x7E, 0xF7, 0x9E, 0xF7, 0xBE, 0xFF, 0xFF, 
    0xDE, 0xFB, 0xAD, 0x55, 0xAD, 0x76, 0xBD, 0xD7, 0xA5, 0x34, 0xB5, 0xB6, 0x6B, 0x6E, 0x31, 0x86, 
    0x00, 0x41, 0x00, 0x00, 0x29, 0x45, 0xCE, 0x7A, 0xFF, 0xFF, 0xFF, 0xFF, 0xFF, 0xFF, 0xF7, 0xBF, 
    0xF7, 0xBE, 0xEF, 0x9E, 0xEF, 0x9E, 0xF7, 0x9E, 0xF7, 0x9E, 0xEF, 0x7E, 0xE7, 0x5D, 0xDF, 0x1C, 
    0xD6, 0xDC, 0xCE, 0x9B, 0xC6, 0xDD, 0xAE, 0x3C, 0x7C, 0x53, 0x52, 0xAC, 0x10, 0xA2, 0x00, 0x00, 
    0x00, 0x84, 0x00, 0x42, 0x00, 0xA4, 0x00, 0xA4, 0x00, 0x83, 0x00, 0x42, 0x42, 0x4A, 0x39, 0xE8, 
    0x00, 0x00, 0x6B, 0x8E, 0xFF, 0xFF, 0xAD, 0x96, 0x4A, 0x6A, 0x4A, 0x28, 0x00, 0x00, 0x31, 0xA6, 
    0x00, 0x00, 0x00, 0x00, 0x00, 0x00, 0x00, 0x00, 0x00, 0x00, 0x00, 0x00, 0x00, 0x00, 0x00, 0x00, 
    0x00, 0x00, 0x00, 0x00, 0x00, 0x00, 0x00, 0x00, 0x00, 0x00, 0x00, 0x00, 0x00, 0x00, 0x00, 0x00, 
    0x00, 0x00, 0x00, 0x00, 0x00, 0x00, 0x00, 0x00, 0x00, 0x00, 0x00, 0x00, 0x42, 0x08, 0x00, 0x00, 
    0x29, 0x86, 0xF7, 0x9D, 0xF7, 0xBE, 0x73, 0xCF, 0x00, 0x21, 0x00, 0x83, 0x00, 0x42, 0x21, 0x66, 
    0x8C, 0xB3, 0xDE, 0xFC, 0xFF, 0xFF, 0xFF, 0xFF, 0xFF, 0xFF, 0xFF, 0xFF, 0xFF, 0xFF, 0xDE, 0xFB, 
    0x6B, 0x8E, 0x4A, 0x6A, 0x00, 0x62, 0x08, 0x41, 0x08, 0x41, 0x08, 0x62, 0x10, 0xC3, 0x10, 0xE5, 
    0x10, 0xC4, 0x00, 0x00, 0x19, 0x05, 0xAD, 0x97, 0xFF, 0xFF, 0xFF, 0xFF, 0xFF, 0xFF, 0xFF, 0xFF, 
    0xFF, 0xFF, 0xFF, 0xFF, 0xAD, 0x97, 0x29, 0xA8, 0x00, 0x21, 0x00, 0x22, 0x52, 0xCB, 0xEF, 0x9E, 
    0xFF, 0xFF, 0xFF, 0xFF, 0xFF, 0xFF, 0xFF, 0xFF, 0xFF, 0xFF, 0x94, 0xB3, 0x84, 0x52, 0x7C, 0x10, 
    0x94, 0xB3, 0xDE, 0xFC, 0xCE, 0x9B, 0xCE, 0x9A, 0xCE, 0x9A, 0xD6, 0xBB, 0xD6, 0xBB, 0xDE, 0xFC, 
    0x7B, 0xF0, 0x29, 0x66, 0x29, 0x87, 0x4A, 0x6A, 0x21, 0x04, 0x4A, 0x8B, 0x3A, 0x29, 0x00, 0x84, 
    0x00, 0x00, 0x00, 0x00, 0x3A, 0x08, 0xC6, 0x5A, 0xAD, 0xB8, 0xA5, 0x77, 0x9D, 0x36, 0x94, 0xF5, 
    0x8C, 0xB4, 0x8C, 0xD5, 0x8C, 0xF6, 0xB5, 0xB8, 0x9D, 0x36, 0xB5, 0xD8, 0x9D, 0x36, 0x8C, 0xB4, 
    0x84, 0x73, 0x7C, 0x32, 0x73, 0xF2, 0x5B, 0xD3, 0x4B, 0xB6, 0x6C, 0xDA, 0x52, 0xED, 0x10, 0xC3, 
    0x00, 0x63, 0x00, 0xA4, 0x00, 0xA4, 0x00, 0xA4, 0x00, 0x83, 0x08, 0xA4, 0xAD, 0x76, 0x3A, 0x08, 
    0x00, 0x00, 0x39, 0xE7, 0xE7, 0x3D, 0xBD, 0xF8, 0x73, 0x8E, 0x39, 0xE8, 0x00, 0x00, 0x31, 0xC7, 
    0x00, 0x00, 0x00, 0x00, 0x00, 0x00, 0x00, 0x00, 0x00, 0x00, 0x00, 0x00, 0x00, 0x00, 0x00, 0x00, 
    0x00, 0x00, 0x00, 0x00, 0x00, 0x00, 0x00, 0x00, 0x00, 0x00, 0x00, 0x00, 0x00, 0x00, 0x00, 0x00, 
    0x00, 0x00, 0x00, 0x00, 0x00, 0x00, 0x00, 0x00, 0x00, 0x00, 0x31, 0x86, 0x00, 0x21, 0x00, 0x41, 
    0xBE, 0x18, 0xFF, 0xFF, 0x94, 0xB2, 0x08, 0x62, 0x00, 0x63, 0x00, 0x42, 0x21, 0x67, 0xA5, 0x35, 
    0xAD, 0x97, 0xF7, 0xBE, 0xFF, 0xFF, 0xFF, 0xFF, 0xFF, 0xFF, 0xFF, 0xFF, 0xFF, 0xFF, 0xEF, 0x7D, 
    0x9D, 0x14, 0x9D, 0x14, 0xA5, 0x55, 0x84, 0x52, 0x9D, 0x36, 0xA5, 0x56, 0x94, 0xD4, 0xB5, 0xB7, 
    0x52, 0xAB, 0x00, 0x01, 0x08, 0x82, 0x73, 0xD0, 0xDE, 0xDC, 0xC6, 0x5A, 0xC6, 0x59, 0xBE, 0x19, 
    0xBE, 0x19, 0xC6, 0x5A, 0xCE, 0xBC, 0x63, 0x4E, 0x00, 0x00, 0x00, 0x21, 0x7C, 0x11, 0xE7, 0x5E, 
    0xCE, 0x7A, 0xC6, 0x5A, 0xC6, 0x39, 0xB5, 0xF9, 0xBE, 0x19, 0x4A, 0x8B, 0x29, 0x66, 0x29, 0x45, 
    0x29, 0x86, 0x63, 0x4E, 0x7C, 0x32, 0x6B, 0xB0, 0x73, 0xD0, 0x6B, 0xB0, 0x6B, 0x90, 0x74, 0x33, 
    0x7C, 0x74, 0x7C, 0x11, 0x18, 0xE3, 0x00, 0x00, 0x00, 0x20, 0x00, 0x22, 0x00, 0x22, 0x00, 0x20, 
    0x00, 0x00, 0x00, 0x00, 0x4A, 0x8B, 0xB5, 0xF9, 0x5B, 0x4F, 0x63, 0x4F, 0x5B, 0x4F, 0x63, 0x6F, 
    0x5B, 0x4F, 0x6C, 0x12, 0x6B, 0xD1, 0x8C, 0xD5, 0x5B, 0x2F, 0x63, 0x2E, 0x6B, 0xD1, 0x63, 0xB1, 
    0x63, 0x6F, 0x63, 0x6F, 0x63, 0x6F, 0x5B, 0x4F, 0x3B, 0x76, 0x7E, 0x5F, 0x75, 0x5A, 0x5B, 0x4F, 
    0x19, 0x26, 0x00, 0x84, 0x00, 0xA4, 0x00, 0xA4, 0x00, 0x83, 0x08, 0xA4, 0xAD, 0x96, 0x63, 0x2D, 
    0x00, 0x00, 0x00, 0x41, 0x94, 0xB3, 0xC6, 0x59, 0x63, 0x2D, 0x73, 0xAF, 0x00, 0x21, 0x39, 0xC7, 
    0x00, 0x00, 0x00, 0x00, 0x00, 0x00, 0x00, 0x00, 0x00, 0x00, 0x00, 0x00, 0x00, 0x00, 0x00, 0x00, 
    0x00, 0x00, 0x00, 0x00, 0x00, 0x00, 0x00, 0x00, 0x00, 0x00, 0x00, 0x00, 0x00, 0x00, 0x00, 0x00, 
    0x00, 0x00, 0x00, 0x00, 0x00, 0x00, 0x00, 0x00, 0x08, 0x61, 0x29, 0x45, 0x00, 0x00, 0x73, 0xAF, 
    0xFF, 0xDF, 0xAD, 0x55, 0x10, 0xA3, 0x00, 0x42, 0x00, 0x42, 0x19, 0x05, 0xBD, 0xF7, 0x6B, 0xF2, 
    0x6B, 0xB0, 0x8C, 0x73, 0xAD, 0x97, 0xCE, 0x9B, 0xE7, 0x3D, 0xF7, 0xBE, 0xFF, 0xFF, 0xFF, 0xFF, 
    0xFF, 0xFF, 0xFF, 0xFF, 0xFF, 0xFF, 0xFF, 0xFF, 0xBD, 0xF7, 0x52, 0xAB, 0x4A, 0x8A, 0x29, 0xEB, 
    0x00, 0x22, 0x00, 0x21, 0x00, 0x00, 0x39, 0xE8, 0xA5, 0x36, 0x6B, 0xB0, 0x6B, 0x8F, 0x63, 0x6F, 
    0x63, 0x6F, 0x5B, 0x2E, 0x95, 0x16, 0xC6, 0x59, 0x08, 0x61, 0x00, 0x00, 0x8C, 0x93, 0x8C, 0xD5, 
    0x63, 0x6F, 0x63, 0x8F, 0x63, 0x6F, 0x5B, 0x4F, 0x94, 0xF5, 0x73, 0x8E, 0x00, 0x00, 0x00, 0x00, 
    0x08, 0x61, 0x39, 0xE8, 0x6B, 0x90, 0x6B, 0xB0, 0x63, 0x6F, 0x6B, 0x8F, 0x63, 0x6F, 0x6B, 0xD1, 
    0x95, 0x57, 0x84, 0xD6, 0xA5, 0x35, 0x10, 0xA2, 0x00, 0x00, 0x00, 0x00, 0x00, 0x00, 0x00, 0x00, 
    0x00, 0x42, 0x00, 0x21, 0x6B, 0x8F, 0xBD, 0xF8, 0x5B, 0x2E, 0x63, 0x8F, 0x6B, 0xB0, 0x73, 0xD1, 
    0x73, 0xD1, 0x7C, 0x74, 0x53, 0x0D, 0x21, 0x25, 0x08, 0x20, 0x31, 0x86, 0x42, 0x8B, 0x6B, 0xF3, 
    0x6B, 0xB1, 0x6B, 0xB0, 0x63, 0xB1, 0x63, 0xB2, 0x43, 0xFA, 0x57, 0x1F, 0xAF, 0x9F, 0x7D, 0x9C, 
    0x7C, 0x12, 0x11, 0x06, 0x00, 0x84, 0x00, 0xA4, 0x00, 0x83, 0x00, 0x42, 0x29, 0x66, 0x94, 0xB4, 
    0x21, 0x25, 0x00, 0x00, 0x21, 0x24, 0xD6, 0x9B, 0xB5, 0xB7, 0x7B, 0xF0, 0x18, 0xC3, 0x08, 0x61, 
    0x18, 0xC3, 0x00, 0x00, 0x00, 0x00, 0x00, 0x00, 0x00, 0x00, 0x00, 0x00, 0x00, 0x00, 0x00, 0x00, 
    0x00, 0x00, 0x00, 0x00, 0x00, 0x00, 0x00, 0x00, 0x00, 0x00, 0x00, 0x00, 0x00, 0x00, 0x00, 0x00, 
    0x00, 0x00, 0x00, 0x00, 0x00, 0x00, 0x00, 0x00, 0x42, 0x08, 0x00, 0x00, 0x29, 0x86, 0xE7, 0x1D, 
    0xB5, 0xB7, 0x21, 0x24, 0x00, 0x22, 0x00, 0x42, 0x10, 0xA3, 0xBD, 0xD7, 0x6C, 0x74, 0x32, 0xAE, 
    0x52, 0xCD, 0x5B, 0x0E, 0x63, 0x6F, 0x7C, 0x12, 0x94, 0xD4, 0xB5, 0xD8, 0xD6, 0xBB, 0xEF, 0x5D, 
    0xF7, 0xDF, 0xFF, 0xFF, 0xDE, 0xDB, 0x73, 0xF1, 0x29, 0x66, 0x21, 0x46, 0x00, 0x83, 0x00, 0x23, 
    0x00, 0x20, 0x00, 0x21, 0x00, 0x00, 0x21, 0x25, 0x94, 0xD5, 0x7C, 0x12, 0x6B, 0x90, 0x6B, 0xB0, 
    0x73, 0xB0, 0x73, 0xB0, 0x6C, 0x95, 0xEF, 0x7E, 0x42, 0x28, 0x10, 0x82, 0xCE, 0x7A, 0x84, 0x73, 
    0x6B, 0x90, 0x73, 0xD0, 0x73, 0xF1, 0x73, 0xD1, 0xA5, 0x56, 0x63, 0x0C, 0x00, 0x00, 0x00, 0x00, 
    0x00, 0x00, 0x18, 0xE3, 0x63, 0x2E, 0x7C, 0x32, 0x84, 0x53, 0x84, 0x73, 0x8C, 0x73, 0x84, 0x52, 
    0x84, 0x53, 0x8C, 0xF7, 0xAD, 0xD9, 0xCE, 0x59, 0x10, 0x82, 0x00, 0x00, 0x00, 0x21, 0x00, 0x63, 
    0x00, 0x83, 0x00, 0x63, 0x9C, 0xF4, 0xBE, 0x1A, 0x7C, 0x12, 0x84, 0x73, 0x8C, 0x93, 0x8C, 0xB4, 
    0x94, 0xD4, 0x8D, 0x16, 0x63, 0x6F, 0x10, 0x82, 0x00, 0x00, 0x00, 0x00, 0x39, 0xE8, 0x4A, 0x8B, 
    0x6C, 0x55, 0x74, 0x77, 0x64, 0x36, 0x64, 0x58, 0x5C, 0xBC, 0x4D, 0x1C, 0x66, 0x1F, 0x9E, 0xDF, 
    0x75, 0x5D, 0x9D, 0x15, 0x11, 0x05, 0x00, 0x63, 0x00, 0x84, 0x00, 0x83, 0x00, 0x01, 0x63, 0x2D, 
    0x9C, 0xF4, 0x00, 0x21, 0x00, 0x00, 0x63, 0x2D, 0xE7, 0x3D, 0xB5, 0x96, 0x63, 0x2D, 0x00, 0x00, 
    0x39, 0xC7, 0x00, 0x00, 0x00, 0x00, 0x00, 0x00, 0x00, 0x00, 0x00, 0x00, 0x00, 0x00, 0x00, 0x00, 
    0x00, 0x00, 0x00, 0x00, 0x00, 0x00, 0x00, 0x00, 0x00, 0x00, 0x00, 0x00, 0x00, 0x00, 0x00, 0x00, 
    0x00, 0x00, 0x00, 0x00, 0x00, 0x00, 0x31, 0x86, 0x08, 0x41, 0x08, 0x82, 0xA5, 0x55, 0xC6, 0x19, 
    0x31, 0xC7, 0x00, 0x01, 0x00, 0x42, 0x08, 0xA4, 0xB5, 0x96, 0x85, 0x17, 0x3B, 0xB6, 0x4A, 0xAD, 
    0x52, 0xCC, 0x52, 0xCD, 0x52, 0xED, 0x52, 0xED, 0x64, 0x77, 0x85, 0x18, 0xAD, 0xD9, 0xD7, 0x1D, 
    0xE7, 0x3D, 0x8C, 0xB3, 0x73, 0xD0, 0x42, 0x8C, 0x11, 0x07, 0x00, 0x64, 0x00, 0x00, 0x00, 0x00, 
    0x00, 0x00, 0x00, 0x21, 0x00, 0x21, 0x10, 0x82, 0x7C, 0x53, 0x9D, 0x57, 0x8C, 0xB4, 0x94, 0xD4, 
    0x94, 0xD4, 0x94, 0xD4, 0x95, 0x16, 0xD6, 0xFD, 0x94, 0x92, 0x29, 0x66, 0xCE, 0x9B, 0x94, 0xF5, 
    0x94, 0xB4, 0x94, 0xD4, 0x94, 0xF4, 0x94, 0xF5, 0xAD, 0x97, 0x42, 0x29, 0x00, 0x00, 0x00, 0x00, 
    0x00, 0x00, 0x00, 0x00, 0x31, 0xA7, 0x6B, 0xAF, 0x9C, 0xF5, 0xAD, 0x97, 0xA5, 0x56, 0xA5, 0x56, 
    0xAD, 0x76, 0xB5, 0xB7, 0xAD, 0xD8, 0xBD, 0xF9, 0xBD, 0xF7, 0x08, 0xA3, 0x00, 0x63, 0x08, 0xC5, 
    0x00, 0x83, 0x11, 0x05, 0xBD, 0xF8, 0xB5, 0xF9, 0x94, 0xF5, 0x9D, 0x36, 0xA5, 0x56, 0xA5, 0x56, 
    0xAD, 0x97, 0x9D, 0xB9, 0x73, 0xAF, 0x00, 0x20, 0x00, 0x00, 0x00, 0x00, 0x00, 0x00, 0x42, 0x28, 
    0x5A, 0xED, 0x7C, 0xB7, 0x84, 0xF8, 0x8C, 0xD6, 0x8C, 0xD5, 0x8C, 0x96, 0x6C, 0x7B, 0x75, 0xFF, 
    0x96, 0xDF, 0x85, 0xDE, 0xA5, 0x36, 0x19, 0x05, 0x00, 0x42, 0x00, 0x83, 0x00, 0x63, 0x00, 0x01, 
    0x6B, 0x6E, 0x5B, 0x0D, 0x00, 0x00, 0x08, 0x61, 0xBD, 0xF7, 0xD6, 0x9A, 0x9D, 0x14, 0x29, 0x66, 
    0x08, 0x41, 0x21, 0x04, 0x00, 0x00, 0x00, 0x00, 0x00, 0x00, 0x00, 0x00, 0x00, 0x00, 0x00, 0x00, 
    0x00, 0x00, 0x00, 0x00, 0x00, 0x00, 0x00, 0x00, 0x00, 0x00, 0x00, 0x00, 0x00, 0x00, 0x00, 0x00, 
    0x00, 0x00, 0x00, 0x00, 0x08, 0x41, 0x21, 0x25, 0x00, 0x00, 0x63, 0x2D, 0xC6, 0x5A, 0x4A, 0x69, 
    0x00, 0x00, 0x00, 0x42, 0x08, 0x62, 0xAD, 0x55, 0x8C, 0xD5, 0x65, 0x5B, 0x5D, 0xFF, 0x33, 0x75, 
    0x4B, 0x30, 0x53, 0x0F, 0x53, 0x2F, 0x64, 0x56, 0x6D, 0xFF, 0x9E, 0x3C, 0xB6, 0x7C, 0x7C, 0xF7, 
    0xA5, 0x35, 0x5B, 0x2E, 0x19, 0x89, 0x00, 0xA6, 0x00, 0x43, 0x00, 0x00, 0x00, 0x00, 0x00, 0x84, 
    0x00, 0x84, 0x00, 0x63, 0x00, 0x62, 0x00, 0x00, 0x52, 0xED, 0xB6, 0x1A, 0xBD, 0xF9, 0xB5, 0xD8, 
    0xB5, 0xB8, 0xB5, 0xB8, 0xB5, 0xD8, 0xA5, 0xDA, 0x8C, 0x92, 0x42, 0x49, 0xB5, 0xF9, 0xBD, 0xF9, 
    0xB5, 0xD8, 0xB5, 0xD8, 0xB5, 0xF8, 0xAD, 0xB7, 0xA5, 0x35, 0x31, 0xA7, 0x00, 0x00, 0x00, 0x00, 
    0x00, 0x21, 0x00, 0x00, 0x00, 0x00, 0x52, 0x8A, 0x94, 0xD4, 0xC6, 0x39, 0xC6, 0x39, 0xC6, 0x39, 
    0xC6, 0x39, 0xC6, 0x59, 0xCE, 0x7A, 0xA5, 0x77, 0xCE, 0x7A, 0xAD, 0x96, 0x08, 0x63, 0x00, 0x84, 
    0x00, 0x63, 0x29, 0xA7, 0xD6, 0xBB, 0xBE, 0x1A, 0xAD, 0x97, 0xB5, 0xD8, 0xB5, 0xF8, 0xBD, 0xF8, 
    0xB6, 0x3A, 0x9D, 0xD9, 0x73, 0x8F, 0x00, 0x00, 0x00, 0x00, 0x00, 0x00, 0x00, 0x00, 0x00, 0x20, 
    0x4A, 0x6A, 0x63, 0x4E, 0xA5, 0x56, 0xAD, 0x97, 0x9D, 0x36, 0x9D, 0x57, 0x9D, 0x58, 0x8D, 0x7C, 
    0x96, 0x7F, 0x7E, 0x9F, 0xA6, 0x9E, 0xCE, 0x79, 0x19, 0x05, 0x00, 0x22, 0x00, 0x63, 0x00, 0x22, 
    0x08, 0x61, 0x9C, 0xF4, 0x42, 0x29, 0x00, 0x00, 0x31, 0xA7, 0xEF, 0x5D, 0xAD, 0x76, 0x6B, 0x4D, 
    0x00, 0x00, 0x31, 0xC7, 0x00, 0x00, 0x00, 0x00, 0x00, 0x00, 0x00, 0x00, 0x00, 0x00, 0x00, 0x00, 
    0x00, 0x00, 0x00, 0x00, 0x00, 0x00, 0x00, 0x00, 0x00, 0x00, 0x00, 0x00, 0x00, 0x00, 0x00, 0x00, 
    0x00, 0x00, 0x00, 0x00, 0x3A, 0x08, 0x00, 0x00, 0x29, 0x86, 0xB5, 0xB7, 0x63, 0x2D, 0x00, 0x00, 
    0x00, 0x22, 0x00, 0x22, 0xA5, 0x14, 0xAD, 0x97, 0x43, 0x31, 0x53, 0xB4, 0x53, 0xF5, 0x54, 0x37, 
    0x54, 0x18, 0x4B, 0xD7, 0x7D, 0xDD, 0x86, 0x5F, 0x64, 0x14, 0x39, 0xE8, 0x63, 0x4E, 0x4A, 0xAD, 
    0x21, 0xA9, 0x00, 0xC7, 0x00, 0xA6, 0x00, 0x00, 0x00, 0x00, 0x00, 0x63, 0x01, 0x07, 0x00, 0xA5, 
    0x00, 0x63, 0x00, 0x84, 0x00, 0x63, 0x00, 0x01, 0x29, 0xA7, 0x9D, 0x57, 0xC6, 0x5A, 0xDE, 0xFC, 
    0xD6, 0xDB, 0xD6, 0xBB, 0xCE, 0x9A, 0xBE, 0x7B, 0x52, 0xEC, 0x21, 0x45, 0xB5, 0xB7, 0xD6, 0xBB, 
    0xCE, 0x9A, 0xCE, 0x7A, 0xCE, 0x9B, 0xB5, 0xF8, 0xA5, 0x14, 0x10, 0xE4, 0x00, 0x00, 0x00, 0x63, 
    0x00, 0x63, 0x00, 0x21, 0x00, 0x00, 0x00, 0x20, 0x7B, 0xF0, 0xA5, 0x56, 0xC6, 0x39, 0xD6, 0x9B, 
    0xD6, 0xBB, 0xD6, 0xBB, 0xD6, 0xBB, 0xDE, 0xFC, 0xAD, 0x97, 0xD6, 0xBB, 0xA5, 0x55, 0x00, 0x63, 
    0x00, 0x42, 0x42, 0x4A, 0xDF, 0x1D, 0xCE, 0x7B, 0xC6, 0x5A, 0xCE, 0x7A, 0xCE, 0x7A, 0xCE, 0x9A, 
    0xCE, 0xDC, 0x95, 0x36, 0x63, 0x2C, 0x00, 0x00, 0x00, 0x42, 0x00, 0x42, 0x00, 0x00, 0x00, 0x00, 
    0x00, 0x20, 0x5A, 0xEC, 0x73, 0xAF, 0xAD, 0xB8, 0xBE, 0x19, 0xB5, 0xF9, 0xBE, 0x19, 0xB6, 0x1A, 
    0xAD, 0xFC, 0xB6, 0xFF, 0x76, 0x1E, 0xA5, 0xFB, 0xCE, 0x79, 0x18, 0xE4, 0x00, 0x22, 0x00, 0x62, 
    0x00, 0x01, 0x21, 0x45, 0x8C, 0x52, 0x10, 0x82, 0x00, 0x00, 0x94, 0x92, 0xEF, 0x7D, 0x94, 0x92, 
    0x31, 0xC7, 0x00, 0x21, 0x21, 0x24, 0x00, 0x00, 0x00, 0x00, 0x00, 0x00, 0x00, 0x00, 0x00, 0x00, 
    0x00, 0x00, 0x00, 0x00, 0x00, 0x00, 0x00, 0x00, 0x00, 0x00, 0x00, 0x00, 0x00, 0x00, 0x00, 0x00, 
    0x00, 0x00, 0x29, 0x45, 0x00, 0x41, 0x00, 0x41, 0x8C, 0x72, 0x84, 0x11, 0x08, 0x41, 0x00, 0x22, 
    0x00, 0x01, 0x94, 0xB2, 0xBE, 0x19, 0x53, 0xB2, 0x73, 0xF1, 0x7C, 0x11, 0x7C, 0x11, 0x84, 0x32, 
    0x7C, 0x53, 0x8D, 0x59, 0x7D, 0x7B, 0x84, 0x93, 0x6B, 0x6D, 0x10, 0x82, 0x00, 0x00, 0x00, 0x43, 
    0x00, 0x86, 0x00, 0x01, 0x00, 0x00, 0x00, 0x42, 0x01, 0x27, 0x00, 0xC5, 0x00, 0x63, 0x00, 0x83, 
    0x00, 0xA4, 0x00, 0xA4, 0x00, 0x84, 0x00, 0x42, 0x08, 0x62, 0xAD, 0x96, 0xA5, 0x35, 0x7B, 0xF0, 
    0x7C, 0x10, 0x94, 0xB4, 0xAD, 0x98, 0xCE, 0xBB, 0x8C, 0x93, 0x52, 0xAB, 0xC6, 0x5A, 0x9D, 0x36, 
    0x94, 0xD4, 0xA5, 0x56, 0xCE, 0x7A, 0xC6, 0x38, 0xA5, 0x35, 0x00, 0x01, 0x00, 0x21, 0x00, 0xA4, 
    0x00, 0xA4, 0x00, 0x63, 0x00, 0x21, 0x00, 0x00, 0x10, 0xA2, 0x9C, 0xD3, 0xBD, 0xD8, 0xCE, 0x7A, 
    0xBE, 0x18, 0xAD, 0xB7, 0xB5, 0xD8, 0xBE, 0x39, 0xAD, 0x77, 0x8C, 0x93, 0xF7, 0xDF, 0x94, 0xD3, 
    0x00, 0x00, 0x52, 0xEC, 0xD6, 0xDC, 0xD6, 0xDC, 0xDF, 0x1C, 0xDE, 0xFC, 0xDE, 0xFC, 0xDF, 0x1C, 
    0xD7, 0x1D, 0x9D, 0x35, 0x4A, 0x69, 0x00, 0x00, 0x00, 0xA4, 0x00, 0xC5, 0x00, 0x43, 0x00, 0x00, 
    0x00, 0x00, 0x08, 0x41, 0x5B, 0x0C, 0x73, 0xB0, 0xD6, 0x9B, 0xD6, 0xBB, 0xCE, 0x7A, 0xCE, 0x9B, 
    0xCE, 0x9B, 0xC6, 0x7C, 0xB6, 0xBE, 0x7D, 0x7A, 0xAD, 0xF9, 0xD6, 0x99, 0x10, 0xA3, 0x00, 0x21, 
    0x00, 0x42, 0x00, 0x00, 0x39, 0xC7, 0x6B, 0x4E, 0x00, 0x00, 0x18, 0xC3, 0xE7, 0x3C, 0xCE, 0x79, 
    0x6B, 0x6E, 0x00, 0x21, 0x31, 0xA7, 0x00, 0x00, 0x00, 0x00, 0x00, 0x00, 0x00, 0x00, 0x00, 0x00, 
    0x00, 0x00, 0x00, 0x00, 0x00, 0x00, 0x00, 0x00, 0x00, 0x00, 0x00, 0x00, 0x00, 0x00, 0x00, 0x00, 
    0x00, 0x20, 0x29, 0x66, 0x00, 0x00, 0x63, 0x0D, 0x94, 0xD3, 0x19, 0x04, 0x00, 0x01, 0x00, 0x00, 
    0x8C, 0x51, 0xCE, 0x7A, 0x74, 0x74, 0x94, 0xF5, 0x94, 0xD4, 0x94, 0xF4, 0x9C, 0xF5, 0x9D, 0x15, 
    0x9D, 0x78, 0x8D, 0x17, 0x5B, 0x2D, 0x3A, 0x08, 0x00, 0x42, 0x00, 0x00, 0x00, 0x00, 0x00, 0x00, 
    0x00, 0x00, 0x00, 0x20, 0x01, 0x47, 0x01, 0x48, 0x00, 0x83, 0x00, 0x42, 0x00, 0x84, 0x08, 0xC5, 
    0x00, 0xC5, 0x00, 0x84, 0x00, 0x63, 0x00, 0x42, 0x00, 0x01, 0x39, 0xE8, 0x4A, 0x49, 0x29, 0x45, 
    0x29, 0x86, 0x39, 0xE8, 0x42, 0x29, 0x52, 0xAB, 0x52, 0xAB, 0x4A, 0x69, 0x63, 0x0C, 0x42, 0x29, 
    0x42, 0x29, 0x4A, 0x6A, 0x5A, 0xEB, 0x63, 0x0C, 0x3A, 0x2A, 0x00, 0x22, 0x00, 0x62, 0x00, 0xC5, 
    0x00, 0xA4, 0x00, 0x84, 0x00, 0x63, 0x00, 0x21, 0x00, 0x00, 0x18, 0xC3, 0x63, 0x2C, 0x6B, 0x4D, 
    0x63, 0x2D, 0x63, 0x4D, 0x6B, 0x8E, 0x7B, 0xD0, 0x73, 0xD0, 0x6B, 0xD0, 0x8C, 0x94, 0xC6, 0x59, 
    0x5A, 0xEB, 0x94, 0xB3, 0xE7, 0x1C, 0xC6, 0x5A, 0xBE, 0x3A, 0xCF, 0x1D, 0xDF, 0x7E, 0xFF, 0xFF, 
    0xD7, 0x3D, 0x9D, 0x15, 0x31, 0xC8, 0x00, 0x00, 0x00, 0xC5, 0x00, 0xC5, 0x00, 0xE6, 0x00, 0x43, 
    0x00, 0x00, 0x00, 0x00, 0x08, 0x61, 0x6B, 0x6E, 0x73, 0xB0, 0xDE, 0xDB, 0xE7, 0x3D, 0xD6, 0xFC, 
    0xD6, 0xDC, 0xD6, 0xDC, 0xD6, 0xDC, 0xD7, 0x5F, 0x85, 0x18, 0xB5, 0xB8, 0xD6, 0x9A, 0x10, 0x83, 
    0x00, 0x01, 0x00, 0x22, 0x00, 0x00, 0x52, 0x8A, 0x42, 0x29, 0x00, 0x00, 0x63, 0x2C, 0xFF, 0xDF, 
    0xA5, 0x35, 0x3A, 0x29, 0x00, 0x00, 0x31, 0x86, 0x00, 0x00, 0x00, 0x00, 0x00, 0x00, 0x00, 0x00, 
    0x00, 0x00, 0x00, 0x00, 0x00, 0x00, 0x00, 0x00, 0x00, 0x00, 0x00, 0x00, 0x00, 0x00, 0x00, 0x00, 
    0x3A, 0x08, 0x00, 0x00, 0x21, 0x45, 0x94, 0x93, 0x31, 0x86, 0x00, 0x00, 0x00, 0x01, 0x73, 0x8E, 
    0xCE, 0x9B, 0x8D, 0x37, 0xAD, 0x97, 0xAD, 0x97, 0xAD, 0xB7, 0xB5, 0xB8, 0xB5, 0xD8, 0xBE, 0x19, 
    0xA5, 0x77, 0x7B, 0xF1, 0x42, 0x6A, 0x01, 0x4A, 0x00, 0x42, 0x00, 0x00, 0x00, 0x00, 0x00, 0x42, 
    0x01, 0x06, 0x01, 0x47, 0x00, 0xE5, 0x00, 0x22, 0x00, 0x83, 0x00, 0xC5, 0x00, 0xA5, 0x00, 0x64, 
    0x00, 0xA4, 0x31, 0xE9, 0x3A, 0x09, 0x29, 0x87, 0x19, 0x26, 0x00, 0x21, 0x00, 0x00, 0x00, 0x00, 
    0x00, 0x00, 0x00, 0x00, 0x00, 0x00, 0x00, 0x00, 0x00, 0x00, 0x00, 0x00, 0x00, 0x00, 0x00, 0x00, 
    0x00, 0x00, 0x00, 0x00, 0x00, 0x00, 0x00, 0x00, 0x00, 0x00, 0x00, 0x00, 0x00, 0x42, 0x00, 0x84, 
    0x00, 0x63, 0x00, 0x43, 0x00, 0x43, 0x00, 0x01, 0x00, 0x00, 0x00, 0x00, 0x00, 0x00, 0x00, 0x00, 
    0x00, 0x00, 0x00, 0x00, 0x00, 0x00, 0x00, 0x00, 0x00, 0x21, 0x10, 0x82, 0x18, 0xC3, 0x21, 0x66, 
    0x31, 0xA7, 0x4A, 0x8B, 0x7C, 0x10, 0x84, 0x31, 0x73, 0xD0, 0x73, 0xF2, 0x75, 0x5B, 0xAE, 0xBF, 
    0xC6, 0x9C, 0xBD, 0xF8, 0x19, 0x05, 0x00, 0x00, 0x08, 0xC5, 0x08, 0xC5, 0x00, 0xA4, 0x00, 0xE6, 
    0x00, 0x63, 0x00, 0x00, 0x00, 0x00, 0x08, 0x62, 0x6B, 0x8F, 0x94, 0xD4, 0xE7, 0x3D, 0xEF, 0x5D, 
    0xE7, 0x3D, 0xE7, 0x3D, 0xDF, 0x1C, 0xDF, 0x1C, 0xE7, 0x5E, 0x8C, 0xD5, 0xB5, 0xB7, 0xCE, 0x79, 
    0x10, 0xA3, 0x00, 0x01, 0x00, 0x21, 0x00, 0x21, 0x5A, 0xEB, 0x10, 0xA3, 0x00, 0x20, 0xC6, 0x39, 
    0xEF, 0x7E, 0x8C, 0x51, 0x08, 0x62, 0x31, 0xC7, 0x00, 0x00, 0x00, 0x00, 0x00, 0x00, 0x00, 0x00, 
    0x00, 0x00, 0x00, 0x00, 0x00, 0x00, 0x00, 0x00, 0x00, 0x00, 0x00, 0x00, 0x00, 0x00, 0x21, 0x04, 
    0x10, 0xA3, 0x08, 0x62, 0x84, 0x31, 0x4A, 0x49, 0x00, 0x00, 0x00, 0x00, 0x63, 0x0D, 0xD6, 0xDC, 
    0xAD, 0x98, 0xB5, 0xF9, 0xBE, 0x19, 0xC6, 0x39, 0xC6, 0x5A, 0xCE, 0x7A, 0xCE, 0x7A, 0xD6, 0xFD, 
    0x84, 0x51, 0x63, 0x0D, 0x10, 0xC3, 0x00, 0x63, 0x00, 0x00, 0x00, 0x00, 0x00, 0xC5, 0x01, 0x07, 
    0x00, 0xC5, 0x00, 0x42, 0x00, 0x42, 0x00, 0xA4, 0x08, 0xC5, 0x00, 0xA5, 0x00, 0x43, 0x19, 0x67, 
    0x9D, 0x56, 0xCE, 0x79, 0x9D, 0x15, 0x6B, 0xB0, 0x3A, 0x09, 0x21, 0x46, 0x09, 0x05, 0x00, 0xA4, 
    0x00, 0x83, 0x00, 0x62, 0x00, 0x42, 0x00, 0x42, 0x00, 0x21, 0x00, 0x00, 0x00, 0x00, 0x00, 0x00, 
    0x00, 0x00, 0x00, 0x00, 0x00, 0x00, 0x00, 0x00, 0x08, 0x20, 0x18, 0xE4, 0x29, 0xC8, 0x3A, 0x09, 
    0x42, 0x4A, 0x3A, 0x2A, 0x31, 0xE8, 0x21, 0x66, 0x10, 0xC4, 0x00, 0x20, 0x00, 0x00, 0x00, 0x00, 
    0x00, 0x00, 0x00, 0x00, 0x00, 0x00, 0x00, 0x00, 0x00, 0x00, 0x00, 0x00, 0x00, 0x00, 0x00, 0x00, 
    0x00, 0x00, 0x00, 0x00, 0x00, 0x00, 0x00, 0x00, 0x10, 0xA2, 0x29, 0x86, 0x32, 0x0B, 0x4B, 0x52, 
    0x7C, 0xD8, 0xA5, 0x98, 0x08, 0xA4, 0x00, 0x01, 0x08, 0xC5, 0x08, 0xC5, 0x00, 0xA5, 0x00, 0xA5, 
    0x01, 0x07, 0x00, 0x42, 0x00, 0x00, 0x00, 0x00, 0x10, 0xA3, 0x7C, 0x33, 0xBE, 0x3A, 0xF7, 0x9E, 
    0xF7, 0xBE, 0xEF, 0x7D, 0xE7, 0x5D, 0xE7, 0x3D, 0xE7, 0x3D, 0xE7, 0x3D, 0x8C, 0x93, 0xCE, 0x7A, 
    0xC6, 0x38, 0x10, 0x83, 0x00, 0x00, 0x00, 0x00, 0x08, 0x62, 0x39, 0xE7, 0x00, 0x00, 0x5A, 0xCB, 
    0xFF, 0xFF, 0xA5, 0x14, 0x39, 0xE8, 0x08, 0x62, 0x31, 0xA6, 0x00, 0x00, 0x00, 0x00, 0x00, 0x00, 
    0x00, 0x00, 0x00, 0x00, 0x00, 0x00, 0x00, 0x00, 0x00, 0x00, 0x00, 0x00, 0x00, 0x00, 0x39, 0xC7, 
    0x00, 0x00, 0x4A, 0x69, 0x63, 0x2C, 0x00, 0x21, 0x00, 0x00, 0x52, 0xAA, 0xDE, 0xFC, 0xBE, 0x19, 
    0xCE, 0x9A, 0xCE, 0x7A, 0xCE, 0x9B, 0xD6, 0xBB, 0xDE, 0xDC, 0xDE, 0xFC, 0xDF, 0x1D, 0xE7, 0x5E, 
    0xDF, 0x1C, 0x74, 0x12, 0x9D, 0x14, 0x10, 0xA3, 0x00, 0x00, 0x00, 0xE6, 0x00, 0xE6, 0x00, 0x83, 
    0x00, 0x83, 0x00, 0xA4, 0x00, 0xC5, 0x00, 0xC5, 0x00, 0x84, 0x00, 0xA5, 0x73, 0xD0, 0xDE, 0xFC, 
    0x6B, 0xD0, 0x10, 0xC3, 0x00, 0x63, 0x00, 0x62, 0x00, 0x21, 0x00, 0x42, 0x00, 0xA4, 0x00, 0xA4, 
    0x00, 0x83, 0x00, 0x63, 0x00, 0x63, 0x00, 0x42, 0x00, 0x21, 0x00, 0x00, 0x00, 0x00, 0x00, 0x00, 
    0x18, 0xE3, 0x42, 0x28, 0x73, 0xCF, 0xAD, 0x55, 0xCE, 0x79, 0xE7, 0x1C, 0xEF, 0x7E, 0xF7, 0x9E, 
    0xF7, 0xBF, 0xF7, 0xBE, 0xEF, 0x7E, 0xEF, 0x5D, 0xDE, 0xFB, 0xC6, 0x39, 0x9C, 0xF4, 0x6B, 0x4D, 
    0x31, 0xA6, 0x10, 0x82, 0x00, 0x00, 0x00, 0x00, 0x00, 0x00, 0x00, 0x00, 0x00, 0x43, 0x00, 0xC5, 
    0x01, 0x05, 0x01, 0x05, 0x00, 0xA4, 0x00, 0x42, 0x00, 0x00, 0x00, 0x00, 0x00, 0x00, 0x00, 0x00, 
    0x08, 0xA4, 0x19, 0x68, 0x00, 0x43, 0x00, 0x41, 0x08, 0xE6, 0x00, 0xC5, 0x00, 0xA5, 0x00, 0xC5, 
    0x00, 0xA5, 0x00, 0xE6, 0x00, 0x42, 0x00, 0x00, 0x00, 0x00, 0x10, 0xA4, 0x95, 0x16, 0xB6, 0x1A, 
    0xFF, 0xFF, 0xF7, 0xDF, 0xEF, 0x9E, 0xEF, 0x7D, 0xE7, 0x3D, 0xE7, 0x3D, 0xEF, 0x7D, 0x8C, 0x93, 
    0xD6, 0x9A, 0xBD, 0xD7, 0x08, 0x62, 0x00, 0x01, 0x00, 0x00, 0x18, 0xC3, 0x10, 0xA2, 0x08, 0x41, 
    0xE7, 0x1C, 0xEF, 0x7D, 0x9C, 0xF4, 0x08, 0x83, 0x3A, 0x08, 0x00, 0x00, 0x00, 0x00, 0x00, 0x00, 
    0x00, 0x00, 0x00, 0x00, 0x00, 0x00, 0x00, 0x00, 0x00, 0x00, 0x00, 0x00, 0x31, 0xA6, 0x00, 0x00, 
    0x19, 0x04, 0x6B, 0x4D, 0x08, 0x41, 0x00, 0x00, 0x4A, 0x8A, 0xE7, 0x5D, 0xC6, 0x3A, 0xD6, 0xDB, 
    0xDE, 0xFC, 0xDF, 0x1C, 0xE7, 0x3D, 0xE7, 0x3D, 0xEF, 0x5D, 0xEF, 0x7E, 0xF7, 0xBF, 0xF7, 0xBF, 
    0xB6, 0x3B, 0x63, 0xD2, 0x22, 0x2D, 0x00, 0xC7, 0x00, 0x42, 0x00, 0xC5, 0x00, 0x83, 0x00, 0xA4, 
    0x00, 0xA4, 0x00, 0xC5, 0x00, 0xA4, 0x00, 0x43, 0x31, 0xE8, 0xB6, 0x19, 0xAD, 0xD8, 0x3A, 0x09, 
    0x00, 0x22, 0x00, 0x42, 0x00, 0x63, 0x00, 0xC5, 0x00, 0xE5, 0x00, 0xA4, 0x00, 0x21, 0x00, 0x00, 
    0x00, 0x00, 0x00, 0x21, 0x00, 0x21, 0x00, 0x00, 0x00, 0x00, 0x10, 0xA3, 0x5A, 0xEB, 0xB5, 0xB6, 
    0xE7, 0x1C, 0xF7, 0x9E, 0xF7, 0xBF, 0xEF, 0x9E, 0xEF, 0x5D, 0xE7, 0x3D, 0xE7, 0x3D, 0xE7, 0x3D, 
    0xE7, 0x3D, 0xE7, 0x3D, 0xEF, 0x5D, 0xEF, 0x5D, 0xEF, 0x7E, 0xF7, 0x9E, 0xFF, 0xDF, 0xFF, 0xFF, 
    0xF7, 0x9E, 0xD6, 0xBB, 0x94, 0x92, 0x39, 0xC7, 0x00, 0x20, 0x00, 0x00, 0x00, 0x00, 0x00, 0x21, 
    0x00, 0x83, 0x00, 0xA3, 0x00, 0xE6, 0x00, 0xE7, 0x00, 0xE7, 0x00, 0xC6, 0x00, 0x63, 0x00, 0x42, 
    0x00, 0x00, 0x00, 0x01, 0x00, 0x21, 0x00, 0x83, 0x08, 0xC5, 0x08, 0xC5, 0x00, 0xC5, 0x00, 0xA5, 
    0x00, 0xA5, 0x00, 0x84, 0x01, 0x48, 0x00, 0x63, 0x00, 0x00, 0x00, 0x00, 0x19, 0x06, 0x63, 0xF3, 
    0x95, 0x16, 0xFF, 0xFF, 0xFF, 0xDF, 0xF7, 0xBF, 0xF7, 0x9E, 0xEF, 0x9E, 0xEF, 0x7E, 0xE7, 0x5D, 
    0x8C, 0xB3, 0xEF, 0x7E, 0xC6, 0x18, 0x08, 0x42, 0x00, 0x00, 0x00, 0x00, 0x00, 0x20, 0x00, 0x00, 
    0xBD, 0xD7, 0xFF, 0xFF, 0x84, 0x30, 0x19, 0x04, 0x29, 0x66, 0x00, 0x00, 0x00, 0x00, 0x00, 0x00, 
    0x00, 0x00, 0x00, 0x00, 0x00, 0x00, 0x00, 0x00, 0x00, 0x00, 0x00, 0x00, 0x31, 0xA7, 0x00, 0x00, 
    0x5A, 0xCB, 0x19, 0x04, 0x00, 0x00, 0x42, 0x08, 0xE7, 0x3C, 0xCE, 0x9B, 0xDF, 0x1C, 0xE7, 0x3C, 
    0xEF, 0x7D, 0xF7, 0xBF, 0xFF, 0xDF, 0xFF, 0xFF, 0xFF, 0xFF, 0xFF, 0xFF, 0xF7, 0xDF, 0xEF, 0x5E, 
    0xAD, 0xB8, 0x19, 0xCD, 0x00, 0x86, 0x00, 0x42, 0x00, 0x83, 0x01, 0x06, 0x00, 0x63, 0x00, 0xA4, 
    0x00, 0xC5, 0x00, 0x84, 0x00, 0x63, 0x84, 0x31, 0xE7, 0x1C, 0x6B, 0x6E, 0x00, 0x22, 0x00, 0x43, 
    0x08, 0xC5, 0x00, 0xC5, 0x01, 0xEA, 0x01, 0xA9, 0x01, 0x27, 0x01, 0x06, 0x00, 0xA5, 0x00, 0x84, 
    0x00, 0x84, 0x00, 0x43, 0x00, 0x02, 0x21, 0x66, 0x94, 0x93, 0xDE, 0xDB, 0xF7, 0xBF, 0xE7, 0x5D, 
    0xDE, 0xFC, 0xDE, 0xDC, 0xDE, 0xFC, 0xDF, 0x1C, 0xE7, 0x1C, 0xE7, 0x1C, 0xE7, 0x3D, 0xE7, 0x3D, 
    0xE7, 0x3D, 0xE7, 0x3D, 0xE7, 0x3D, 0xE7, 0x3D, 0xE7, 0x3D, 0xE7, 0x5D, 0xE7, 0x5D, 0xEF, 0x5D, 
    0xEF, 0x7E, 0xF7, 0x9E, 0xFF, 0xFF, 0xF7, 0x9E, 0xBD, 0xF8, 0x63, 0x0D, 0x08, 0x63, 0x00, 0x01, 
    0x00, 0x63, 0x00, 0x42, 0x00, 0x21, 0x00, 0x00, 0x00, 0x00, 0x00, 0x42, 0x00, 0x63, 0x00, 0xA5, 
    0x01, 0x08, 0x00, 0xE7, 0x00, 0x62, 0x00, 0xA4, 0x08, 0xC5, 0x00, 0xC5, 0x00, 0xC5, 0x00, 0xE6, 
    0x00, 0xA5, 0x00, 0x83, 0x00, 0x84, 0x01, 0x8A, 0x00, 0x62, 0x00, 0x00, 0x00, 0x01, 0x21, 0x89, 
    0x5B, 0x90, 0x7C, 0x32, 0xC6, 0x39, 0xC6, 0x59, 0xCE, 0x9A, 0xCE, 0x7A, 0xAD, 0xB7, 0x94, 0xB4, 
    0x84, 0x73, 0xBD, 0xF9, 0xEF, 0x5D, 0xB5, 0xB6, 0x08, 0x61, 0x00, 0x00, 0x00, 0x01, 0x00, 0x00, 
    0x9C, 0xF3, 0xFF, 0xFF, 0x6B, 0x6D, 0x39, 0xE8, 0x21, 0x25, 0x08, 0x41, 0x00, 0x00, 0x00, 0x00, 
    0x00, 0x00, 0x00, 0x00, 0x00, 0x00, 0x00, 0x00, 0x00, 0x00, 0x18, 0xC3, 0x08, 0x41, 0x21, 0x04, 
    0x42, 0x28, 0x00, 0x00, 0x31, 0xC7, 0xDE, 0xDA, 0x94, 0xD3, 0x4A, 0x6A, 0x5B, 0x0D, 0x84, 0xD6, 
    0x84, 0x94, 0x7C, 0x31, 0x84, 0x73, 0x8C, 0xF6, 0x8D, 0x38, 0x84, 0xB5, 0xBE, 0x19, 0xBE, 0x39, 
    0x1A, 0xF5, 0x00, 0xC9, 0x00, 0x00, 0x00, 0x20, 0x01, 0x89, 0x01, 0x06, 0x00, 0x63, 0x00, 0xA4, 
    0x00, 0x43, 0x29, 0xA8, 0xBD, 0xF8, 0xB5, 0xB6, 0x29, 0x87, 0x00, 0x01, 0x00, 0x63, 0x00, 0x84, 
    0x09, 0x68, 0x01, 0xAA, 0x01, 0x47, 0x00, 0xE6, 0x00, 0xA4, 0x00, 0x84, 0x00, 0xA4, 0x00, 0xA4, 
    0x00, 0x43, 0x19, 0x26, 0x84, 0x72, 0xE7, 0x3D, 0xF7, 0x9E, 0xDE, 0xFC, 0xD6, 0xBB, 0xDE, 0xDB, 
    0xDE, 0xFC, 0xDF, 0x1C, 0xE7, 0x1C, 0xE7, 0x3D, 0xE7, 0x3D, 0xE7, 0x3D, 0xE7, 0x3D, 0xE7, 0x3D, 
    0xE7, 0x3D, 0xE7, 0x5D, 0xE7, 0x5D, 0xEF, 0x5D, 0xEF, 0x5D, 0xEF, 0x7D, 0xEF, 0x7E, 0xEF, 0x9E, 
    0xEF, 0x7E, 0xEF, 0x5D, 0xEF, 0x5D, 0xEF, 0x7E, 0xF7, 0xBF, 0xFF, 0xDF, 0xBD, 0xF8, 0x52, 0xCC, 
    0x00, 0x43, 0x08, 0xC5, 0x11, 0x26, 0x08, 0xA4, 0x00, 0x21, 0x00, 0x01, 0x00, 0x00, 0x00, 0x00, 
    0x00, 0x00, 0x00, 0xA4, 0x00, 0xC5, 0x00, 0xA4, 0x00, 0xA4, 0x00, 0xA4, 0x00, 0xA4, 0x00, 0xA4, 
    0x00, 0xA4, 0x00, 0x84, 0x00, 0x63, 0x00, 0x84, 0x01, 0x8A, 0x00, 0x42, 0x00, 0x00, 0x00, 0x23, 
    0x21, 0xEC, 0x6B, 0xAF, 0x42, 0x29, 0x3A, 0x29, 0x4A, 0xAC, 0x52, 0xCC, 0x53, 0x2E, 0x63, 0xB1, 
    0x5B, 0x2E, 0x3A, 0x09, 0x42, 0x6A, 0xAD, 0x77, 0x94, 0xB2, 0x08, 0x82, 0x00, 0x00, 0x00, 0x20, 
    0xC6, 0x18, 0xFF, 0xFF, 0x6B, 0x6D, 0x31, 0xC7, 0x18, 0xE4, 0x08, 0x61, 0x00, 0x00, 0x00, 0x00, 
    0x00, 0x00, 0x00, 0x00, 0x00, 0x00, 0x00, 0x00, 0x00, 0x00, 0x31, 0xA6, 0x00, 0x00, 0x4A, 0x49, 
    0x29, 0x86, 0x00, 0x22, 0x63, 0x4E, 0x8C, 0xF6, 0x4A, 0xAB, 0x21, 0x25, 0x3A, 0x4A, 0x43, 0x2F, 
    0x42, 0x8C, 0x31, 0xC8, 0x29, 0xA8, 0x29, 0xC9, 0x21, 0x89, 0x19, 0x26, 0x4A, 0xAB, 0x1B, 0xB8, 
    0x01, 0x8E, 0x00, 0x00, 0x00, 0x42, 0x01, 0xAA, 0x00, 0xC5, 0x00, 0x63, 0x00, 0x84, 0x00, 0x22, 
    0x63, 0x4E, 0xD6, 0xBA, 0x73, 0xAF, 0x00, 0x21, 0x00, 0x01, 0x19, 0x25, 0x74, 0xB6, 0x4B, 0x71, 
    0x00, 0xE6, 0x01, 0x06, 0x00, 0xE6, 0x00, 0xC5, 0x00, 0xC5, 0x00, 0xA4, 0x00, 0x63, 0x00, 0x84, 
    0x5B, 0x0D, 0xD6, 0xBB, 0xF7, 0xBF, 0xDE, 0xFC, 0xCE, 0x9A, 0xD6, 0xBB, 0xDE, 0xFC, 0xE7, 0x1C, 
    0xE7, 0x3C, 0xE7, 0x3D, 0xE7, 0x3D, 0xE7, 0x3D, 0xE7, 0x3D, 0xE7, 0x3D, 0xE7, 0x5D, 0xE7, 0x3D, 
    0xE7, 0x3D, 0xEF, 0x5D, 0xEF, 0x5D, 0xEF, 0x5D, 0xEF, 0x7D, 0xF7, 0x9E, 0xF7, 0x9E, 0xF7, 0xBE, 
    0xF7, 0xBF, 0xFF, 0xDF, 0xF7, 0xBF, 0xF7, 0x9E, 0xEF, 0x7D, 0xEF, 0x7E, 0xF7, 0xBF, 0xF7, 0xBE, 
    0x9C, 0xF4, 0x21, 0x67, 0x10, 0xE5, 0x3A, 0x29, 0x5B, 0x0D, 0x4A, 0xAC, 0x29, 0xC8, 0x08, 0x83, 
    0x00, 0x22, 0x00, 0x42, 0x00, 0x83, 0x08, 0xC4, 0x11, 0x47, 0x08, 0xC5, 0x00, 0x84, 0x00, 0xA4, 
    0x00, 0xA4, 0x00, 0x84, 0x00, 0x83, 0x00, 0x42, 0x00, 0x84, 0x01, 0x8B, 0x00, 0x42, 0x00, 0x00, 
    0x00, 0xC9, 0x11, 0x69, 0x19, 0x04, 0x19, 0x05, 0x21, 0x05, 0x19, 0x05, 0x21, 0x25, 0x29, 0x46, 
    0x29, 0x45, 0x21, 0x04, 0x21, 0x25, 0x1A, 0x2E, 0x2A, 0x4D, 0x08, 0x83, 0x00, 0x00, 0x21, 0x25, 
    0xF7, 0x9E, 0xE7, 0x1C, 0x52, 0xAB, 0x29, 0x66, 0x19, 0x04, 0x08, 0x41, 0x00, 0x00, 0x00, 0x00, 
    0x00, 0x00, 0x00, 0x00, 0x00, 0x00, 0x00, 0x00, 0x00, 0x00, 0x31, 0xA6, 0x00, 0x00, 0x4A, 0x49, 
    0x18, 0xE4, 0x00, 0x21, 0x00, 0x43, 0x00, 0xCA, 0x00, 0x01, 0x00, 0x01, 0x00, 0x00, 0x00, 0x00, 
    0x00, 0x00, 0x00, 0x01, 0x00, 0x22, 0x00, 0x22, 0x00, 0x42, 0x00, 0x64, 0x00, 0xA6, 0x01, 0x6C, 
    0x00, 0x00, 0x00, 0x62, 0x01, 0x8A, 0x00, 0x84, 0x00, 0x63, 0x00, 0x42, 0x08, 0xE5, 0xA5, 0x35, 
    0xC6, 0x38, 0x31, 0xA7, 0x00, 0x01, 0x00, 0x83, 0x00, 0x63, 0x32, 0xAD, 0x66, 0x3F, 0x54, 0x97, 
    0x00, 0x83, 0x01, 0x05, 0x01, 0x48, 0x00, 0xC5, 0x00, 0xA4, 0x00, 0x63, 0x19, 0x46, 0x9C, 0xF4, 
    0xF7, 0xBF, 0xE7, 0x5D, 0xCE, 0x7A, 0xCE, 0x9A, 0xDE, 0xDB, 0xDF, 0x1C, 0xE7, 0x1C, 0xE7, 0x1C, 
    0xE7, 0x3D, 0xE7, 0x3D, 0xE7, 0x3D, 0xE7, 0x3D, 0xE7, 0x3D, 0xE7, 0x3D, 0xE7, 0x5D, 0xE7, 0x5D, 
    0xE7, 0x5D, 0xEF, 0x5D, 0xEF, 0x5D, 0xEF, 0x5D, 0xEF, 0x7D, 0xEF, 0x7E, 0xF7, 0x9E, 0xF7, 0xBE, 
    0xFF, 0xDF, 0xFF, 0xFF, 0xFF, 0xFF, 0xFF, 0xFF, 0xFF, 0xDF, 0xF7, 0x9E, 0xEF, 0x7D, 0xF7, 0x9E, 
    0xF7, 0xBF, 0xCE, 0x7A, 0x3A, 0x09, 0x00, 0x01, 0x10, 0xA3, 0x31, 0xA7, 0x63, 0x6F, 0x84, 0xB4, 
    0x6B, 0xF1, 0x32, 0x09, 0x00, 0x83, 0x00, 0x84, 0x11, 0x26, 0x31, 0xC8, 0x21, 0x66, 0x00, 0x84, 
    0x00, 0x83, 0x00, 0x83, 0x00, 0x83, 0x00, 0x63, 0x00, 0x42, 0x00, 0x84, 0x01, 0x8B, 0x00, 0x42, 
    0x00, 0x00, 0x00, 0x22, 0x00, 0x01, 0x00, 0x00, 0x00, 0x00, 0x00, 0x00, 0x00, 0x00, 0x00, 0x00, 
    0x00, 0x00, 0x00, 0x00, 0x00, 0x00, 0x00, 0x23, 0x00, 0x44, 0x00, 0x00, 0x00, 0x00, 0x63, 0x2C, 
    0xFF, 0xFF, 0x9C, 0xF3, 0x52, 0xAB, 0x08, 0x82, 0x31, 0xA6, 0x00, 0x00, 0x00, 0x00, 0x00, 0x00, 
    0x00, 0x00, 0x00, 0x00, 0x00, 0x00, 0x00, 0x00, 0x00, 0x00, 0x31, 0x86, 0x00, 0x00, 0x29, 0x65, 
    0x21, 0x25, 0x00, 0x01, 0x00, 0x21, 0x00, 0x01, 0x00, 0x00, 0x00, 0x00, 0x00, 0x00, 0x00, 0x00, 
    0x00, 0x00, 0x00, 0x00, 0x00, 0x00, 0x00, 0x00, 0x00, 0x00, 0x00, 0x00, 0x00, 0x00, 0x00, 0x00, 
    0x00, 0x83, 0x01, 0xEC, 0x00, 0x83, 0x00, 0x42, 0x00, 0x01, 0x31, 0xC8, 0xD6, 0xBA, 0xA4, 0xF4, 
    0x08, 0x83, 0x00, 0x22, 0x00, 0x63, 0x08, 0xC5, 0x01, 0x26, 0x01, 0x27, 0x09, 0x46, 0x00, 0xC4, 
    0x08, 0xE6, 0x00, 0xC5, 0x00, 0xA4, 0x00, 0xA5, 0x00, 0x63, 0x31, 0xC8, 0xBE, 0x18, 0xFF, 0xFF, 
    0xDE, 0xFC, 0xC6, 0x5A, 0xD6, 0x9B, 0xDE, 0xDB, 0xDE, 0xFC, 0xE7, 0x1C, 0xE7, 0x1C, 0xE7, 0x1C, 
    0xE7, 0x3C, 0xE7, 0x3D, 0xE7, 0x3D, 0xE7, 0x3D, 0xE7, 0x3D, 0xE7, 0x3D, 0xE7, 0x5D, 0xEF, 0x5D, 
    0xEF, 0x5D, 0xEF, 0x5D, 0xEF, 0x5D, 0xEF, 0x5D, 0xEF, 0x5D, 0xEF, 0x5D, 0xEF, 0x7D, 0xF7, 0x9E, 
    0xFF, 0xDF, 0xFF, 0xFF, 0xFF, 0xFF, 0xFF, 0xFF, 0xFF, 0xFF, 0xFF, 0xFF, 0xF7, 0xBF, 0xEF, 0x7E, 
    0xEF, 0x7E, 0xF7, 0xBF, 0xE7, 0x3D, 0x5A, 0xEC, 0x00, 0x00, 0x00, 0x01, 0x00, 0x01, 0x08, 0xA3, 
    0x42, 0x29, 0x7C, 0x93, 0x85, 0x15, 0x3A, 0x4B, 0x00, 0x43, 0x00, 0x42, 0x21, 0x66, 0x52, 0xAB, 
    0x19, 0x05, 0x00, 0x42, 0x00, 0x83, 0x00, 0x63, 0x00, 0x62, 0x00, 0x21, 0x00, 0xA5, 0x01, 0x8B, 
    0x00, 0x21, 0x00, 0x00, 0x00, 0x00, 0x00, 0x00, 0x00, 0x00, 0x00, 0x00, 0x00, 0x00, 0x00, 0x00, 
    0x00, 0x00, 0x00, 0x00, 0x00, 0x00, 0x00, 0x00, 0x00, 0x00, 0x00, 0x00, 0x00, 0x00, 0xA5, 0x14, 
    0xFF, 0xDF, 0x63, 0x2D, 0x5A, 0xEB, 0x00, 0x00, 0x39, 0xE8, 0x00, 0x00, 0x00, 0x00, 0x00, 0x00, 
    0x00, 0x00, 0x00, 0x00, 0x00, 0x00, 0x00, 0x00, 0x00, 0x00, 0x31, 0x86, 0x00, 0x00, 0x39, 0xC7, 
    0x63, 0x2D, 0x00, 0x00, 0x00, 0x00, 0x00, 0x00, 0x00, 0x00, 0x00, 0x00, 0x00, 0x00, 0x00, 0x00, 
    0x00, 0x00, 0x00, 0x21, 0x00, 0x21, 0x00, 0x21, 0x00, 0x42, 0x00, 0x62, 0x00, 0x62, 0x01, 0x47, 
    0x01, 0xEB, 0x00, 0x21, 0x00, 0x22, 0x00, 0x01, 0x63, 0x4D, 0xDE, 0xFC, 0x5A, 0xCB, 0x00, 0x01, 
    0x00, 0x43, 0x00, 0x84, 0x21, 0xC9, 0x22, 0x8E, 0x01, 0x06, 0x00, 0x84, 0x00, 0x84, 0x01, 0x27, 
    0x01, 0x89, 0x00, 0xE6, 0x00, 0x83, 0x00, 0x42, 0x42, 0x6B, 0xCE, 0x9A, 0xF7, 0xDF, 0xD6, 0xBB, 
    0xC6, 0x59, 0xD6, 0xBB, 0xDE, 0xDB, 0xDE, 0xFC, 0xDF, 0x1C, 0xE7, 0x1C, 0xE7, 0x1C, 0xE7, 0x1C, 
    0xE7, 0x3C, 0xE7, 0x3D, 0xE7, 0x3D, 0xE7, 0x3D, 0xE7, 0x3D, 0xE7, 0x5D, 0xEF, 0x5D, 0xEF, 0x5D, 
    0xEF, 0x5D, 0xEF, 0x5D, 0xEF, 0x5D, 0xEF, 0x5D, 0xEF, 0x5D, 0xEF, 0x5D, 0xEF, 0x5D, 0xEF, 0x5D, 
    0xEF, 0x9E, 0xFF, 0xDF, 0xFF, 0xFF, 0xFF, 0xFF, 0xFF, 0xFF, 0xFF, 0xFF, 0xFF, 0xFF, 0xFF, 0xDF, 
    0xEF, 0x7E, 0xEF, 0x7E, 0xF7, 0x9E, 0xE7, 0x3D, 0x63, 0x6E, 0x00, 0x22, 0x00, 0x63, 0x00, 0x62, 
    0x00, 0x00, 0x00, 0x00, 0x31, 0xC8, 0x74, 0x32, 0x64, 0x33, 0x19, 0x05, 0x00, 0x00, 0x10, 0xE5, 
    0x6B, 0x8E, 0x42, 0x4A, 0x00, 0x01, 0x00, 0x62, 0x00, 0x42, 0x00, 0x42, 0x00, 0x21, 0x00, 0xA5, 
    0x01, 0xAC, 0x00, 0xE6, 0x00, 0xC5, 0x00, 0xC5, 0x00, 0xC5, 0x00, 0xA5, 0x00, 0xA4, 0x00, 0x84, 
    0x00, 0x84, 0x00, 0x63, 0x00, 0x42, 0x00, 0x42, 0x00, 0x00, 0x00, 0x00, 0x18, 0xE4, 0xF7, 0x9E, 
    0xCE, 0x79, 0x5A, 0xEC, 0x21, 0x45, 0x00, 0x20, 0x29, 0x45, 0x00, 0x00, 0x00, 0x00, 0x00, 0x00, 
    0x00, 0x00, 0x00, 0x00, 0x00, 0x00, 0x00, 0x00, 0x00, 0x00, 0x18, 0xC3, 0x08, 0x41, 0x08, 0x41, 
    0x5A, 0xCB, 0x10, 0x82, 0x00, 0x20, 0x21, 0x20, 0x00, 0x22, 0x00, 0x22, 0x00, 0x42, 0x00, 0x62, 
    0x00, 0xA4, 0x00, 0xA4, 0x00, 0xA4, 0x00, 0xC4, 0x01, 0x05, 0x09, 0x47, 0x09, 0x86, 0x12, 0x28, 
    0x00, 0x63, 0x00, 0x00, 0x00, 0x21, 0x94, 0xD3, 0xCE, 0x79, 0x31, 0x86, 0x00, 0x01, 0x00, 0x63, 
    0x08, 0x83, 0x2A, 0xAD, 0x32, 0xCE, 0x01, 0x27, 0x01, 0x07, 0x01, 0x07, 0x00, 0xE6, 0x00, 0xE5, 
    0x00, 0xA4, 0x00, 0xA4, 0x00, 0x43, 0x42, 0x6A, 0xCE, 0x7A, 0xF7, 0xBF, 0xD6, 0x9B, 0xC6, 0x59, 
    0xD6, 0x9A, 0xD6, 0xDB, 0xDE, 0xFC, 0xDF, 0x1C, 0xDF, 0x1C, 0xE7, 0x1C, 0xE7, 0x1C, 0xE7, 0x1C, 
    0xE7, 0x1C, 0xE7, 0x3D, 0xE7, 0x3D, 0xE7, 0x3D, 0xE7, 0x5D, 0xEF, 0x5D, 0xEF, 0x5D, 0xEF, 0x5D, 
    0xEF, 0x5D, 0xEF, 0x5D, 0xEF, 0x5D, 0xEF, 0x5D, 0xEF, 0x5D, 0xEF, 0x5D, 0xEF, 0x5D, 0xEF, 0x5D, 
    0xEF, 0x5D, 0xEF, 0x7E, 0xFF, 0xDF, 0xFF, 0xFF, 0xFF, 0xFF, 0xFF, 0xFF, 0xFF, 0xFF, 0xFF, 0xFF, 
    0xFF, 0xDF, 0xEF, 0x9E, 0xEF, 0x7E, 0xF7, 0xBE, 0xE7, 0x3D, 0x52, 0xCC, 0x00, 0x22, 0x00, 0x63, 
    0x00, 0x84, 0x00, 0xA5, 0x00, 0x22, 0x00, 0x00, 0x3A, 0x08, 0x84, 0xB4, 0x3A, 0xAC, 0x00, 0x01, 
    0x00, 0x42, 0x63, 0x4D, 0x5B, 0x0D, 0x00, 0x01, 0x00, 0x42, 0x00, 0x42, 0x00, 0x42, 0x00, 0x21, 
    0x00, 0x63, 0x00, 0xC5, 0x00, 0xA5, 0x00, 0xA5, 0x00, 0xA5, 0x00, 0x84, 0x00, 0x84, 0x00, 0x84, 
    0x00, 0x63, 0x00, 0x42, 0x00, 0x22, 0x00, 0x42, 0x00, 0x00, 0x00, 0x00, 0x73, 0x8E, 0xFF, 0xFF, 
    0x8C, 0x51, 0x63, 0x0C, 0x00, 0x20, 0x29, 0x86, 0x00, 0x00, 0x00, 0x00, 0x00, 0x00, 0x00, 0x00, 
    0x00, 0x00, 0x00, 0x00, 0x00, 0x00, 0x00, 0x00, 0x00, 0x00, 0x00, 0x00, 0x31, 0xA6, 0x00, 0x00, 
    0x21, 0x04, 0x63, 0x0C, 0x00, 0x21, 0x08, 0x41, 0x10, 0x82, 0x08, 0x40, 0x10, 0xA0, 0x18, 0xE0, 
    0x21, 0x00, 0x18, 0xE0, 0x10, 0xA0, 0x21, 0x20, 0x29, 0x40, 0x29, 0x40, 0x31, 0xA1, 0x39, 0xE1, 
    0x00, 0x00, 0x18, 0xE4, 0xBD, 0xD7, 0xAD, 0x34, 0x10, 0xA2, 0x00, 0x22, 0x00, 0x42, 0x19, 0x67, 
    0x3B, 0x71, 0x12, 0x0B, 0x00, 0x84, 0x01, 0x07, 0x00, 0xC5, 0x00, 0xA4, 0x00, 0xC5, 0x00, 0xA4, 
    0x00, 0x83, 0x00, 0x22, 0x3A, 0x2A, 0xC6, 0x39, 0xF7, 0x9E, 0xCE, 0x7A, 0xC6, 0x39, 0xCE, 0x9A, 
    0xD6, 0xBB, 0xDE, 0xDC, 0xDE, 0xFC, 0xDE, 0xFC, 0xE7, 0x1C, 0xE7, 0x1C, 0xE7, 0x1C, 0xE7, 0x1C, 
    0xE7, 0x1C, 0xE7, 0x3C, 0xE7, 0x3D, 0xE7, 0x3D, 0xE7, 0x5D, 0xEF, 0x5D, 0xEF, 0x5D, 0xEF, 0x5D, 
    0xEF, 0x5D, 0xEF, 0x5D, 0xEF, 0x5D, 0xEF, 0x5D, 0xEF, 0x5D, 0xEF, 0x5D, 0xEF, 0x5D, 0xEF, 0x5D, 
    0xEF, 0x5D, 0xEF, 0x7D, 0xEF, 0x7E, 0xFF, 0xDF, 0xFF, 0xFF, 0xFF, 0xFF, 0xFF, 0xFF, 0xFF, 0xFF, 
    0xFF, 0xFF, 0xFF, 0xDF, 0xF7, 0x9E, 0xEF, 0x9E, 0xF7, 0x9E, 0xD6, 0xBB, 0x29, 0xA7, 0x00, 0x42, 
    0x00, 0xA4, 0x00, 0xA4, 0x00, 0x83, 0x00, 0x63, 0x00, 0x00, 0x08, 0x83, 0x7C, 0x31, 0x73, 0xAF, 
    0x00, 0x22, 0x00, 0x00, 0x4B, 0x0D, 0x5B, 0x90, 0x00, 0x01, 0x00, 0x42, 0x00, 0x42, 0x00, 0x00, 
    0x00, 0x00, 0x00, 0x00, 0x00, 0x00, 0x00, 0x00, 0x00, 0x00, 0x00, 0x00, 0x00, 0x00, 0x00, 0x00, 
    0x00, 0x00, 0x00, 0x00, 0x00, 0x00, 0x08, 0x42, 0x00, 0x00, 0x00, 0x00, 0xC6, 0x39, 0xDE, 0xFB, 
    0x63, 0x2C, 0x42, 0x28, 0x00, 0x00, 0x39, 0xC7, 0x00, 0x00, 0x00, 0x00, 0x00, 0x00, 0x00, 0x00, 
    0x00, 0x00, 0x00, 0x00, 0x00, 0x00, 0x00, 0x00, 0x00, 0x00, 0x00, 0x00, 0x18, 0xC3, 0x10, 0xA2, 
    0x00, 0x00, 0x31, 0xA7, 0x39, 0xC7, 0x00, 0x00, 0x29, 0x65, 0x08, 0x61, 0x21, 0x04, 0x10, 0xA3, 
    0x10, 0x82, 0x18, 0xC3, 0x18, 0xE3, 0x18, 0xE4, 0x18, 0xE3, 0x18, 0xC3, 0x08, 0x83, 0x00, 0x00, 
    0x31, 0xA7, 0xD6, 0xBA, 0x8C, 0x50, 0x00, 0x00, 0x00, 0x01, 0x00, 0x42, 0x42, 0xAD, 0x4C, 0x13, 
    0x01, 0x27, 0x00, 0xC5, 0x00, 0xE6, 0x00, 0x42, 0x00, 0x83, 0x11, 0x88, 0x08, 0xE5, 0x00, 0xA4, 
    0x00, 0x63, 0x21, 0x46, 0xA5, 0x56, 0xF7, 0xBF, 0xD6, 0xDC, 0xBE, 0x19, 0xCE, 0x7A, 0xD6, 0xDC, 
    0xD6, 0xFC, 0xDE, 0xDC, 0xDE, 0xFC, 0xDF, 0x1C, 0xDF, 0x1C, 0xDF, 0x1C, 0xE7, 0x1C, 0xE7, 0x1C, 
    0xE7, 0x3C, 0xE7, 0x3D, 0xE7, 0x3D, 0xE7, 0x3D, 0xEF, 0x5D, 0xEF, 0x5D, 0xEF, 0x5D, 0xEF, 0x5D, 
    0xEF, 0x5D, 0xEF, 0x5D, 0xEF, 0x5D, 0xEF, 0x5D, 0xEF, 0x7D, 0xEF, 0x7D, 0xEF, 0x5D, 0xEF, 0x5D, 
    0xEF, 0x7D, 0xEF, 0x7D, 0xEF, 0x7D, 0xEF, 0x7E, 0xF7, 0xDF, 0xFF, 0xFF, 0xFF, 0xFF, 0xFF, 0xFF, 
    0xFF, 0xFF, 0xFF, 0xFF, 0xFF, 0xDF, 0xEF, 0x7E, 0xEF, 0x9E, 0xEF, 0x9E, 0xBD, 0xF8, 0x08, 0xA4, 
    0x00, 0x84, 0x00, 0xA4, 0x00, 0x83, 0x00, 0x63, 0x00, 0x63, 0x00, 0x21, 0x00, 0x00, 0x73, 0xAE, 
    0x63, 0xD1, 0x00, 0x21, 0x00, 0x00, 0x6B, 0xF2, 0x63, 0xAF, 0x00, 0x00, 0x00, 0x21, 0x01, 0x89, 
    0x01, 0xEE, 0x01, 0xAD, 0x01, 0xAD, 0x01, 0x8D, 0x01, 0x6D, 0x01, 0x8D, 0x01, 0x8D, 0x01, 0x2A, 
    0x00, 0x00, 0x08, 0x41, 0x4A, 0x8A, 0x18, 0xE4, 0x00, 0x00, 0x3A, 0x08, 0xFF, 0xFF, 0x9C, 0xF4, 
    0x5A, 0xCB, 0x10, 0x82, 0x08, 0x62, 0x18, 0xC3, 0x00, 0x00, 0x00, 0x00, 0x00, 0x00, 0x00, 0x00, 
    0x00, 0x00, 0x00, 0x00, 0x00, 0x00, 0x00, 0x00, 0x00, 0x00, 0x00, 0x00, 0x00, 0x00, 0x31, 0xA6, 
    0x00, 0x00, 0x00, 0x00, 0x42, 0x29, 0x08, 0x83, 0x21, 0x25, 0x18, 0xC3, 0x21, 0x25, 0x08, 0x62, 
    0x21, 0x04, 0x19, 0x04, 0x21, 0x05, 0x10, 0xC4, 0x18, 0xC3, 0x08, 0x41, 0x00, 0x00, 0x4A, 0x8A, 
    0xE7, 0x1C, 0x5A, 0xCB, 0x00, 0x00, 0x00, 0x01, 0x08, 0x83, 0x63, 0xB0, 0x4B, 0x91, 0x00, 0xE7, 
    0x00, 0xA5, 0x00, 0x63, 0x00, 0x63, 0x11, 0x67, 0x2A, 0x2A, 0x11, 0x67, 0x00, 0xA4, 0x00, 0x84, 
    0x00, 0x63, 0x84, 0x72, 0xE7, 0x5D, 0xEF, 0x5D, 0xC6, 0x39, 0xCE, 0x7A, 0xD6, 0xBB, 0xE7, 0x7F, 
    0xDE, 0xFC, 0xDE, 0xFC, 0xDE, 0xFC, 0xDE, 0xFC, 0xDF, 0x1C, 0xDF, 0x1C, 0xE7, 0x1C, 0xE7, 0x1C, 
    0xE7, 0x3C, 0xE7, 0x3D, 0xE7, 0x3D, 0xE7, 0x5D, 0xEF, 0x5D, 0xEF, 0x5D, 0xEF, 0x5D, 0xEF, 0x5D, 
    0xEF, 0x5D, 0xEF, 0x5D, 0xEF, 0x5D, 0xEF, 0x5D, 0xEF, 0x5D, 0xEF, 0x5D, 0xEF, 0x5D, 0xEF, 0x5D, 
    0xEF, 0x7D, 0xEF, 0x7D, 0xEF, 0x7D, 0xEF, 0x7D, 0xF7, 0x9E, 0xFF, 0xFF, 0xFF, 0xFF, 0xFF, 0xFF, 
    0xFF, 0xFF, 0xFF, 0xFF, 0xFF, 0xFF, 0xF7, 0xBF, 0xEF, 0x7E, 0xF7, 0x9E, 0xEF, 0x9E, 0x73, 0xAF, 
    0x00, 0x01, 0x00, 0x83, 0x00, 0x63, 0x00, 0x63, 0x00, 0x63, 0x00, 0x63, 0x00, 0x42, 0x00, 0x00, 
    0x4A, 0xEC, 0x73, 0xD0, 0x00, 0x01, 0x00, 0x20, 0x85, 0x36, 0x3A, 0x8C, 0x00, 0x00, 0x00, 0x84, 
    0x01, 0x29, 0x01, 0x4A, 0x01, 0x29, 0x01, 0x08, 0x01, 0x08, 0x01, 0x09, 0x01, 0x08, 0x00, 0x85, 
    0x00, 0x00, 0x31, 0xE8, 0x52, 0xAB, 0x00, 0x01, 0x00, 0x00, 0xA5, 0x14, 0xF7, 0xBF, 0x6B, 0x8E, 
    0x52, 0xAB, 0x00, 0x00, 0x39, 0xC7, 0x00, 0x00, 0x00, 0x00, 0x00, 0x00, 0x00, 0x00, 0x00, 0x00, 
    0x00, 0x00, 0x00, 0x00, 0x00, 0x00, 0x00, 0x00, 0x00, 0x00, 0x00, 0x00, 0x00, 0x00, 0x00, 0x00, 
    0x29, 0x45, 0x00, 0x00, 0x21, 0x25, 0x10, 0x82, 0x10, 0xC4, 0x29, 0x66, 0x18, 0xC3, 0x10, 0x81, 
    0x21, 0x24, 0x10, 0xC3, 0x18, 0xE4, 0x19, 0x04, 0x08, 0xA3, 0x00, 0x00, 0x73, 0x8E, 0xDE, 0xDB, 
    0x39, 0xC7, 0x00, 0x00, 0x00, 0x01, 0x21, 0x04, 0x5C, 0x95, 0x2A, 0xEF, 0x00, 0x64, 0x00, 0x63, 
    0x00, 0x84, 0x08, 0xC5, 0x52, 0xAB, 0x3A, 0x6A, 0x00, 0xC5, 0x00, 0x63, 0x00, 0x84, 0x00, 0x42, 
    0x52, 0xEC, 0xC6, 0x5A, 0xF7, 0xBF, 0xCE, 0x7A, 0xC6, 0x59, 0xCE, 0x9A, 0xD6, 0xDC, 0xDF, 0x1D, 
    0xD6, 0xDB, 0xDE, 0xFC, 0xDE, 0xFC, 0xDE, 0xFC, 0xDF, 0x1C, 0xDF, 0x1C, 0xE7, 0x1C, 0xE7, 0x1C, 
    0xE7, 0x1C, 0xE7, 0x3D, 0xE7, 0x3D, 0xE7, 0x5D, 0xE7, 0x5D, 0xEF, 0x5D, 0xEF, 0x5D, 0xEF, 0x5D, 
    0xEF, 0x5D, 0xEF, 0x5D, 0xEF, 0x5D, 0xEF, 0x5D, 0xEF, 0x5D, 0xEF, 0x5D, 0xEF, 0x5D, 0xEF, 0x5D, 
    0xEF, 0x7D, 0xEF, 0x7D, 0xEF, 0x7D, 0xEF, 0x7D, 0xEF, 0x7D, 0xF7, 0xBF, 0xFF, 0xFF, 0xFF, 0xFF, 
    0xFF, 0xFF, 0xFF, 0xFF, 0xFF, 0xFF, 0xFF, 0xFF, 0xEF, 0x9E, 0xEF, 0x7E, 0xF7, 0x9E, 0xD6, 0xBB, 
    0x29, 0x66, 0x00, 0x22, 0x00, 0x63, 0x00, 0x63, 0x00, 0x63, 0x00, 0x63, 0x00, 0x62, 0x00, 0x41, 
    0x00, 0x00, 0x63, 0xAF, 0x52, 0xEC, 0x00, 0x00, 0x10, 0xE5, 0x8D, 0x9A, 0x19, 0x26, 0x00, 0x00, 
    0x01, 0xAB, 0x02, 0x0F, 0x01, 0xAC, 0x01, 0xAD, 0x01, 0xAD, 0x01, 0xAD, 0x01, 0xAD, 0x00, 0x21, 
    0x00, 0x00, 0x6B, 0x6E, 0x31, 0xC7, 0x00, 0x00, 0x18, 0xC3, 0xE7, 0x3C, 0xB5, 0xB7, 0x63, 0x2D, 
    0x29, 0x45, 0x00, 0x00, 0x29, 0x45, 0x00, 0x00, 0x00, 0x00, 0x00, 0x00, 0x00, 0x00, 0x00, 0x00, 
    0x00, 0x00, 0x00, 0x00, 0x00, 0x00, 0x00, 0x00, 0x00, 0x00, 0x00, 0x00, 0x00, 0x00, 0x00, 0x00, 
    0x31, 0xA6, 0x00, 0x00, 0x31, 0xA7, 0x08, 0x82, 0x10, 0xA3, 0x29, 0x45, 0x18, 0xC3, 0x21, 0x41, 
    0x29, 0x85, 0x10, 0x82, 0x21, 0x04, 0x08, 0x62, 0x00, 0x00, 0x8C, 0x72, 0xCE, 0x79, 0x29, 0x44, 
    0x00, 0x00, 0x00, 0x00, 0x3A, 0x09, 0x5C, 0xD7, 0x11, 0xEB, 0x00, 0xA5, 0x00, 0xC5, 0x00, 0x22, 
    0x29, 0xA7, 0x6B, 0xAF, 0x3A, 0x2A, 0x00, 0x42, 0x00, 0x83, 0x00, 0xA4, 0x00, 0x63, 0x11, 0x05, 
    0x9D, 0x36, 0xF7, 0xBE, 0xD6, 0xDC, 0xC6, 0x5A, 0xCE, 0x7A, 0xD6, 0xBB, 0xD6, 0xDC, 0xD6, 0xDB, 
    0xDE, 0xDC, 0xDE, 0xFC, 0xDE, 0xFC, 0xDE, 0xFC, 0xDF, 0x1C, 0xE7, 0x1C, 0xE7, 0x1C, 0xE7, 0x1C, 
    0xE7, 0x1C, 0xE7, 0x3D, 0xE7, 0x3D, 0xE7, 0x3D, 0xEF, 0x5D, 0xEF, 0x5D, 0xEF, 0x5D, 0xE7, 0x5D, 
    0xEF, 0x5D, 0xEF, 0x5D, 0xEF, 0x5D, 0xEF, 0x5D, 0xEF, 0x5D, 0xEF, 0x5D, 0xEF, 0x5D, 0xEF, 0x5D, 
    0xEF, 0x5D, 0xEF, 0x5D, 0xEF, 0x5D, 0xEF, 0x7D, 0xEF, 0x7D, 0xEF, 0x7E, 0xFF, 0xFF, 0xFF, 0xFF, 
    0xFF, 0xFF, 0xFF, 0xFF, 0xFF, 0xFF, 0xFF, 0xFF, 0xF7, 0xBF, 0xEF, 0x7E, 0xF7, 0x9E, 0xEF, 0x7E, 
    0x84, 0x52, 0x00, 0x01, 0x00, 0x42, 0x00, 0x42, 0x00, 0x63, 0x00, 0x62, 0x00, 0x42, 0x00, 0x42, 
    0x00, 0x21, 0x00, 0x21, 0x74, 0x52, 0x21, 0x25, 0x00, 0x00, 0x5B, 0x6F, 0x8D, 0x16, 0x00, 0x01, 
    0x00, 0x00, 0x01, 0x49, 0x01, 0x8C, 0x01, 0x8C, 0x01, 0x6C, 0x01, 0x6C, 0x00, 0x84, 0x00, 0x00, 
    0x29, 0x86, 0x84, 0x31, 0x08, 0x82, 0x00, 0x00, 0x6B, 0x4D, 0xF7, 0xBE, 0x84, 0x31, 0x5A, 0xEB, 
    0x00, 0x00, 0x18, 0xE3, 0x00, 0x20, 0x00, 0x00, 0x00, 0x00, 0x00, 0x00, 0x00, 0x00, 0x00, 0x00, 
    0x00, 0x00, 0x00, 0x00, 0x00, 0x00, 0x00, 0x00, 0x00, 0x00, 0x00, 0x00, 0x00, 0x00, 0x00, 0x20, 
    0x18, 0xE3, 0x00, 0x20, 0x39, 0xE8, 0x00, 0x20, 0x29, 0x45, 0x10, 0x82, 0x29, 0x45, 0x21, 0x22, 
    0x08, 0x81, 0x18, 0xE2, 0x00, 0x00, 0x00, 0x00, 0x94, 0xB3, 0xBD, 0xF7, 0x18, 0xC2, 0x00, 0x00, 
    0x00, 0x00, 0x42, 0xCC, 0x4C, 0xD7, 0x01, 0x8A, 0x00, 0xA5, 0x00, 0x63, 0x00, 0x63, 0x52, 0xCC, 
    0x63, 0x6E, 0x10, 0xE5, 0x00, 0x22, 0x00, 0x83, 0x00, 0xA4, 0x00, 0xA4, 0x00, 0x22, 0x5B, 0x0D, 
    0xC6, 0x7B, 0xF7, 0xBE, 0xCE, 0x7A, 0xCE, 0x7A, 0xCE, 0x9A, 0xD6, 0xBB, 0xD6, 0xDB, 0xDE, 0xDB, 
    0xDE, 0xDC, 0xDE, 0xFC, 0xDE, 0xFC, 0xDE, 0xFC, 0xDF, 0x1C, 0xDF, 0x1C, 0xE7, 0x1C, 0xE7, 0x1C, 
    0xE7, 0x3C, 0xE7, 0x3D, 0xE7, 0x3D, 0xE7, 0x3D, 0xE7, 0x5D, 0xEF, 0x5D, 0xE7, 0x5D, 0xE7, 0x5D, 
    0xEF, 0x5D, 0xEF, 0x5D, 0xEF, 0x5D, 0xEF, 0x5D, 0xEF, 0x5D, 0xEF, 0x5D, 0xEF, 0x5D, 0xEF, 0x5D, 
    0xEF, 0x5D, 0xEF, 0x5D, 0xEF, 0x7D, 0xEF, 0x7D, 0xEF, 0x7D, 0xEF, 0x7D, 0xF7, 0xBE, 0xFF, 0xFF, 
    0xFF, 0xFF, 0xFF, 0xFF, 0xFF, 0xDF, 0xFF, 0xFF, 0xFF, 0xDF, 0xF7, 0x9E, 0xEF, 0x7E, 0xEF, 0x9E, 
    0xCE, 0x59, 0x19, 0x05, 0x00, 0x22, 0x00, 0x62, 0x00, 0x63, 0x00, 0x22, 0x00, 0x42, 0x00, 0x42, 
    0x00, 0x22, 0x00, 0x01, 0x11, 0x47, 0x4A, 0xED, 0x00, 0x00, 0x08, 0x83, 0xC6, 0x9B, 0x42, 0x6A, 
    0x00, 0x00, 0x01, 0x4A, 0x01, 0x8D, 0x01, 0x8D, 0x01, 0x6D, 0x01, 0x6D, 0x00, 0x84, 0x00, 0x00, 
    0x84, 0x31, 0x63, 0x2D, 0x00, 0x00, 0x08, 0x62, 0xCE, 0x59, 0xCE, 0x9A, 0x63, 0x2D, 0x42, 0x28, 
    0x00, 0x00, 0x39, 0xE7, 0x00, 0x00, 0x00, 0x00, 0x00, 0x00, 0x00, 0x00, 0x00, 0x00, 0x00, 0x00, 
    0x00, 0x00, 0x00, 0x00, 0x00, 0x00, 0x00, 0x00, 0x00, 0x00, 0x00, 0x00, 0x00, 0x00, 0x31, 0xA6, 
    0x00, 0x00, 0x21, 0x24, 0x31, 0xA6, 0x08, 0x41, 0x29, 0x42, 0x10, 0x82, 0x21, 0x25, 0x10, 0xA1, 
    0x21, 0x20, 0x08, 0x61, 0x00, 0x21, 0xA5, 0x14, 0xB5, 0xB6, 0x00, 0x20, 0x00, 0x00, 0x00, 0x01, 
    0x53, 0x6F, 0x3C, 0xF9, 0x00, 0xE7, 0x00, 0xA4, 0x00, 0x43, 0x08, 0xC4, 0x6B, 0x6E, 0x52, 0xCC, 
    0x00, 0x42, 0x00, 0x43, 0x08, 0xE5, 0x01, 0x46, 0x00, 0xE5, 0x00, 0x84, 0x11, 0x05, 0x9D, 0x36, 
    0xEF, 0x7E, 0xDE, 0xFC, 0xCE, 0x7A, 0xCE, 0x7A, 0xD6, 0xBB, 0xD6, 0xDB, 0xD6, 0xDB, 0xDE, 0xDC, 
    0xDE, 0xFC, 0xDE, 0xFC, 0xDE, 0xFC, 0xDE, 0xFC, 0xDF, 0x1C, 0xDF, 0x1C, 0xE7, 0x1C, 0xE7, 0x1C, 
    0xE7, 0x1C, 0xE7, 0x3D, 0xE7, 0x3D, 0xE7, 0x3D, 0xE7, 0x3D, 0xE7, 0x5D, 0xE7, 0x3D, 0xE7, 0x5D, 
    0xE7, 0x5D, 0xE7, 0x5D, 0xEF, 0x5D, 0xEF, 0x5D, 0xEF, 0x5D, 0xEF, 0x5D, 0xEF, 0x5D, 0xEF, 0x5D, 
    0xEF, 0x7D, 0xEF, 0x7D, 0xEF, 0x7D, 0xEF, 0x7D, 0xEF, 0x7D, 0xEF, 0x7D, 0xEF, 0x9E, 0xFF, 0xFF, 
    0xFF, 0xFF, 0xFF, 0xFF, 0xFF, 0xDF, 0xFF, 0xFF, 0xFF, 0xFF, 0xF7, 0xBE, 0xEF, 0x9E, 0xF7, 0x9E, 
    0xEF, 0x5D, 0x73, 0x8E, 0x00, 0x00, 0x00, 0x42, 0x00, 0x42, 0x10, 0xE4, 0x00, 0x22, 0x00, 0x01, 
    0x00, 0xA4, 0x00, 0xA4, 0x00, 0x00, 0x32, 0x09, 0x19, 0x46, 0x00, 0x00, 0x84, 0x72, 0xB5, 0xB7, 
    0x00, 0x00, 0x00, 0x00, 0x00, 0x00, 0x00, 0x00, 0x00, 0x00, 0x00, 0x00, 0x00, 0x00, 0x18, 0xC3, 
    0xB5, 0xD8, 0x29, 0x86, 0x00, 0x00, 0x39, 0xE8, 0xE7, 0x3D, 0x8C, 0x72, 0x5A, 0xEC, 0x10, 0xA2, 
    0x08, 0x41, 0x18, 0xC3, 0x00, 0x00, 0x00, 0x00, 0x00, 0x00, 0x00, 0x00, 0x00, 0x00, 0x00, 0x00, 
    0x00, 0x00, 0x00, 0x00, 0x00, 0x00, 0x00, 0x00, 0x00, 0x00, 0x00, 0x00, 0x08, 0x61, 0x18, 0xE4, 
    0x00, 0x41, 0x5A, 0xEC, 0x10, 0x82, 0x10, 0xA3, 0x21, 0x23, 0x18, 0xE1, 0x18, 0xE4, 0x29, 0x62, 
    0x00, 0x00, 0x00, 0x20, 0xAD, 0x96, 0xB5, 0x96, 0x00, 0x00, 0x00, 0x00, 0x08, 0x20, 0x5C, 0x12, 
    0x2C, 0xD9, 0x00, 0x64, 0x00, 0x63, 0x00, 0x42, 0x21, 0x67, 0x7C, 0x11, 0x29, 0xA7, 0x00, 0x01, 
    0x00, 0x63, 0x00, 0xE6, 0x09, 0x06, 0x00, 0xE5, 0x00, 0xA4, 0x00, 0x42, 0x4A, 0x8B, 0xB5, 0xF9, 
    0xF7, 0xDF, 0xCE, 0x9B, 0xCE, 0x7A, 0xCE, 0x7A, 0xD6, 0xBB, 0xD6, 0xDB, 0xDE, 0xDB, 0xDE, 0xDC, 
    0xDE, 0xFC, 0xDE, 0xFC, 0xDE, 0xFC, 0xDE, 0xFC, 0xDF, 0x1C, 0xDF, 0x1C, 0xDF, 0x1C, 0xE7, 0x1C, 
    0xE7, 0x1C, 0xE7, 0x3D, 0xE7, 0x3D, 0xE7, 0x3D, 0xE7, 0x3D, 0xE7, 0x3D, 0xE7, 0x3D, 0xE7, 0x3D, 
    0xE7, 0x5D, 0xEF, 0x5D, 0xEF, 0x5D, 0xEF, 0x5D, 0xEF, 0x5D, 0xEF, 0x5D, 0xEF, 0x5D, 0xEF, 0x5D, 
    0xEF, 0x7D, 0xEF, 0x7D, 0xEF, 0x7D, 0xEF, 0x5D, 0xEF, 0x7D, 0xEF, 0x7D, 0xEF, 0x7D, 0xF7, 0xBF, 
    0xFF, 0xFF, 0xFF, 0xFF, 0xFF, 0xFF, 0xFF, 0xFF, 0xFF, 0xFF, 0xF7, 0xBF, 0xF7, 0x9E, 0xF7, 0x9E, 
    0xE7, 0x5D, 0xA5, 0x55, 0x00, 0x42, 0x00, 0x00, 0x52, 0xCB, 0xF7, 0x9E, 0x63, 0x6D, 0x21, 0x45, 
    0x85, 0xF9, 0x7D, 0xD9, 0x19, 0x25, 0x5C, 0x12, 0x66, 0x1C, 0x01, 0x05, 0x32, 0x4B, 0xEF, 0x9E, 
    0x19, 0x25, 0x00, 0x00, 0x00, 0x21, 0x00, 0x21, 0x00, 0x21, 0x00, 0x00, 0x00, 0x00, 0x7C, 0x11, 
    0xA5, 0x76, 0x00, 0x00, 0x00, 0x00, 0x84, 0x30, 0xDE, 0xFC, 0x4A, 0x6A, 0x39, 0xE7, 0x00, 0x00, 
    0x29, 0x65, 0x00, 0x00, 0x00, 0x00, 0x00, 0x00, 0x00, 0x00, 0x00, 0x00, 0x00, 0x00, 0x00, 0x00, 
    0x00, 0x00, 0x00, 0x00, 0x00, 0x00, 0x00, 0x00, 0x00, 0x00, 0x00, 0x00, 0x39, 0xC7, 0x00, 0x00, 
    0x39, 0xE8, 0x42, 0x08, 0x00, 0x20, 0x18, 0xE0, 0x18, 0xE0, 0x18, 0xE0, 0x21, 0x25, 0x08, 0x82, 
    0x00, 0x00, 0xB5, 0x96, 0xAD, 0x55, 0x00, 0x20, 0x00, 0x00, 0x08, 0x20, 0x5C, 0x95, 0x24, 0x99, 
    0x00, 0x63, 0x00, 0x21, 0x00, 0x22, 0x3A, 0x09, 0x73, 0xF0, 0x11, 0x05, 0x00, 0x01, 0x00, 0x84, 
    0x01, 0x47, 0x00, 0xC5, 0x00, 0x84, 0x00, 0xA4, 0x00, 0xA4, 0x00, 0x63, 0x73, 0xF0, 0xCE, 0x9B, 
    0xEF, 0x7E, 0xCE, 0x9B, 0xCE, 0x7A, 0xCE, 0x9A, 0xD6, 0xDB, 0xD6, 0xDB, 0xDE, 0xDB, 0xDE, 0xDC, 
    0xDE, 0xFC, 0xDE, 0xFC, 0xDE, 0xFC, 0xDE, 0xFC, 0xDF, 0x1C, 0xDF, 0x1C, 0xDF, 0x1C, 0xE7, 0x1C, 
    0xE7, 0x1C, 0xE7, 0x3C, 0xE7, 0x3D, 0xE7, 0x3D, 0xE7, 0x3D, 0xE7, 0x3D, 0xE7, 0x5D, 0xE7, 0x5D, 
    0xE7, 0x5D, 0xEF, 0x5D, 0xEF, 0x5D, 0xEF, 0x5D, 0xEF, 0x5D, 0xEF, 0x5D, 0xEF, 0x5D, 0xEF, 0x5D, 
    0xEF, 0x5D, 0xEF, 0x5D, 0xEF, 0x5D, 0xEF, 0x7D, 0xEF, 0x7D, 0xEF, 0x7D, 0xEF, 0x7D, 0xEF, 0x9E, 
    0xF7, 0xBE, 0xFF, 0xDF, 0xFF, 0xFF, 0xFF, 0xFF, 0xFF, 0xFF, 0xFF, 0xDF, 0xF7, 0xBE, 0xEF, 0x7E, 
    0xEF, 0x7E, 0xC6, 0x39, 0x21, 0x25, 0x00, 0x00, 0x42, 0x4A, 0xD6, 0xBA, 0x52, 0xAB, 0x10, 0xC3, 
    0x4B, 0xD0, 0x43, 0xD1, 0x10, 0xC3, 0x1A, 0x4C, 0x1B, 0x92, 0x00, 0xA3, 0x00, 0xA5, 0xD7, 0x5E, 
    0x63, 0x2D, 0x00, 0x00, 0x00, 0x21, 0x00, 0x21, 0x00, 0x21, 0x00, 0x00, 0x18, 0xC3, 0xF7, 0xBF, 
    0x4A, 0xAB, 0x00, 0x00, 0x10, 0x82, 0xC6, 0x39, 0xBD, 0xF8, 0x5B, 0x0C, 0x31, 0xA6, 0x00, 0x00, 
    0x31, 0xA6, 0x00, 0x00, 0x00, 0x00, 0x00, 0x00, 0x00, 0x00, 0x00, 0x00, 0x00, 0x00, 0x00, 0x00, 
    0x00, 0x00, 0x00, 0x00, 0x00, 0x00, 0x00, 0x00, 0x00, 0x00, 0x21, 0x24, 0x08, 0x21, 0x10, 0xA2, 
    0x5A, 0xCB, 0x08, 0x62, 0x29, 0x66, 0x10, 0x80, 0x10, 0x80, 0x18, 0xE4, 0x00, 0x20, 0x00, 0x00, 
    0xB5, 0xB7, 0xAD, 0x55, 0x00, 0x20, 0x00, 0x00, 0x10, 0x41, 0x54, 0xB6, 0x1C, 0xDA, 0x00, 0x84, 
    0x00, 0x01, 0x00, 0x01, 0x4A, 0x6A, 0x63, 0x4D, 0x08, 0x83, 0x00, 0x22, 0x00, 0xC5, 0x01, 0x27, 
    0x00, 0xC5, 0x00, 0xA4, 0x00, 0xA4, 0x00, 0xA4, 0x00, 0x83, 0x11, 0x05, 0xA5, 0x56, 0xD6, 0xDC, 
    0xCE, 0x7A, 0xCE, 0x9A, 0xC6, 0x5A, 0xD6, 0xBB, 0xDE, 0xDC, 0xD6, 0xDB, 0xD6, 0xDB, 0xDE, 0xDB, 
    0xDE, 0xFC, 0xDE, 0xFC, 0xDE, 0xFC, 0xDE, 0xFC, 0xDE, 0xFC, 0xDF, 0x1C, 0xDF, 0x1C, 0xE7, 0x1C, 
    0xE7, 0x1C, 0xE7, 0x1C, 0xE7, 0x3D, 0xE7, 0x3D, 0xE7, 0x3D, 0xE7, 0x3D, 0xE7, 0x3D, 0xE7, 0x5D, 
    0xEF, 0x5D, 0xEF, 0x5D, 0xEF, 0x5D, 0xEF, 0x5D, 0xEF, 0x5D, 0xEF, 0x5D, 0xEF, 0x5D, 0xEF, 0x5D, 
    0xEF, 0x5D, 0xEF, 0x5D, 0xEF, 0x5D, 0xEF, 0x7D, 0xEF, 0x7D, 0xEF, 0x7D, 0xEF, 0x7D, 0xEF, 0x7E, 
    0xF7, 0x9E, 0xF7, 0x9E, 0xFF, 0xFF, 0xFF, 0xFF, 0xFF, 0xDF, 0xFF, 0xDF, 0xFF, 0xDF, 0xEF, 0x9E, 
    0xEF, 0x7E, 0xD6, 0xDC, 0x4A, 0x49, 0x00, 0x00, 0x00, 0x00, 0x08, 0x62, 0x19, 0x04, 0x00, 0x01, 
    0x00, 0x00, 0x10, 0x62, 0x00, 0x41, 0x00, 0x00, 0x29, 0x24, 0x00, 0x21, 0x00, 0x00, 0xAD, 0xD8, 
    0x8C, 0xD3, 0x00, 0x00, 0x00, 0x21, 0x00, 0x00, 0x00, 0x00, 0x29, 0x45, 0x95, 0xD9, 0xA6, 0x3B, 
    0x08, 0x62, 0x00, 0x00, 0x6B, 0x4D, 0xEF, 0x7E, 0xAD, 0x96, 0x63, 0x4D, 0x18, 0xC3, 0x00, 0x00, 
    0x29, 0x65, 0x00, 0x00, 0x00, 0x00, 0x00, 0x00, 0x00, 0x00, 0x00, 0x00, 0x00, 0x00, 0x00, 0x00, 
    0x00, 0x00, 0x00, 0x00, 0x00, 0x00, 0x00, 0x00, 0x00, 0x00, 0x31, 0x86, 0x00, 0x00, 0x4A, 0x69, 
    0x29, 0x45, 0x10, 0xA0, 0x21, 0x02, 0x10, 0x80, 0x29, 0x65, 0x00, 0x20, 0x00, 0x00, 0xAD, 0x55, 
    0xB5, 0xB6, 0x00, 0x20, 0x00, 0x00, 0x10, 0x61, 0x5C, 0xB6, 0x15, 0x1B, 0x00, 0xA5, 0x00, 0x01, 
    0x00, 0x22, 0x4A, 0xAB, 0x5B, 0x2D, 0x00, 0x22, 0x00, 0x42, 0x00, 0xC5, 0x01, 0x06, 0x00, 0x84, 
    0x00, 0x84, 0x00, 0xA4, 0x00, 0xA4, 0x00, 0xA4, 0x00, 0x42, 0x42, 0x4A, 0xA5, 0x97, 0xC6, 0xDC, 
    0xAD, 0x97, 0xC6, 0x5A, 0xCE, 0x7A, 0xDE, 0xDB, 0xDF, 0x1C, 0xDE, 0xFC, 0xD6, 0xDB, 0xDE, 0xDB, 
    0xDE, 0xFC, 0xDE, 0xFC, 0xDE, 0xFC, 0xDE, 0xFC, 0xDE, 0xFC, 0xDE, 0xFC, 0xDF, 0x1C, 0xE7, 0x1C, 
    0xE7, 0x1C, 0xE7, 0x1C, 0xE7, 0x3C, 0xE7, 0x3D, 0xE7, 0x3D, 0xE7, 0x3D, 0xE7, 0x3D, 0xE7, 0x5D, 
    0xE7, 0x5D, 0xE7, 0x5D, 0xEF, 0x5D, 0xEF, 0x5D, 0xEF, 0x5D, 0xEF, 0x5D, 0xEF, 0x5D, 0xEF, 0x5D, 
    0xEF, 0x5D, 0xEF, 0x5D, 0xEF, 0x5D, 0xEF, 0x5D, 0xEF, 0x5D, 0xEF, 0x7D, 0xEF, 0x7D, 0xEF, 0x7E, 
    0xEF, 0x7E, 0xF7, 0x9E, 0xFF, 0xFF, 0xFF, 0xFF, 0xFF, 0xDF, 0xF7, 0xBF, 0xFF, 0xDF, 0xF7, 0x9E, 
    0xEF, 0x7E, 0xDE, 0xFC, 0x7B, 0xCF, 0x00, 0x00, 0x00, 0x22, 0x00, 0x00, 0x21, 0x04, 0x10, 0xC3, 
    0x00, 0x01, 0x19, 0x04, 0x21, 0x25, 0x00, 0x00, 0x31, 0xA7, 0x08, 0xA3, 0x00, 0x00, 0x9D, 0x56, 
    0xB5, 0x96, 0x00, 0x00, 0x00, 0x00, 0x10, 0x82, 0x73, 0xCF, 0xE7, 0x5D, 0x9D, 0x97, 0x00, 0xA4, 
    0x00, 0x00, 0x21, 0x04, 0xCE, 0x7A, 0xE7, 0x1C, 0xAD, 0x96, 0xAD, 0x96, 0x39, 0xE8, 0x00, 0x42, 
    0x39, 0xC7, 0x08, 0x41, 0x00, 0x00, 0x00, 0x00, 0x00, 0x00, 0x00, 0x00, 0x00, 0x00, 0x00, 0x00, 
    0x00, 0x00, 0x00, 0x00, 0x00, 0x00, 0x00, 0x00, 0x31, 0x86, 0x00, 0x00, 0x18, 0xE3, 0x4A, 0x49, 
    0x08, 0x60, 0x31, 0xA0, 0x08, 0x60, 0x29, 0x65, 0x18, 0xE4, 0x00, 0x00, 0x9C, 0xD3, 0xC6, 0x38, 
    0x08, 0x41, 0x00, 0x00, 0x10, 0x41, 0x4C, 0x75, 0x15, 0x7E, 0x00, 0xC5, 0x00, 0x01, 0x00, 0x01, 
    0x4A, 0x8B, 0x53, 0x0C, 0x00, 0x01, 0x00, 0x63, 0x00, 0xC4, 0x00, 0xC5, 0x00, 0x83, 0x00, 0xA4, 
    0x00, 0xA4, 0x00, 0xA4, 0x00, 0xA4, 0x00, 0x84, 0x00, 0x22, 0x6B, 0x6E, 0xAD, 0xD8, 0xBE, 0xBC, 
    0xBD, 0xF8, 0xCE, 0x7A, 0xCE, 0x7A, 0xDE, 0xFC, 0xE7, 0x3D, 0xE7, 0x3D, 0xD6, 0xDB, 0xD6, 0xDB, 
    0xDE, 0xDB, 0xDE, 0xFC, 0xDE, 0xFC, 0xDE, 0xFC, 0xDE, 0xFC, 0xDE, 0xFC, 0xDE, 0xFC, 0xDF, 0x1C, 
    0xE7, 0x1C, 0xE7, 0x1C, 0xE7, 0x1C, 0xE7, 0x3C, 0xE7, 0x3D, 0xE7, 0x3D, 0xE7, 0x5D, 0xE7, 0x5D, 
    0xE7, 0x5D, 0xE7, 0x3D, 0xE7, 0x5D, 0xEF, 0x5D, 0xEF, 0x5D, 0xE7, 0x5D, 0xEF, 0x5D, 0xEF, 0x5D, 
    0xEF, 0x5D, 0xEF, 0x5D, 0xEF, 0x5D, 0xEF, 0x5D, 0xEF, 0x5D, 0xEF, 0x7D, 0xEF, 0x7D, 0xEF, 0x7D, 
    0xEF, 0x7E, 0xFF, 0xDF, 0xFF, 0xFF, 0xFF, 0xFF, 0xFF, 0xDF, 0xFF, 0xDF, 0xFF, 0xFF, 0xF7, 0xBE, 
    0xEF, 0x7D, 0xD6, 0xBB, 0x94, 0xD3, 0x00, 0x00, 0x00, 0x21, 0x00, 0x21, 0x10, 0xA3, 0x29, 0x86, 
    0x00, 0x01, 0x08, 0xA3, 0x21, 0x45, 0x00, 0x00, 0x31, 0xA6, 0x08, 0x83, 0x00, 0x00, 0xA5, 0x76, 
    0xA5, 0x14, 0x08, 0x62, 0x63, 0x4E, 0xD6, 0xDB, 0xC6, 0x7A, 0x42, 0x6A, 0x00, 0x00, 0x00, 0x00, 
    0x29, 0x45, 0xC6, 0x38, 0xF7, 0xDF, 0xD6, 0xDB, 0xB5, 0xB8, 0xE7, 0x3D, 0x7B, 0xCF, 0x00, 0x00, 
    0x00, 0x00, 0x19, 0x04, 0x29, 0x65, 0x18, 0xC3, 0x00, 0x00, 0x00, 0x00, 0x00, 0x00, 0x00, 0x00, 
    0x00, 0x00, 0x00, 0x00, 0x00, 0x00, 0x00, 0x20, 0x29, 0x65, 0x00, 0x00, 0x52, 0xAA, 0x18, 0xE4, 
    0x10, 0xA0, 0x10, 0x80, 0x21, 0x03, 0x21, 0x04, 0x00, 0x00, 0x8C, 0x51, 0xD6, 0xBA, 0x08, 0x61, 
    0x00, 0x00, 0x08, 0x20, 0x44, 0x13, 0x15, 0xBF, 0x01, 0x27, 0x00, 0x01, 0x00, 0x01, 0x4A, 0x6A, 
    0x52, 0xEC, 0x00, 0x01, 0x00, 0x42, 0x09, 0x06, 0x00, 0xA4, 0x00, 0x63, 0x00, 0x83, 0x00, 0xA4, 
    0x00, 0x84, 0x00, 0x83, 0x00, 0x63, 0x00, 0x63, 0x00, 0x22, 0x84, 0x31, 0xAD, 0xD9, 0xAD, 0xD9, 
    0xCE, 0x5A, 0xE7, 0x3D, 0xD6, 0xBB, 0xDE, 0xFC, 0xF7, 0x9E, 0xFF, 0xFF, 0xEF, 0x9E, 0xDE, 0xFC, 
    0xDE, 0xDB, 0xDE, 0xDB, 0xDE, 0xFC, 0xDE, 0xFC, 0xDE, 0xFC, 0xDE, 0xFC, 0xDE, 0xFC, 0xDF, 0x1C, 
    0xE7, 0x1C, 0xE7, 0x1C, 0xE7, 0x1C, 0xE7, 0x3D, 0xE7, 0x3D, 0xE7, 0x3D, 0xE7, 0x5D, 0xE7, 0x5D, 
    0xE7, 0x5D, 0xE7, 0x3D, 0xE7, 0x3D, 0xEF, 0x5D, 0xEF, 0x5D, 0xEF, 0x5D, 0xE7, 0x5D, 0xE7, 0x5D, 
    0xEF, 0x5D, 0xEF, 0x5D, 0xEF, 0x5D, 0xEF, 0x5D, 0xEF, 0x5D, 0xEF, 0x5D, 0xEF, 0x7D, 0xF7, 0x9E, 
    0xFF, 0xDF, 0xFF, 0xFF, 0xFF, 0xFF, 0xFF, 0xFF, 0xF7, 0xBE, 0xFF, 0xFF, 0xFF, 0xFF, 0xF7, 0xBE, 
    0xEF, 0x7D, 0xCE, 0xBB, 0xAD, 0x75, 0x00, 0x21, 0x00, 0x21, 0x00, 0x42, 0x00, 0x62, 0x31, 0x86, 
    0x00, 0x00, 0x08, 0x82, 0x29, 0x66, 0x00, 0x01, 0x21, 0xE8, 0x00, 0x41, 0x00, 0x00, 0xA5, 0x55, 
    0xD6, 0xDC, 0xBE, 0x19, 0xA5, 0x77, 0x3A, 0x2A, 0x00, 0x00, 0x00, 0x00, 0x10, 0x82, 0x52, 0xCB, 
    0xD6, 0xDB, 0xFF, 0xFF, 0xF7, 0x9E, 0xDE, 0xDB, 0xE7, 0x1C, 0xFF, 0xFF, 0xE7, 0x1C, 0x63, 0x0C, 
    0x18, 0xE4, 0x00, 0x00, 0x00, 0x00, 0x00, 0x00, 0x21, 0x04, 0x29, 0x65, 0x00, 0x00, 0x00, 0x00, 
    0x00, 0x00, 0x00, 0x00, 0x00, 0x00, 0x31, 0xA6, 0x00, 0x00, 0x21, 0x04, 0x42, 0x09, 0x10, 0xA0, 
    0x21, 0x00, 0x18, 0xC3, 0x19, 0x04, 0x00, 0x00, 0x7B, 0xEF, 0xE7, 0x1C, 0x18, 0xE3, 0x00, 0x00, 
    0x00, 0x00, 0x43, 0x71, 0x15, 0xDF, 0x01, 0xCB, 0x00, 0x01, 0x00, 0x00, 0x3A, 0x08, 0x52, 0xCB, 
    0x00, 0x21, 0x00, 0x63, 0x00, 0x42, 0x08, 0xA3, 0x00, 0x83, 0x00, 0x84, 0x00, 0xC5, 0x00, 0xC5, 
    0x00, 0x83, 0x00, 0x83, 0x00, 0x83, 0x00, 0x63, 0x00, 0x22, 0x94, 0x93, 0xAD, 0xD9, 0xA5, 0x56, 
    0xBD, 0xF8, 0xE7, 0x3D, 0xEF, 0x7E, 0xD6, 0xDB, 0xF7, 0x9E, 0xFF, 0xDF, 0xF7, 0x9E, 0xE7, 0x3D, 
    0xE7, 0x3D, 0xE7, 0x1C, 0xDE, 0xDC, 0xDE, 0xFC, 0xDE, 0xFC, 0xDE, 0xFC, 0xDE, 0xFC, 0xDF, 0x1C, 
    0xDF, 0x1C, 0xE7, 0x1C, 0xE7, 0x3D, 0xE7, 0x3D, 0xE7, 0x3D, 0xE7, 0x3D, 0xE7, 0x3D, 0xE7, 0x3D, 
    0xE7, 0x3D, 0xE7, 0x3D, 0xE7, 0x5D, 0xE7, 0x5D, 0xE7, 0x5D, 0xE7, 0x5D, 0xE7, 0x5D, 0xEF, 0x5D, 
    0xEF, 0x5D, 0xEF, 0x5D, 0xEF, 0x5D, 0xEF, 0x5D, 0xEF, 0x7D, 0xEF, 0x9E, 0xF7, 0x9E, 0xF7, 0xDF, 
    0xFF, 0xFF, 0xFF, 0xFF, 0xFF, 0xFF, 0xFF, 0xDF, 0xFF, 0xFF, 0xFF, 0xFF, 0xFF, 0xDF, 0xF7, 0x9E, 
    0xEF, 0x5D, 0xC6, 0x7A, 0xB5, 0xD7, 0x08, 0x41, 0x00, 0x01, 0x00, 0x21, 0x08, 0x83, 0x31, 0x86, 
    0x00, 0x00, 0x18, 0xE4, 0x21, 0x04, 0x00, 0x22, 0x21, 0xE8, 0x00, 0x00, 0x08, 0x82, 0xC6, 0x39, 
    0x9D, 0x14, 0x31, 0x86, 0x00, 0x00, 0x00, 0x00, 0x31, 0x86, 0x84, 0x51, 0xC6, 0x39, 0xE7, 0x3D, 
    0xE7, 0x5D, 0xFF, 0xFF, 0xFF, 0xFF, 0xF7, 0xDF, 0xFF, 0xFF, 0xF7, 0xBF, 0xD6, 0xDB, 0xCE, 0x7A, 
    0xA5, 0x55, 0x7B, 0xD0, 0x52, 0x8A, 0x21, 0x24, 0x00, 0x00, 0x00, 0x00, 0x31, 0xA6, 0x00, 0x00, 
    0x00, 0x00, 0x00, 0x00, 0x00, 0x00, 0x31, 0xA6, 0x00, 0x00, 0x5A, 0xEB, 0x18, 0xC3, 0x08, 0x60, 
    0x10, 0xA2, 0x29, 0x66, 0x00, 0x00, 0x5A, 0xCB, 0xEF, 0x7D, 0x31, 0xA6, 0x00, 0x00, 0x00, 0x00, 
    0x3A, 0xEE, 0x1E, 0x1F, 0x02, 0xB0, 0x00, 0x00, 0x00, 0x22, 0x29, 0xA7, 0x5B, 0x0D, 0x00, 0x21, 
    0x00, 0x42, 0x00, 0x83, 0x00, 0x43, 0x4A, 0x62, 0x10, 0xE3, 0x00, 0xA5, 0x00, 0xC6, 0x00, 0xA5, 
    0x00, 0x63, 0x00, 0x83, 0x00, 0x84, 0x00, 0x63, 0x00, 0x41, 0xA5, 0x15, 0xA5, 0x57, 0x9D, 0x15, 
    0xBD, 0xF8, 0xCE, 0x7A, 0xDF, 0x1C, 0xC6, 0x39, 0xAD, 0x97, 0xB5, 0xB8, 0xBD, 0xF8, 0xC6, 0x5A, 
    0xDE, 0xFC, 0xF7, 0x9E, 0xF7, 0x9E, 0xDF, 0x1C, 0xDE, 0xFC, 0xDE, 0xFC, 0xDE, 0xFC, 0xDE, 0xFC, 
    0xDF, 0x1C, 0xE7, 0x1C, 0xE7, 0x3C, 0xE7, 0x3D, 0xE7, 0x3D, 0xE7, 0x3D, 0xE7, 0x3D, 0xE7, 0x3D, 
    0xE7, 0x3D, 0xE7, 0x3D, 0xE7, 0x5D, 0xE7, 0x5D, 0xE7, 0x5D, 0xE7, 0x5D, 0xEF, 0x5D, 0xEF, 0x5D, 
    0xEF, 0x5D, 0xEF, 0x5D, 0xEF, 0x5D, 0xF7, 0x9E, 0xFF, 0xFF, 0xFF, 0xFF, 0xEF, 0x9E, 0xDE, 0xFC, 
    0xD6, 0xBB, 0xCE, 0x7A, 0xCE, 0x7A, 0xD6, 0xDB, 0xF7, 0x9E, 0xFF, 0xFF, 0xF7, 0xBF, 0xF7, 0x9E, 
    0xE7, 0x3D, 0xBE, 0x3A, 0xBE, 0x18, 0x10, 0x62, 0x00, 0x01, 0x00, 0x21, 0x10, 0xC3, 0x18, 0xE4, 
    0x00, 0x01, 0x21, 0x86, 0x08, 0x83, 0x08, 0x82, 0x10, 0xE4, 0x00, 0x00, 0x42, 0x49, 0xD6, 0xBB, 
    0x18, 0xE4, 0x00, 0x00, 0x39, 0xE7, 0x84, 0x10, 0x9D, 0x15, 0x9C, 0xF4, 0x84, 0x51, 0x7C, 0x10, 
    0x73, 0xAF, 0x6B, 0x6E, 0xA5, 0x14, 0x7B, 0xEF, 0x6B, 0x6E, 0x63, 0x4D, 0x6B, 0x8E, 0x7C, 0x10, 
    0x73, 0xAF, 0x73, 0xAF, 0x7B, 0xF0, 0x5B, 0x0C, 0x10, 0xA2, 0x00, 0x00, 0x39, 0xC7, 0x00, 0x00, 
    0x00, 0x00, 0x00, 0x00, 0x21, 0x24, 0x00, 0x00, 0x18, 0xC3, 0x4A, 0x49, 0x10, 0xA0, 0x21, 0x21, 
    0x31, 0x86, 0x00, 0x21, 0x31, 0xA6, 0xF7, 0xBE, 0x52, 0xAA, 0x00, 0x00, 0x00, 0x00, 0x31, 0xE9, 
    0x25, 0xFF, 0x03, 0xD6, 0x00, 0x21, 0x00, 0x00, 0x08, 0xE5, 0x53, 0x4E, 0x08, 0x62, 0x00, 0x42, 
    0x00, 0x63, 0x00, 0x63, 0x00, 0x02, 0x8C, 0xA4, 0x32, 0x05, 0x00, 0x64, 0x00, 0x83, 0x00, 0xA4, 
    0x00, 0xC5, 0x00, 0xA4, 0x00, 0x84, 0x00, 0x42, 0x00, 0x42, 0xB5, 0xD7, 0x9D, 0x36, 0x84, 0x74, 
    0xBD, 0xF8, 0xCE, 0x9A, 0xAD, 0x97, 0x8C, 0xB4, 0x84, 0x32, 0x73, 0xF1, 0x84, 0x73, 0x9D, 0x16, 
    0xAD, 0x97, 0xBE, 0x19, 0xDF, 0x1C, 0xF7, 0x9E, 0xE7, 0x3D, 0xDE, 0xFC, 0xDE, 0xFC, 0xDE, 0xFC, 
    0xDF, 0x1C, 0xE7, 0x1C, 0xE7, 0x3C, 0xE7, 0x3D, 0xE7, 0x3D, 0xE7, 0x3D, 0xE7, 0x3D, 0xE7, 0x3D, 
    0xE7, 0x3D, 0xE7, 0x3D, 0xE7, 0x5D, 0xE7, 0x5D, 0xE7, 0x5D, 0xEF, 0x5D, 0xEF, 0x5D, 0xEF, 0x5D, 
    0xEF, 0x5D, 0xEF, 0x7D, 0xFF, 0xDF, 0xFF, 0xFF, 0xEF, 0x5D, 0xCE, 0x9B, 0xBD, 0xF9, 0xAD, 0xB8, 
    0xA5, 0x56, 0x94, 0xF4, 0x9D, 0x36, 0xA5, 0x77, 0xB5, 0xB8, 0xE7, 0x3D, 0xF7, 0xBF, 0xEF, 0x7E, 
    0xD6, 0xDB, 0xC6, 0x5A, 0xC6, 0x39, 0x08, 0x61, 0x00, 0x01, 0x00, 0x21, 0x29, 0x86, 0x08, 0x62, 
    0x00, 0x42, 0x19, 0x45, 0x00, 0x00, 0x21, 0x45, 0x08, 0x61, 0x00, 0x00, 0xA5, 0x35, 0xEF, 0x9E, 
    0x29, 0x65, 0x00, 0x00, 0x08, 0x41, 0x31, 0x86, 0x52, 0xAB, 0x63, 0x2E, 0x42, 0x6B, 0x21, 0x46, 
    0x10, 0xA3, 0x5A, 0xCC, 0x84, 0x11, 0x31, 0xA7, 0x19, 0x05, 0x39, 0xE8, 0x5B, 0x0D, 0x5B, 0x0D, 
    0x42, 0x09, 0x31, 0xA6, 0x10, 0x82, 0x00, 0x00, 0x00, 0x00, 0x08, 0x41, 0x31, 0x86, 0x00, 0x00, 
    0x00, 0x00, 0x00, 0x00, 0x39, 0xE7, 0x00, 0x00, 0x39, 0xE7, 0x18, 0xA3, 0x31, 0x85, 0x39, 0xC6, 
    0x08, 0x62, 0x10, 0xA3, 0xEF, 0x5D, 0x84, 0x30, 0x00, 0x00, 0x00, 0x00, 0x21, 0x04, 0x2D, 0x5D, 
    0x05, 0x1D, 0x00, 0xA4, 0x00, 0x01, 0x00, 0x63, 0x43, 0x70, 0x10, 0xE4, 0x00, 0x21, 0x00, 0x42, 
    0x00, 0x43, 0x00, 0x02, 0x08, 0x83, 0xCF, 0x24, 0x6C, 0x06, 0x00, 0x03, 0x00, 0x43, 0x00, 0x84, 
    0x00, 0xA4, 0x00, 0x83, 0x00, 0x84, 0x00, 0x22, 0x00, 0x41, 0xBD, 0xD7, 0xA5, 0x56, 0x84, 0x53, 
    0xBD, 0xF8, 0xC6, 0x39, 0x8C, 0x93, 0x39, 0xE8, 0x10, 0xA3, 0x00, 0x41, 0x00, 0x42, 0x19, 0x05, 
    0x4A, 0x8B, 0x84, 0x73, 0xAD, 0x77, 0xC6, 0x39, 0xE7, 0x5D, 0xE7, 0x1D, 0xDE, 0xDC, 0xDE, 0xFC, 
    0xDF, 0x1C, 0xE7, 0x1C, 0xE7, 0x1C, 0xE7, 0x3C, 0xE7, 0x3D, 0xE7, 0x3D, 0xE7, 0x3D, 0xE7, 0x3D, 
    0xE7, 0x3D, 0xE7, 0x3D, 0xE7, 0x3D, 0xE7, 0x5D, 0xE7, 0x5D, 0xEF, 0x5D, 0xEF, 0x5D, 0xE7, 0x5D, 
    0xEF, 0x5D, 0xFF, 0xDF, 0xFF, 0xDF, 0xD6, 0xBB, 0xB5, 0xF8, 0x9C, 0xF5, 0x6B, 0x6E, 0x39, 0xE8, 
    0x21, 0x24, 0x21, 0x04, 0x21, 0x04, 0x3A, 0x08, 0x94, 0xB4, 0xB5, 0xD8, 0xEF, 0x5D, 0xEF, 0x7D, 
    0xCE, 0x9B, 0xC6, 0x3A, 0xC6, 0x38, 0x00, 0x21, 0x00, 0x00, 0x19, 0x04, 0x21, 0x25, 0x00, 0x00, 
    0x21, 0x45, 0x10, 0xA3, 0x08, 0x62, 0x31, 0xA7, 0x00, 0x01, 0x00, 0x00, 0x7B, 0xEF, 0xBE, 0x18, 
    0xA5, 0x56, 0x42, 0x49, 0x08, 0x41, 0x00, 0x00, 0x00, 0x00, 0x21, 0x24, 0x4A, 0x8A, 0x31, 0xA7, 
    0x73, 0x8F, 0xD6, 0xBB, 0x52, 0xAB, 0x42, 0x49, 0x7B, 0xF0, 0x7C, 0x10, 0x5B, 0x0C, 0x21, 0x24, 
    0x00, 0x00, 0x00, 0x00, 0x00, 0x00, 0x08, 0x41, 0x29, 0x45, 0x29, 0x45, 0x00, 0x00, 0x00, 0x00, 
    0x00, 0x00, 0x00, 0x00, 0x21, 0x04, 0x08, 0x61, 0x4A, 0x49, 0x00, 0x20, 0x31, 0xA5, 0x18, 0xE4, 
    0x00, 0x00, 0xB5, 0xB6, 0xCE, 0x59, 0x00, 0x00, 0x00, 0x00, 0x10, 0x41, 0x3C, 0x78, 0x05, 0x9F, 
    0x01, 0xAA, 0x00, 0x00, 0x00, 0x42, 0x22, 0x6C, 0x29, 0xA7, 0x00, 0x00, 0x00, 0x62, 0x08, 0xC3, 
    0x10, 0xE2, 0x31, 0xC4, 0x9D, 0x65, 0xDF, 0xE2, 0xC7, 0x23, 0x63, 0x65, 0x29, 0xE4, 0x19, 0x23, 
    0x00, 0x82, 0x00, 0x63, 0x00, 0x63, 0x00, 0x22, 0x00, 0x21, 0xB5, 0xD7, 0xAD, 0x97, 0x7C, 0x11, 
    0xC6, 0x5A, 0xAD, 0xB8, 0x29, 0x86, 0x08, 0x42, 0x10, 0xE4, 0x31, 0xC8, 0x3A, 0x2A, 0x10, 0xE5, 
    0x00, 0x01, 0x00, 0x41, 0x42, 0x4A, 0x94, 0xF5, 0xBD, 0xF9, 0xDE, 0xFC, 0xE7, 0x1C, 0xDE, 0xFC, 
    0xDE, 0xFC, 0xDE, 0xFC, 0xE7, 0x1C, 0xE7, 0x3C, 0xE7, 0x3D, 0xE7, 0x3D, 0xE7, 0x3D, 0xE7, 0x3D, 
    0xE7, 0x3D, 0xE7, 0x3D, 0xE7, 0x3D, 0xE7, 0x3D, 0xE7, 0x5D, 0xEF, 0x5D, 0xEF, 0x5D, 0xEF, 0x5D, 
    0xF7, 0xDF, 0xEF, 0x7E, 0xBE, 0x39, 0xAD, 0x97, 0x6B, 0x6E, 0x10, 0xC3, 0x08, 0x82, 0x29, 0x66, 
    0x42, 0x6B, 0x5B, 0x0D, 0x42, 0x4A, 0x19, 0x04, 0x18, 0xC3, 0x9D, 0x15, 0xDE, 0xFC, 0xEF, 0x5D, 
    0xC6, 0x7A, 0xC6, 0x5A, 0xBD, 0xD7, 0x00, 0x00, 0x18, 0xC3, 0x31, 0xA7, 0x00, 0x01, 0x08, 0x62, 
    0x29, 0x65, 0x00, 0x00, 0x29, 0x66, 0x10, 0x83, 0x00, 0x01, 0x00, 0x01, 0x00, 0x00, 0x00, 0x21, 
    0x52, 0x8A, 0x8C, 0xB3, 0x7C, 0x11, 0x39, 0xC7, 0x00, 0x00, 0x00, 0x00, 0x08, 0x41, 0x7C, 0x10, 
    0xD6, 0xBB, 0xBD, 0xF8, 0x3A, 0x08, 0x31, 0xA7, 0x63, 0x2D, 0x31, 0xC7, 0x00, 0x00, 0x00, 0x00, 
    0x00, 0x00, 0x10, 0xA2, 0x31, 0xA6, 0x18, 0xC3, 0x00, 0x00, 0x00, 0x00, 0x00, 0x00, 0x00, 0x00, 
    0x00, 0x00, 0x21, 0x04, 0x00, 0x00, 0x29, 0x65, 0x29, 0x66, 0x10, 0xA1, 0x31, 0xA6, 0x00, 0x00, 
    0x73, 0x8E, 0xF7, 0xBE, 0x21, 0x04, 0x00, 0x00, 0x00, 0x00, 0x33, 0x0F, 0x0D, 0xBF, 0x03, 0x75, 
    0x00, 0x00, 0x00, 0x84, 0x09, 0x88, 0x42, 0xAB, 0x00, 0x00, 0x00, 0x21, 0x08, 0x82, 0x3A, 0x01, 
    0x63, 0x81, 0xAE, 0x22, 0xE7, 0xE1, 0xD7, 0xE2, 0xDF, 0xE1, 0xCF, 0x43, 0x7C, 0x63, 0x3A, 0x01, 
    0x08, 0xA2, 0x00, 0x84, 0x00, 0x83, 0x00, 0x01, 0x00, 0x00, 0xA5, 0x55, 0xB5, 0xF9, 0x7C, 0x11, 
    0xD6, 0xDC, 0x84, 0x51, 0x00, 0x00, 0x08, 0x62, 0x31, 0xE8, 0xDE, 0xFC, 0xF7, 0x9E, 0xC6, 0x39, 
    0x52, 0xED, 0x10, 0xC4, 0x00, 0x01, 0x18, 0xE4, 0x7C, 0x11, 0xBD, 0xF9, 0xDE, 0xFC, 0xDE, 0xFC, 
    0xDE, 0xDC, 0xDE, 0xFC, 0xDF, 0x1C, 0xE7, 0x1C, 0xE7, 0x3D, 0xE7, 0x3D, 0xE7, 0x3D, 0xE7, 0x3D, 
    0xE7, 0x3D, 0xE7, 0x3D, 0xE7, 0x3D, 0xE7, 0x3D, 0xE7, 0x5D, 0xEF, 0x5D, 0xEF, 0x5D, 0xF7, 0x9E, 
    0xEF, 0x5D, 0xBE, 0x39, 0x94, 0xD4, 0x29, 0x65, 0x00, 0x00, 0x00, 0x83, 0x32, 0x09, 0x94, 0xF4, 
    0xE7, 0x1C, 0xF7, 0xBF, 0x94, 0xD4, 0x21, 0x46, 0x00, 0x20, 0x5A, 0xEC, 0xE7, 0x3D, 0xE7, 0x3D, 
    0xC6, 0x39, 0xD6, 0xDC, 0x9C, 0xF3, 0x10, 0x82, 0x21, 0x24, 0x00, 0x00, 0x00, 0x21, 0x31, 0xA7, 
    0x00, 0x41, 0x18, 0xC4, 0x29, 0x65, 0x00, 0x00, 0x08, 0x41, 0x10, 0xA3, 0x00, 0x00, 0x00, 0x00, 
    0x00, 0x00, 0x10, 0xA2, 0x7B, 0xF0, 0xAD, 0xB8, 0x6B, 0x6E, 0x00, 0x00, 0x00, 0x00, 0x29, 0x45, 
    0xDE, 0xDC, 0x94, 0xB3, 0x3A, 0x09, 0x4A, 0x8A, 0x10, 0xA2, 0x00, 0x00, 0x00, 0x00, 0x21, 0x24, 
    0x31, 0x86, 0x08, 0x61, 0x00, 0x00, 0x00, 0x00, 0x00, 0x00, 0x00, 0x00, 0x00, 0x00, 0x00, 0x00, 
    0x00, 0x00, 0x31, 0xA6, 0x00, 0x00, 0x31, 0xA7, 0x08, 0x61, 0x31, 0xA6, 0x08, 0x41, 0x31, 0x86, 
    0xF7, 0xBE, 0x6B, 0x6D, 0x00, 0x00, 0x00, 0x00, 0x29, 0xA7, 0x1D, 0x1E, 0x04, 0xDD, 0x00, 0xA4, 
    0x00, 0x21, 0x00, 0xC6, 0x3A, 0x8B, 0x18, 0xE4, 0x00, 0x01, 0x00, 0x42, 0x00, 0x42, 0x00, 0x42, 
    0x00, 0x22, 0x00, 0x42, 0x53, 0x21, 0xDF, 0xE2, 0x9D, 0xC2, 0x10, 0xA3, 0x00, 0x23, 0x00, 0x43, 
    0x00, 0x63, 0x00, 0x63, 0x00, 0x01, 0x10, 0xA3, 0x19, 0x05, 0x9D, 0x35, 0xC6, 0x5A, 0x84, 0x32, 
    0xDE, 0xFC, 0x52, 0xAB, 0x00, 0x00, 0x00, 0x00, 0x19, 0x25, 0xCE, 0x5A, 0xFF, 0xFF, 0xFF, 0xFF, 
    0xD6, 0xDC, 0x52, 0xED, 0x10, 0xE4, 0x00, 0x01, 0x08, 0x62, 0x73, 0xD0, 0xBD, 0xF8, 0xDE, 0xFC, 
    0xDE, 0xFC, 0xDE, 0xFC, 0xDE, 0xFC, 0xDF, 0x1C, 0xE7, 0x1C, 0xE7, 0x3C, 0xE7, 0x3C, 0xE7, 0x3D, 
    0xE7, 0x3D, 0xE7, 0x3D, 0xE7, 0x3D, 0xE7, 0x3D, 0xE7, 0x5D, 0xEF, 0x5D, 0xEF, 0x9E, 0xEF, 0x5D, 
    0xC6, 0x3A, 0x8C, 0x72, 0x10, 0xA3, 0x00, 0x01, 0x00, 0x62, 0x31, 0xE9, 0xBE, 0x19, 0xFF, 0xFF, 
    0xFF, 0xFF, 0xFF, 0xFF, 0x73, 0xD0, 0x00, 0x21, 0x00, 0x00, 0x29, 0x86, 0xDE, 0xFC, 0xE7, 0x1C, 
    0xBE, 0x19, 0xD6, 0xDC, 0x73, 0xCF, 0x08, 0x41, 0x00, 0x21, 0x08, 0x62, 0x31, 0xA6, 0x10, 0xA3, 
    0x00, 0x41, 0x31, 0xA7, 0x00, 0x21, 0x00, 0x00, 0x31, 0x86, 0x10, 0x82, 0x00, 0x00, 0x00, 0x01, 
    0x00, 0x00, 0x00, 0x00, 0x10, 0x82, 0xCE, 0x7A, 0xFF, 0xFF, 0x52, 0xAB, 0x00, 0x00, 0x18, 0xC3, 
    0xD6, 0xDB, 0x7C, 0x10, 0x52, 0xCC, 0x39, 0xE8, 0x00, 0x00, 0x00, 0x00, 0x31, 0xA6, 0x00, 0x00, 
    0x00, 0x00, 0x00, 0x00, 0x00, 0x00, 0x00, 0x00, 0x00, 0x00, 0x00, 0x00, 0x00, 0x00, 0x00, 0x00, 
    0x00, 0x00, 0x21, 0x24, 0x00, 0x20, 0x39, 0xE8, 0x18, 0xE3, 0x21, 0x04, 0x00, 0x00, 0xCE, 0x7A, 
    0xCE, 0x59, 0x00, 0x20, 0x00, 0x00, 0x08, 0x20, 0x2C, 0x38, 0x05, 0x7F, 0x02, 0xB0, 0x00, 0x00, 
    0x00, 0xA6, 0x11, 0x88, 0x52, 0x8A, 0x00, 0x00, 0x00, 0x42, 0x00, 0x42, 0x00, 0x42, 0x00, 0x63, 
    0x00, 0x63, 0x00, 0x63, 0x00, 0x03, 0xA5, 0xC1, 0x42, 0xA3, 0x00, 0x24, 0x00, 0x83, 0x00, 0x63, 
    0x00, 0x01, 0x10, 0xE5, 0x63, 0x2D, 0x63, 0x6F, 0x10, 0xE5, 0x84, 0x31, 0xC6, 0x7B, 0x8C, 0x93, 
    0xDF, 0x1C, 0x42, 0x29, 0x00, 0x21, 0x00, 0x20, 0x00, 0x00, 0x18, 0xE4, 0x5A, 0xEC, 0xA5, 0x56, 
    0xC6, 0x5A, 0xAD, 0x77, 0x31, 0xE9, 0x08, 0x83, 0x00, 0x01, 0x08, 0x62, 0x7C, 0x11, 0xBE, 0x19, 
    0xDF, 0x1C, 0xDE, 0xFC, 0xDE, 0xFC, 0xDE, 0xFC, 0xE7, 0x1C, 0xE7, 0x1C, 0xE7, 0x3C, 0xE7, 0x3D, 
    0xE7, 0x3D, 0xE7, 0x3D, 0xE7, 0x3D, 0xE7, 0x3D, 0xEF, 0x5D, 0xEF, 0x7D, 0xEF, 0x7E, 0xC6, 0x5A, 
    0x8C, 0x72, 0x10, 0x82, 0x00, 0x01, 0x00, 0x83, 0x21, 0x67, 0xAD, 0x97, 0xE7, 0x3D, 0xCE, 0x59, 
    0x84, 0x52, 0x42, 0x6A, 0x08, 0x62, 0x00, 0x21, 0x00, 0x62, 0x19, 0x05, 0xD6, 0xBB, 0xE7, 0x1C, 
    0xBE, 0x19, 0xCE, 0xBC, 0x42, 0x28, 0x00, 0x00, 0x08, 0x62, 0x31, 0x86, 0x10, 0xC3, 0x00, 0x21, 
    0x39, 0xC7, 0x10, 0x82, 0x00, 0x00, 0x21, 0x04, 0x21, 0x25, 0x00, 0x00, 0x00, 0x21, 0x00, 0x00, 
    0x00, 0x00, 0x00, 0x00, 0x00, 0x00, 0x8C, 0x72, 0xD6, 0xDC, 0x6B, 0x4D, 0x00, 0x00, 0x52, 0xAB, 
    0xDE, 0xFC, 0x73, 0xAF, 0x5B, 0x0D, 0x08, 0x62, 0x00, 0x00, 0x31, 0xA6, 0x00, 0x00, 0x00, 0x00, 
    0x00, 0x00, 0x00, 0x00, 0x00, 0x00, 0x00, 0x00, 0x00, 0x00, 0x00, 0x00, 0x00, 0x00, 0x00, 0x00, 
    0x00, 0x20, 0x10, 0x82, 0x18, 0xC3, 0x39, 0xE8, 0x29, 0x45, 0x00, 0x00, 0x73, 0xAE, 0xFF, 0xFF, 
    0x3A, 0x08, 0x00, 0x00, 0x00, 0x00, 0x32, 0x6C, 0x0D, 0x5F, 0x04, 0x7C, 0x00, 0x62, 0x00, 0x21, 
    0x00, 0xC7, 0x4A, 0x6A, 0x21, 0x25, 0x00, 0x01, 0x00, 0x42, 0x00, 0x42, 0x00, 0x42, 0x00, 0x63, 
    0x00, 0x63, 0x00, 0x63, 0x00, 0x23, 0x6B, 0xA2, 0x19, 0x43, 0x00, 0x63, 0x00, 0x42, 0x00, 0x63, 
    0x5B, 0x0C, 0xCE, 0x7A, 0xA5, 0x56, 0x21, 0x45, 0x00, 0x00, 0x63, 0x0C, 0xD6, 0xFC, 0x94, 0xD4, 
    0xDF, 0x1C, 0x42, 0x49, 0x00, 0x42, 0x00, 0x21, 0x00, 0x00, 0x00, 0x00, 0x00, 0x00, 0x08, 0xA3, 
    0x31, 0xE9, 0x73, 0xD0, 0x5B, 0x0D, 0x19, 0x25, 0x00, 0x62, 0x00, 0x01, 0x10, 0xC3, 0x94, 0xD4, 
    0xCE, 0x7A, 0xDF, 0x1C, 0xDE, 0xFC, 0xDE, 0xFC, 0xDF, 0x1C, 0xE7, 0x1C, 0xE7, 0x1C, 0xE7, 0x3D, 
    0xE7, 0x3D, 0xE7, 0x3D, 0xE7, 0x3D, 0xE7, 0x3D, 0xEF, 0x5D, 0xEF, 0x7E, 0xCE, 0x9B, 0xA5, 0x35, 
    0x18, 0xC3, 0x00, 0x01, 0x00, 0x62, 0x11, 0x05, 0x7B, 0xF1, 0xA5, 0x76, 0x52, 0xED, 0x21, 0x66, 
    0x00, 0x42, 0x00, 0x00, 0x00, 0x00, 0x08, 0x83, 0x08, 0x83, 0x21, 0x46, 0xDE, 0xFC, 0xDE, 0xFC, 
    0xBD, 0xF9, 0xB6, 0x19, 0x18, 0xC3, 0x08, 0x41, 0x21, 0x24, 0x08, 0x42, 0x00, 0x21, 0x39, 0xC7, 
    0x10, 0xA3, 0x00, 0x00, 0x10, 0xC3, 0x31, 0x86, 0x00, 0x00, 0x00, 0x21, 0x00, 0x01, 0x08, 0x60, 
    0x29, 0x40, 0x00, 0x00, 0x00, 0x00, 0x63, 0x4D, 0xBE, 0x19, 0x4A, 0x6A, 0x00, 0x00, 0xB5, 0x96, 
    0xBD, 0xF8, 0x6B, 0x8F, 0x31, 0xA7, 0x00, 0x00, 0x00, 0x21, 0x21, 0x04, 0x00, 0x00, 0x00, 0x00, 
    0x00, 0x00, 0x00, 0x00, 0x00, 0x00, 0x00, 0x00, 0x00, 0x00, 0x00, 0x00, 0x00, 0x00, 0x00, 0x00, 
    0x10, 0xA2, 0x00, 0x00, 0x21, 0x24, 0x42, 0x08, 0x10, 0xA2, 0x18, 0xE4, 0xF7, 0xBE, 0xA5, 0x34, 
    0x00, 0x00, 0x00, 0x00, 0x08, 0x41, 0x24, 0x5A, 0x05, 0x1F, 0x02, 0xB1, 0x00, 0x00, 0x00, 0xA5, 
    0x00, 0x63, 0x4A, 0x28, 0x00, 0x01, 0x00, 0x21, 0x00, 0x22, 0x00, 0x42, 0x00, 0x42, 0x00, 0x62, 
    0x00, 0x63, 0x00, 0x63, 0x00, 0x43, 0x31, 0xC2, 0x08, 0xA3, 0x00, 0x01, 0x29, 0x66, 0xBE, 0x39, 
    0xF7, 0x9E, 0x7B, 0xF0, 0x08, 0x83, 0x00, 0x00, 0x00, 0x00, 0x31, 0xA6, 0xCE, 0xBB, 0x94, 0xF5, 
    0xDE, 0xDC, 0x63, 0x0C, 0x00, 0x22, 0x08, 0x83, 0x00, 0x20, 0x00, 0x00, 0x00, 0x00, 0x00, 0x00, 
    0x00, 0x62, 0x10, 0xE4, 0x29, 0x88, 0x21, 0x46, 0x08, 0xA3, 0x00, 0x42, 0x00, 0x01, 0x31, 0xA7, 
    0xA5, 0x77, 0xD6, 0xDB, 0xDE, 0xFC, 0xDE, 0xFC, 0xDE, 0xFC, 0xDF, 0x1C, 0xE7, 0x1C, 0xE7, 0x1C, 
    0xE7, 0x3D, 0xE7, 0x3D, 0xE7, 0x3D, 0xE7, 0x5D, 0xEF, 0x7D, 0xDF, 0x1C, 0xBD, 0xF8, 0x31, 0x86, 
    0x00, 0x01, 0x00, 0x42, 0x08, 0xA4, 0x21, 0x87, 0x42, 0x6B, 0x19, 0x26, 0x08, 0xA3, 0x00, 0x42, 
    0x00, 0x00, 0x00, 0x00, 0x00, 0x20, 0x10, 0xE5, 0x00, 0x42, 0x42, 0x49, 0xF7, 0x9E, 0xD6, 0xBB, 
    0xBE, 0x19, 0xAD, 0x76, 0x08, 0x40, 0x00, 0x21, 0x00, 0x00, 0x10, 0xA3, 0x39, 0xE8, 0x10, 0x82, 
    0x00, 0x00, 0x18, 0xC3, 0x31, 0xA6, 0x00, 0x01, 0x00, 0x00, 0x00, 0x21, 0x00, 0x00, 0x42, 0x20, 
    0x42, 0x40, 0x00, 0x00, 0x00, 0x00, 0x7C, 0x11, 0x9D, 0x15, 0x18, 0xC3, 0x08, 0x61, 0xD6, 0xBB, 
    0x8C, 0x93, 0x5A, 0xEC, 0x08, 0x41, 0x00, 0x00, 0x39, 0xC7, 0x00, 0x00, 0x00, 0x00, 0x00, 0x00, 
    0x00, 0x00, 0x00, 0x00, 0x00, 0x00, 0x00, 0x00, 0x00, 0x00, 0x00, 0x00, 0x00, 0x00, 0x00, 0x00, 
    0x21, 0x24, 0x00, 0x00, 0x39, 0xC7, 0x31, 0x86, 0x00, 0x00, 0xA5, 0x14, 0xFF, 0xFF, 0x39, 0xE7, 
    0x00, 0x00, 0x00, 0x00, 0x2A, 0x0A, 0x0C, 0xDF, 0x04, 0x9E, 0x00, 0xC5, 0x00, 0x42, 0x00, 0xC6, 
    0x18, 0xA3, 0x39, 0xE8, 0x00, 0x00, 0x00, 0x21, 0x00, 0x21, 0x00, 0x22, 0x00, 0x42, 0x00, 0x42, 
    0x00, 0x62, 0x00, 0x63, 0x00, 0x63, 0x00, 0x22, 0x00, 0x21, 0x7B, 0xF0, 0xFF, 0xFF, 0xD6, 0x9A, 
    0x31, 0xC7, 0x00, 0x01, 0x00, 0x21, 0x19, 0x04, 0x10, 0x82, 0x08, 0x41, 0xB5, 0xD7, 0xAD, 0x97, 
    0xCE, 0x7A, 0x8C, 0x71, 0x00, 0x22, 0x09, 0x07, 0x08, 0x41, 0x00, 0x00, 0x00, 0x00, 0x00, 0x00, 
    0x00, 0x00, 0x00, 0x41, 0x08, 0x83, 0x10, 0xC4, 0x08, 0xC4, 0x00, 0x62, 0x00, 0x21, 0x00, 0x01, 
    0x73, 0xAF, 0xC6, 0x5A, 0xE7, 0x1D, 0xDE, 0xFC, 0xDE, 0xFC, 0xDE, 0xFC, 0xDF, 0x1C, 0xE7, 0x1C, 
    0xE7, 0x1C, 0xE7, 0x3D, 0xE7, 0x3D, 0xEF, 0x5D, 0xE7, 0x5D, 0xCE, 0x9B, 0x6B, 0x6E, 0x00, 0x01, 
    0x00, 0x22, 0x00, 0x63, 0x10, 0xE4, 0x11, 0x05, 0x08, 0xA3, 0x00, 0x62, 0x00, 0x21, 0x00, 0x00, 
    0x00, 0x00, 0x00, 0x00, 0x08, 0x83, 0x11, 0x27, 0x00, 0x22, 0x73, 0xCF, 0xFF, 0xDF, 0xC6, 0x39, 
    0xBE, 0x5A, 0x73, 0xCF, 0x00, 0x00, 0x00, 0x00, 0x08, 0x62, 0x21, 0x04, 0x00, 0x21, 0x00, 0x01, 
    0x29, 0x45, 0x31, 0x86, 0x00, 0x00, 0x00, 0x21, 0x10, 0xA2, 0x00, 0x01, 0x08, 0x81, 0x6B, 0xC1, 
    0x08, 0x60, 0x00, 0x00, 0x19, 0x04, 0x8C, 0x73, 0x63, 0x6F, 0x00, 0x00, 0x42, 0x29, 0xCE, 0x7A, 
    0x73, 0xD0, 0x29, 0x65, 0x00, 0x00, 0x10, 0x82, 0x10, 0xA2, 0x00, 0x00, 0x00, 0x00, 0x00, 0x00, 
    0x00, 0x00, 0x00, 0x00, 0x00, 0x00, 0x00, 0x00, 0x00, 0x00, 0x00, 0x00, 0x00, 0x00, 0x00, 0x00, 
    0x29, 0x45, 0x00, 0x00, 0x52, 0x8A, 0x10, 0x61, 0x21, 0x04, 0xF7, 0x9E, 0xB5, 0xB6, 0x00, 0x00, 
    0x00, 0x00, 0x08, 0x20, 0x2B, 0xB7, 0x04, 0x9F, 0x03, 0x57, 0x00, 0x00, 0x00, 0xA4, 0x00, 0x42, 
    0x29, 0x45, 0x31, 0xA6, 0x00, 0x00, 0x00, 0x21, 0x00, 0x21, 0x00, 0x21, 0x00, 0x22, 0x00, 0x42, 
    0x00, 0x42, 0x00, 0x42, 0x00, 0x01, 0x19, 0x25, 0xB5, 0xB7, 0xFF, 0xFF, 0x94, 0x91, 0x10, 0x82, 
    0x00, 0x00, 0x19, 0x04, 0x31, 0xA6, 0x18, 0xE4, 0x00, 0x00, 0x00, 0x00, 0x7C, 0x10, 0xB5, 0xF9, 
    0xA5, 0x76, 0xBD, 0xF8, 0x08, 0xA4, 0x01, 0x29, 0x00, 0x63, 0x00, 0x00, 0x00, 0x00, 0x00, 0x00, 
    0x00, 0x00, 0x00, 0x00, 0x00, 0x21, 0x00, 0x62, 0x08, 0x83, 0x00, 0x63, 0x00, 0x21, 0x00, 0x22, 
    0x18, 0xE4, 0xA5, 0x15, 0xD6, 0xBB, 0xDE, 0xFC, 0xDE, 0xFC, 0xDE, 0xFC, 0xDF, 0x1C, 0xDF, 0x1C, 
    0xE7, 0x1C, 0xE7, 0x3C, 0xE7, 0x3D, 0xEF, 0x5D, 0xDE, 0xFC, 0xAD, 0x76, 0x08, 0x82, 0x00, 0x21, 
    0x00, 0x42, 0x00, 0x83, 0x08, 0xA3, 0x00, 0x63, 0x00, 0x21, 0x00, 0x00, 0x00, 0x00, 0x00, 0x00, 
    0x00, 0x00, 0x00, 0x00, 0x10, 0xE5, 0x09, 0x49, 0x00, 0x42, 0xB5, 0xB7, 0xEF, 0x7E, 0xB5, 0xF8, 
    0xB6, 0x19, 0x29, 0x65, 0x00, 0x00, 0x18, 0xC3, 0x21, 0x04, 0x10, 0xC3, 0x08, 0x41, 0x39, 0xC7, 
    0x21, 0x25, 0x00, 0x20, 0x18, 0xC3, 0x08, 0x62, 0x00, 0x00, 0x00, 0x00, 0x73, 0xE1, 0x31, 0xE1, 
    0x00, 0x00, 0x00, 0x00, 0x63, 0x2D, 0x8C, 0xD5, 0x29, 0xE9, 0x00, 0x00, 0x8C, 0x71, 0xA5, 0x35, 
    0x4A, 0x8A, 0x00, 0x20, 0x00, 0x00, 0x39, 0xE7, 0x00, 0x00, 0x00, 0x00, 0x00, 0x00, 0x00, 0x00, 
    0x00, 0x00, 0x00, 0x00, 0x00, 0x00, 0x00, 0x00, 0x00, 0x00, 0x00, 0x00, 0x00, 0x00, 0x00, 0x00, 
    0x21, 0x24, 0x00, 0x00, 0x39, 0xE7, 0x00, 0x00, 0x7B, 0xEF, 0xF7, 0xDF, 0x5A, 0xEB, 0x00, 0x00, 
    0x00, 0x00, 0x10, 0xC4, 0x14, 0x1D, 0x04, 0x5F, 0x02, 0x2F, 0x00, 0x00, 0x01, 0x06, 0x00, 0x00, 
    0x31, 0xA6, 0x29, 0x86, 0x00, 0x00, 0x00, 0x21, 0x00, 0x21, 0x00, 0x21, 0x00, 0x21, 0x00, 0x21, 
    0x00, 0x42, 0x00, 0x00, 0x31, 0xA7, 0xC6, 0x59, 0xEF, 0x7E, 0x63, 0x2C, 0x00, 0x00, 0x00, 0x00, 
    0x29, 0x65, 0x31, 0xA7, 0x00, 0x41, 0x00, 0x00, 0x00, 0x00, 0x00, 0x00, 0x52, 0x8A, 0xBE, 0x3A, 
    0x84, 0x73, 0xDE, 0xFC, 0x42, 0x08, 0x00, 0xA7, 0x01, 0x6A, 0x00, 0x21, 0x00, 0x00, 0x00, 0x00, 
    0x00, 0x00, 0x00, 0x00, 0x00, 0x00, 0x00, 0x00, 0x00, 0x41, 0x00, 0x42, 0x00, 0x42, 0x00, 0x21, 
    0x00, 0x01, 0x63, 0x4D, 0xCE, 0x7A, 0xDF, 0x1C, 0xDE, 0xDB, 0xDE, 0xFC, 0xDE, 0xFC, 0xDE, 0xFC, 
    0xE7, 0x1C, 0xE7, 0x1C, 0xE7, 0x3D, 0xEF, 0x5D, 0xD6, 0xBB, 0x5B, 0x0C, 0x00, 0x01, 0x00, 0x21, 
    0x00, 0x42, 0x00, 0x62, 0x00, 0x42, 0x00, 0x21, 0x00, 0x00, 0x00, 0x00, 0x00, 0x00, 0x00, 0x00, 
    0x00, 0x00, 0x08, 0x42, 0x09, 0xAB, 0x00, 0xE8, 0x29, 0x66, 0xE7, 0x3D, 0xD6, 0xBB, 0xAD, 0xD9, 
    0x94, 0xF5, 0x00, 0x00, 0x00, 0x00, 0x08, 0x62, 0x10, 0xC3, 0x10, 0x82, 0x10, 0xA2, 0x18, 0xC3, 
    0x00, 0x00, 0x00, 0x21, 0x08, 0x62, 0x00, 0x21, 0x00, 0x00, 0x6B, 0xC1, 0x4A, 0x80, 0x00, 0x00, 
    0x00, 0x00, 0x29, 0x65, 0x8C, 0x72, 0x53, 0xB1, 0x00, 0x41, 0x18, 0xE3, 0xBD, 0xF8, 0x73, 0xD0, 
    0x10, 0xC3, 0x00, 0x00, 0x21, 0x24, 0x08, 0x41, 0x00, 0x00, 0x00, 0x00, 0x00, 0x00, 0x00, 0x00, 
    0x00, 0x00, 0x00, 0x00, 0x00, 0x00, 0x00, 0x00, 0x00, 0x00, 0x00, 0x00, 0x00, 0x00, 0x00, 0x00, 
    0x29, 0x65, 0x00, 0x00, 0x08, 0x61, 0x18, 0xC3, 0xCE, 0x9A, 0xDE, 0xDB, 0x29, 0x45, 0x00, 0x00, 
    0x00, 0x00, 0x11, 0x69, 0x0C, 0x1F, 0x04, 0x3F, 0x01, 0x6A, 0x00, 0x00, 0x01, 0x66, 0x00, 0x00, 
    0x31, 0x86, 0x39, 0xE7, 0x00, 0x00, 0x00, 0x21, 0x00, 0x21, 0x00, 0x21, 0x00, 0x21, 0x00, 0x21, 
    0x00, 0x00, 0x39, 0xE8, 0xD6, 0xBB, 0xD6, 0xDB, 0x42, 0x29, 0x00, 0x00, 0x08, 0x62, 0x42, 0x08, 
    0x19, 0x04, 0x00, 0x00, 0x00, 0x21, 0x00, 0x42, 0x00, 0x21, 0x00, 0x00, 0x10, 0xA2, 0xB5, 0xD8, 
    0x84, 0x73, 0xC6, 0x5A, 0x94, 0xB2, 0x00, 0x01, 0x02, 0x51, 0x01, 0x07, 0x00, 0x00, 0x00, 0x00, 
    0x00, 0x00, 0x00, 0x00, 0x00, 0x00, 0x00, 0x00, 0x00, 0x00, 0x00, 0x21, 0x00, 0x42, 0x00, 0x41, 
    0x00, 0x01, 0x21, 0x46, 0xBD, 0xF8, 0xDE, 0xFC, 0xDE, 0xDC, 0xDE, 0xFC, 0xDE, 0xFC, 0xDE, 0xFC, 
    0xDF, 0x1C, 0xE7, 0x1C, 0xE7, 0x3D, 0xDF, 0x1C, 0xAD, 0x96, 0x08, 0x82, 0x00, 0x22, 0x00, 0x42, 
    0x00, 0x42, 0x00, 0x21, 0x00, 0x00, 0x00, 0x00, 0x00, 0x00, 0x00, 0x00, 0x00, 0x00, 0x00, 0x00, 
    0x00, 0x21, 0x01, 0x08, 0x02, 0x50, 0x00, 0x01, 0x8C, 0x51, 0xF7, 0xBF, 0xB5, 0xB8, 0xB6, 0x1A, 
    0x63, 0x2C, 0x00, 0x00, 0x00, 0x20, 0x18, 0xE4, 0x29, 0x45, 0x21, 0x04, 0x21, 0x45, 0x18, 0xE4, 
    0x10, 0xA3, 0x08, 0x82, 0x00, 0x01, 0x00, 0x20, 0x74, 0x01, 0x52, 0xA1, 0x00, 0x01, 0x00, 0x00, 
    0x08, 0x41, 0x8C, 0x51, 0x84, 0xD5, 0x09, 0x47, 0x00, 0x00, 0x63, 0x0C, 0xA5, 0x56, 0x32, 0x09, 
    0x00, 0x00, 0x00, 0x00, 0x31, 0xA6, 0x00, 0x00, 0x00, 0x00, 0x00, 0x00, 0x00, 0x00, 0x00, 0x00, 
    0x00, 0x00, 0x00, 0x00, 0x00, 0x00, 0x00, 0x00, 0x00, 0x00, 0x00, 0x00, 0x00, 0x00, 0x00, 0x00, 
    0x31, 0x86, 0x00, 0x00, 0x00, 0x00, 0x52, 0x8A, 0xDE, 0xFC, 0xAD, 0x76, 0x10, 0xA3, 0x00, 0x00, 
    0x00, 0x00, 0x01, 0xEE, 0x03, 0xFF, 0x03, 0xDF, 0x00, 0xC6, 0x00, 0x20, 0x01, 0xA8, 0x00, 0x00, 
    0x10, 0x83, 0x42, 0x28, 0x00, 0x00, 0x00, 0x21, 0x00, 0x21, 0x00, 0x21, 0x00, 0x21, 0x00, 0x00, 
    0x42, 0x08, 0xEF, 0x5D, 0xD6, 0xDC, 0x42, 0x28, 0x00, 0x00, 0x10, 0xC3, 0x42, 0x29, 0x08, 0x62, 
    0x00, 0x00, 0x00, 0x21, 0x00, 0x63, 0x00, 0x83, 0x00, 0x41, 0x00, 0x00, 0x00, 0x00, 0x73, 0xCF, 
    0xA5, 0x77, 0x8C, 0x93, 0xD6, 0xDB, 0x39, 0xE7, 0x00, 0xE7, 0x0B, 0x14, 0x00, 0xA5, 0x00, 0x21, 
    0x00, 0x21, 0x00, 0x00, 0x00, 0x00, 0x00, 0x00, 0x00, 0x00, 0x00, 0x00, 0x00, 0x00, 0x00, 0x21, 
    0x00, 0x63, 0x00, 0x42, 0x84, 0x31, 0xD6, 0xBB, 0xDE, 0xFC, 0xDE, 0xDC, 0xDE, 0xFC, 0xDE, 0xFC, 
    0xDE, 0xFC, 0xE7, 0x1C, 0xE7, 0x3D, 0xDE, 0xFC, 0x73, 0xCF, 0x00, 0x01, 0x00, 0x63, 0x00, 0x21, 
    0x00, 0x00, 0x00, 0x00, 0x00, 0x00, 0x00, 0x00, 0x00, 0x00, 0x00, 0x00, 0x00, 0x01, 0x00, 0x21, 
    0x00, 0xE7, 0x23, 0xF8, 0x01, 0x08, 0x31, 0x86, 0xE7, 0x5D, 0xD6, 0xBB, 0x9D, 0x37, 0xA5, 0x97, 
    0x10, 0x81, 0x00, 0x00, 0x08, 0x82, 0x10, 0xA3, 0x10, 0x82, 0x10, 0x82, 0x10, 0xA3, 0x10, 0xA3, 
    0x00, 0x21, 0x00, 0x00, 0x10, 0xA1, 0x84, 0x61, 0x4A, 0x81, 0x00, 0x00, 0x10, 0x80, 0x00, 0x00, 
    0x6B, 0x8E, 0xB5, 0xF9, 0x33, 0x0F, 0x00, 0x00, 0x00, 0x21, 0xA5, 0x14, 0x73, 0xF0, 0x08, 0x61, 
    0x00, 0x00, 0x39, 0xC7, 0x00, 0x00, 0x00, 0x00, 0x00, 0x00, 0x00, 0x00, 0x00, 0x00, 0x00, 0x00, 
    0x00, 0x00, 0x00, 0x00, 0x00, 0x00, 0x00, 0x00, 0x00, 0x00, 0x00, 0x00, 0x00, 0x00, 0x00, 0x00, 
    0x21, 0x24, 0x00, 0x00, 0x00, 0x00, 0x73, 0xCF, 0xD6, 0xBB, 0x8C, 0x72, 0x10, 0xA3, 0x00, 0x00, 
    0x00, 0x00, 0x02, 0x11, 0x03, 0xDF, 0x03, 0x9F, 0x00, 0xA5, 0x00, 0x20, 0x02, 0x4D, 0x00, 0x01, 
    0x00, 0x00, 0x52, 0x8A, 0x31, 0xA7, 0x00, 0x00, 0x00, 0x01, 0x00, 0x21, 0x00, 0x00, 0x21, 0x04, 
    0xDE, 0xFB, 0xFF, 0xFF, 0x5A, 0xCB, 0x00, 0x00, 0x18, 0xE4, 0x4A, 0x48, 0x00, 0x41, 0x00, 0x00, 
    0x00, 0x21, 0x00, 0x42, 0x00, 0x42, 0x00, 0x42, 0x00, 0x42, 0x00, 0x01, 0x00, 0x00, 0x29, 0x45, 
    0xBE, 0x3A, 0x73, 0xF1, 0xBE, 0x19, 0xBD, 0xD7, 0x00, 0x20, 0x02, 0x2E, 0x1B, 0x56, 0x00, 0xC6, 
    0x00, 0x62, 0x00, 0x42, 0x00, 0x00, 0x00, 0x00, 0x00, 0x00, 0x00, 0x00, 0x00, 0x00, 0x00, 0x00, 
    0x00, 0x62, 0x00, 0x22, 0x52, 0x8A, 0xCE, 0x7A, 0xDE, 0xFC, 0xDE, 0xDC, 0xDE, 0xFC, 0xDE, 0xFC, 
    0xDE, 0xFC, 0xE7, 0x1C, 0xE7, 0x1C, 0xD6, 0xDB, 0x31, 0xC7, 0x00, 0x22, 0x00, 0x42, 0x00, 0x00, 
    0x00, 0x00, 0x00, 0x00, 0x00, 0x00, 0x00, 0x00, 0x00, 0x21, 0x00, 0x42, 0x00, 0x42, 0x00, 0xE7, 
    0x3C, 0x9A, 0x22, 0xAF, 0x00, 0x41, 0xB5, 0xB7, 0xE7, 0x5D, 0xAD, 0x97, 0xAD, 0xFA, 0x63, 0x4D, 
    0x00, 0x00, 0x00, 0x00, 0x08, 0x82, 0x10, 0x82, 0x10, 0xA2, 0x10, 0xA2, 0x08, 0x82, 0x00, 0x21, 
    0x00, 0x01, 0x29, 0xA0, 0x8C, 0xE1, 0x31, 0xE1, 0x00, 0x00, 0x21, 0x22, 0x08, 0x40, 0x52, 0xCB, 
    0xCE, 0x9B, 0x64, 0x54, 0x00, 0x21, 0x00, 0x00, 0x42, 0x6A, 0xA5, 0x97, 0x21, 0xA7, 0x00, 0x00, 
    0x08, 0x41, 0x21, 0x04, 0x00, 0x00, 0x00, 0x00, 0x00, 0x00, 0x00, 0x00, 0x00, 0x00, 0x00, 0x00, 
    0x00, 0x00, 0x00, 0x00, 0x00, 0x00, 0x00, 0x00, 0x00, 0x00, 0x00, 0x00, 0x00, 0x00, 0x00, 0x00, 
    0x21, 0x04, 0x00, 0x00, 0x18, 0xC3, 0x9C, 0xD4, 0xBE, 0x19, 0x73, 0xCF, 0x18, 0xC3, 0x00, 0x00, 
    0x00, 0x00, 0x01, 0xAF, 0x03, 0xBF, 0x03, 0x9F, 0x01, 0x08, 0x00, 0x00, 0x02, 0x4C, 0x00, 0x41, 
    0x00, 0x00, 0x08, 0x62, 0x5A, 0xEB, 0x39, 0xE7, 0x00, 0x21, 0x00, 0x00, 0x00, 0x00, 0x8C, 0x92, 
    0xD6, 0xDC, 0xAD, 0x55, 0x00, 0x20, 0x10, 0x81, 0x4A, 0x68, 0x08, 0x41, 0x00, 0x00, 0x00, 0x21, 
    0x00, 0x42, 0x00, 0x42, 0x00, 0x42, 0x00, 0x42, 0x00, 0x42, 0x00, 0x21, 0x00, 0x00, 0x00, 0x00, 
    0x8C, 0x92, 0x9D, 0x36, 0x84, 0x52, 0xD6, 0xBB, 0x8C, 0x71, 0x00, 0x00, 0x33, 0x54, 0x33, 0x96, 
    0x00, 0xE7, 0x00, 0x83, 0x00, 0x63, 0x00, 0x42, 0x00, 0x21, 0x00, 0x00, 0x00, 0x00, 0x00, 0x00, 
    0x00, 0x21, 0x00, 0x22, 0x29, 0x87, 0xC6, 0x5A, 0xDE, 0xFC, 0xDE, 0xFC, 0xDE, 0xFC, 0xDE, 0xFC, 
    0xDE, 0xFC, 0xE7, 0x1C, 0xE7, 0x3D, 0xB5, 0xB7, 0x08, 0x62, 0x00, 0x22, 0x00, 0x00, 0x00, 0x00, 
    0x00, 0x00, 0x00, 0x00, 0x00, 0x01, 0x00, 0x42, 0x00, 0x63, 0x00, 0x83, 0x01, 0x8B, 0x34, 0x9A, 
    0x2B, 0x52, 0x00, 0x42, 0x94, 0xB3, 0xF7, 0xBF, 0xBD, 0xF8, 0x94, 0xF6, 0xB5, 0xF9, 0x18, 0xA2, 
    0x00, 0x00, 0x00, 0x00, 0x10, 0xA2, 0x18, 0xE4, 0x19, 0x04, 0x10, 0xA2, 0x00, 0x00, 0x00, 0x01, 
    0x63, 0x62, 0x84, 0x81, 0x19, 0x00, 0x00, 0x00, 0x29, 0x45, 0x08, 0x60, 0x4A, 0x8A, 0xDE, 0xFC, 
    0x8D, 0x78, 0x00, 0x83, 0x00, 0x00, 0x00, 0x00, 0x8C, 0x93, 0x4B, 0x4E, 0x00, 0x00, 0x00, 0x00, 
    0x39, 0xE8, 0x00, 0x00, 0x00, 0x00, 0x00, 0x00, 0x00, 0x00, 0x00, 0x00, 0x00, 0x00, 0x00, 0x00, 
    0x00, 0x00, 0x00, 0x00, 0x00, 0x00, 0x00, 0x00, 0x00, 0x00, 0x00, 0x00, 0x00, 0x00, 0x00, 0x00, 
    0x18, 0xE3, 0x00, 0x00, 0x18, 0xE3, 0x94, 0xD4, 0xA5, 0x36, 0x84, 0x31, 0x31, 0x87, 0x00, 0x00, 
    0x00, 0x00, 0x01, 0x2A, 0x03, 0x7F, 0x03, 0xBF, 0x01, 0xAE, 0x00, 0x00, 0x09, 0x47, 0x19, 0xC8, 
    0x00, 0x00, 0x00, 0x00, 0x00, 0x00, 0x39, 0xE7, 0x29, 0x86, 0x00, 0x00, 0x4A, 0x6A, 0xDE, 0xFC, 
    0xCE, 0x9A, 0x31, 0xA6, 0x00, 0x00, 0x42, 0x45, 0x10, 0xA2, 0x00, 0x00, 0x00, 0x21, 0x00, 0x42, 
    0x00, 0x42, 0x00, 0x42, 0x00, 0x41, 0x00, 0x41, 0x00, 0x42, 0x00, 0x21, 0x00, 0x00, 0x00, 0x00, 
    0x21, 0x24, 0xBE, 0x3A, 0x7C, 0x32, 0x94, 0xD4, 0xE7, 0x3D, 0x7B, 0xCF, 0x00, 0x01, 0x2A, 0xF2, 
    0x23, 0x14, 0x01, 0x49, 0x08, 0xC5, 0x00, 0x83, 0x00, 0x62, 0x00, 0x21, 0x00, 0x00, 0x00, 0x00, 
    0x00, 0x00, 0x00, 0x21, 0x08, 0xA3, 0xB5, 0xB7, 0xDE, 0xFC, 0xDE, 0xDC, 0xDE, 0xFC, 0xDE, 0xFC, 
    0xDE, 0xFC, 0xE7, 0x1C, 0xE7, 0x5D, 0x84, 0x31, 0x00, 0x01, 0x00, 0x01, 0x00, 0x00, 0x00, 0x00, 
    0x00, 0x00, 0x00, 0x42, 0x00, 0x63, 0x00, 0x84, 0x00, 0xC5, 0x01, 0xCD, 0x0B, 0xD9, 0x0A, 0xAF, 
    0x00, 0x83, 0x8C, 0x92, 0xFF, 0xDF, 0xCE, 0x7A, 0x9C, 0xF5, 0xA5, 0xDA, 0x5A, 0xEB, 0x00, 0x00, 
    0x00, 0x00, 0x00, 0x41, 0x10, 0xA3, 0x10, 0xA3, 0x00, 0x22, 0x00, 0x00, 0x21, 0x42, 0x84, 0x83, 
    0x73, 0xE1, 0x00, 0x20, 0x00, 0x01, 0x29, 0x65, 0x08, 0x62, 0x4A, 0x6A, 0xF7, 0x9E, 0xAE, 0x5B, 
    0x08, 0xE5, 0x00, 0x00, 0x00, 0x00, 0x3A, 0x29, 0x85, 0x16, 0x00, 0xC3, 0x00, 0x00, 0x21, 0x04, 
    0x08, 0x41, 0x00, 0x00, 0x00, 0x00, 0x00, 0x00, 0x00, 0x00, 0x00, 0x00, 0x00, 0x00, 0x00, 0x00, 
    0x00, 0x00, 0x00, 0x00, 0x00, 0x00, 0x00, 0x00, 0x00, 0x00, 0x00, 0x00, 0x00, 0x00, 0x00, 0x00, 
    0x08, 0x61, 0x00, 0x00, 0x21, 0x04, 0x8C, 0x73, 0x8C, 0x93, 0x8C, 0x93, 0x4A, 0x8A, 0x00, 0x00, 
    0x00, 0x00, 0x00, 0x63, 0x03, 0x3D, 0x03, 0x9F, 0x02, 0x97, 0x00, 0x00, 0x00, 0x20, 0x43, 0x4E, 
    0x21, 0x46, 0x00, 0x00, 0x00, 0x00, 0x00, 0x00, 0x00, 0x00, 0x00, 0x00, 0x94, 0xB3, 0xFF, 0xDF, 
    0xC6, 0x39, 0x00, 0x20, 0x18, 0xC0, 0x31, 0xA2, 0x00, 0x00, 0x00, 0x21, 0x00, 0x21, 0x00, 0x21, 
    0x00, 0x21, 0x00, 0x42, 0x00, 0x42, 0x00, 0x42, 0x00, 0x21, 0x00, 0x21, 0x00, 0x21, 0x00, 0x00, 
    0x00, 0x00, 0x84, 0x51, 0xAD, 0xD9, 0x7C, 0x11, 0xA5, 0x36, 0xE7, 0x5D, 0x8C, 0x71, 0x08, 0x63, 
    0x01, 0x09, 0x0A, 0x72, 0x0A, 0x10, 0x09, 0x6A, 0x08, 0xC5, 0x00, 0x63, 0x00, 0x42, 0x00, 0x21, 
    0x00, 0x00, 0x00, 0x00, 0x00, 0x01, 0x9C, 0xF4, 0xDE, 0xFC, 0xDE, 0xDB, 0xDE, 0xDB, 0xDE, 0xFC, 
    0xDE, 0xFC, 0xDF, 0x1C, 0xE7, 0x5D, 0x63, 0x4D, 0x00, 0x00, 0x00, 0x00, 0x00, 0x01, 0x00, 0x21, 
    0x00, 0x42, 0x00, 0x83, 0x09, 0x07, 0x09, 0xAC, 0x01, 0xEE, 0x02, 0x30, 0x01, 0x28, 0x19, 0x25, 
    0xA5, 0x34, 0xF7, 0xBF, 0xCE, 0x9B, 0xA5, 0x76, 0x9D, 0x57, 0xA5, 0x97, 0x08, 0x20, 0x00, 0x00, 
    0x00, 0x41, 0x00, 0x41, 0x08, 0x41, 0x00, 0x00, 0x08, 0x41, 0x63, 0x66, 0x9D, 0x25, 0x31, 0xA0, 
    0x00, 0x00, 0x10, 0x82, 0x31, 0x85, 0x08, 0x41, 0x52, 0xCB, 0xFF, 0xFF, 0xB6, 0xBC, 0x09, 0x06, 
    0x00, 0x00, 0x00, 0x00, 0x00, 0x21, 0x6C, 0xD6, 0x2A, 0x4B, 0x00, 0x00, 0x00, 0x00, 0x31, 0x86, 
    0x00, 0x00, 0x00, 0x00, 0x00, 0x00, 0x00, 0x00, 0x00, 0x00, 0x00, 0x00, 0x00, 0x00, 0x00, 0x00, 
    0x00, 0x00, 0x00, 0x00, 0x00, 0x00, 0x00, 0x00, 0x00, 0x00, 0x00, 0x00, 0x00, 0x00, 0x00, 0x00, 
    0x00, 0x20, 0x00, 0x00, 0x31, 0xA7, 0x7C, 0x11, 0x63, 0x2E, 0x73, 0xD0, 0x6B, 0x8F, 0x00, 0x42, 
    0x00, 0x00, 0x00, 0x00, 0x01, 0xD0, 0x03, 0x5F, 0x03, 0x3F, 0x01, 0x2A, 0x00, 0x00, 0x08, 0x62, 
    0x32, 0xCC, 0x01, 0xA8, 0x00, 0x62, 0x00, 0x00, 0x00, 0x00, 0x00, 0x00, 0xA5, 0x14, 0xFF, 0xFF, 
    0xCE, 0x59, 0x00, 0x00, 0x31, 0xA1, 0x08, 0x81, 0x00, 0x01, 0x00, 0x21, 0x00, 0x21, 0x00, 0x21, 
    0x00, 0x21, 0x00, 0x21, 0x00, 0x42, 0x00, 0x42, 0x00, 0x21, 0x00, 0x21, 0x00, 0x21, 0x00, 0x00, 
    0x00, 0x00, 0x10, 0x81, 0xBE, 0x19, 0x95, 0x16, 0x7C, 0x11, 0x9D, 0x15, 0xE7, 0x3D, 0xCE, 0x59, 
    0x42, 0x08, 0x00, 0x64, 0x01, 0x09, 0x02, 0x73, 0x12, 0x92, 0x19, 0xEC, 0x09, 0x07, 0x00, 0x63, 
    0x00, 0x43, 0x00, 0x21, 0x00, 0x00, 0x8C, 0x72, 0xDE, 0xFC, 0xD6, 0xDB, 0xDE, 0xDB, 0xDE, 0xFC, 
    0xDE, 0xFC, 0xDF, 0x1C, 0xE7, 0x5D, 0x52, 0xAB, 0x00, 0x00, 0x00, 0x63, 0x00, 0xA5, 0x00, 0x84, 
    0x09, 0x49, 0x0A, 0x0E, 0x0A, 0xB3, 0x02, 0x31, 0x00, 0xE8, 0x00, 0xC5, 0x5A, 0xEB, 0xDE, 0xFB, 
    0xF7, 0xBF, 0xCE, 0x9B, 0xAD, 0x97, 0x8C, 0xD5, 0xAE, 0x3B, 0x31, 0x85, 0x00, 0x00, 0x00, 0x00, 
    0x00, 0x00, 0x00, 0x00, 0x00, 0x00, 0x42, 0x23, 0x9D, 0x44, 0x63, 0x82, 0x00, 0x20, 0x00, 0x00, 
    0x21, 0x04, 0x31, 0x86, 0x00, 0x21, 0x73, 0xAE, 0xFF, 0xFF, 0xAE, 0x7C, 0x08, 0xE5, 0x00, 0x00, 
    0x00, 0x63, 0x00, 0x00, 0x3B, 0x2F, 0x4B, 0xF4, 0x00, 0x00, 0x00, 0x00, 0x39, 0xC7, 0x00, 0x00, 
    0x00, 0x00, 0x00, 0x00, 0x00, 0x00, 0x00, 0x00, 0x00, 0x00, 0x00, 0x00, 0x00, 0x00, 0x00, 0x00, 
    0x00, 0x00, 0x00, 0x00, 0x00, 0x00, 0x00, 0x00, 0x00, 0x00, 0x00, 0x00, 0x00, 0x00, 0x00, 0x00, 
    0x08, 0x61, 0x00, 0x00, 0x4A, 0x6A, 0x63, 0x4E, 0x4A, 0x8B, 0x63, 0x2E, 0x94, 0xB4, 0x21, 0x67, 
    0x00, 0x00, 0x00, 0x00, 0x00, 0x21, 0x02, 0x57, 0x03, 0x5F, 0x03, 0x5C, 0x00, 0xE6, 0x00, 0x00, 
    0x00, 0x00, 0x01, 0x47, 0x3A, 0x43, 0x42, 0x20, 0x00, 0x40, 0x00, 0x00, 0xA4, 0xF4, 0xFF, 0xFF, 
    0xE7, 0x3C, 0x10, 0x82, 0x21, 0x40, 0x00, 0x21, 0x00, 0x21, 0x00, 0x21, 0x00, 0x21, 0x00, 0x21, 
    0x00, 0x21, 0x00, 0x21, 0x00, 0x42, 0x00, 0x21, 0x00, 0x21, 0x00, 0x21, 0x00, 0x21, 0x00, 0x00, 
    0x00, 0x00, 0x00, 0x00, 0x4A, 0x69, 0xC6, 0x9C, 0x84, 0x53, 0x84, 0x73, 0xA5, 0x36, 0xCE, 0x7A, 
    0xE7, 0x3D, 0xAD, 0x75, 0x42, 0x28, 0x00, 0x84, 0x00, 0xE8, 0x1A, 0x2E, 0x4B, 0x51, 0x4B, 0x71, 
    0x32, 0x4C, 0x00, 0x63, 0x00, 0x00, 0x8C, 0x51, 0xDF, 0x1D, 0xD6, 0xDB, 0xD6, 0xDB, 0xDE, 0xDC, 
    0xDE, 0xFC, 0xDE, 0xFC, 0xEF, 0x9E, 0x4A, 0x69, 0x00, 0x00, 0x00, 0xE7, 0x22, 0x4D, 0x4B, 0x93, 
    0x2B, 0x33, 0x02, 0x0E, 0x00, 0xA7, 0x08, 0xA3, 0x5A, 0xEC, 0xC6, 0x18, 0xF7, 0xBE, 0xEF, 0x5D, 
    0xD6, 0x9B, 0xB5, 0xD8, 0x8C, 0xB4, 0xA5, 0xFB, 0x6B, 0x8E, 0x00, 0x00, 0x00, 0x00, 0x00, 0x00, 
    0x00, 0x00, 0x31, 0xA1, 0x95, 0x04, 0x7C, 0x03, 0x19, 0x00, 0x00, 0x00, 0x08, 0x42, 0x31, 0xC7, 
    0x18, 0xE3, 0x10, 0xA2, 0xAD, 0x55, 0xFF, 0xFF, 0x75, 0x59, 0x00, 0xA4, 0x00, 0x00, 0x01, 0x67, 
    0x00, 0x00, 0x11, 0x26, 0x75, 0x7A, 0x10, 0xC3, 0x00, 0x00, 0x18, 0xC3, 0x10, 0xA2, 0x00, 0x00, 
    0x00, 0x00, 0x00, 0x00, 0x00, 0x00, 0x00, 0x00, 0x00, 0x00, 0x00, 0x00, 0x00, 0x00, 0x00, 0x00, 
    0x00, 0x00, 0x00, 0x00, 0x00, 0x00, 0x00, 0x00, 0x00, 0x00, 0x00, 0x00, 0x00, 0x00, 0x00, 0x00, 
    0x21, 0x24, 0x00, 0x00, 0x39, 0xC7, 0x63, 0x2D, 0x5B, 0x2E, 0x73, 0xD0, 0x8C, 0x93, 0x53, 0x0D, 
    0x00, 0x22, 0x00, 0x00, 0x00, 0x00, 0x00, 0x42, 0x02, 0x14, 0x03, 0x5F, 0x02, 0xFD, 0x01, 0x08, 
    0x00, 0x00, 0x00, 0x00, 0x00, 0x00, 0x63, 0x60, 0x10, 0xC1, 0x00, 0x00, 0x4A, 0x69, 0xF7, 0x9E, 
    0xFF, 0xFF, 0x94, 0xB3, 0x00, 0x20, 0x00, 0x00, 0x00, 0x21, 0x00, 0x21, 0x00, 0x21, 0x00, 0x21, 
    0x00, 0x21, 0x00, 0x21, 0x00, 0x21, 0x00, 0x21, 0x00, 0x21, 0x00, 0x21, 0x00, 0x21, 0x00, 0x21, 
    0x00, 0x00, 0x00, 0x00, 0x00, 0x00, 0x7C, 0x10, 0xB6, 0x3B, 0x84, 0x52, 0x8C, 0x93, 0x9D, 0x36, 
    0xBE, 0x19, 0xE7, 0x5D, 0xEF, 0x7E, 0xC5, 0xF7, 0x84, 0x30, 0x42, 0x6A, 0x19, 0x46, 0x11, 0x27, 
    0x00, 0xA4, 0x00, 0x02, 0x21, 0x25, 0xBD, 0xF8, 0xDE, 0xDC, 0xD6, 0xBB, 0xD6, 0xDB, 0xD6, 0xDB, 
    0xDE, 0xDC, 0xDE, 0xFC, 0xF7, 0xBE, 0x94, 0xB3, 0x00, 0x63, 0x00, 0x02, 0x00, 0xE6, 0x11, 0x48, 
    0x21, 0xA8, 0x52, 0xCC, 0x8C, 0x72, 0xCE, 0x79, 0xFF, 0xDF, 0xEF, 0x9E, 0xDE, 0xFC, 0xCE, 0x9B, 
    0xBD, 0xF8, 0x94, 0xD4, 0x95, 0x79, 0x8C, 0xF5, 0x08, 0x20, 0x00, 0x00, 0x00, 0x00, 0x29, 0xA0, 
    0x7C, 0x60, 0x7C, 0x41, 0x31, 0xE2, 0x00, 0x00, 0x00, 0x00, 0x29, 0x45, 0x31, 0x86, 0x10, 0x81, 
    0x39, 0xE8, 0x33, 0xFA, 0x86, 0x9F, 0x5C, 0x75, 0x00, 0x42, 0x00, 0x00, 0x1A, 0x09, 0x00, 0xC4, 
    0x00, 0x21, 0x54, 0x15, 0x31, 0xE9, 0x00, 0x00, 0x00, 0x00, 0x39, 0xC7, 0x00, 0x00, 0x00, 0x00, 
    0x00, 0x00, 0x00, 0x00, 0x00, 0x00, 0x00, 0x00, 0x00, 0x00, 0x00, 0x00, 0x00, 0x00, 0x00, 0x00, 
    0x00, 0x00, 0x00, 0x00, 0x00, 0x00, 0x00, 0x00, 0x00, 0x00, 0x00, 0x00, 0x00, 0x00, 0x00, 0x00, 
    0x31, 0x86, 0x00, 0x00, 0x29, 0x45, 0x5A, 0xEC, 0x7C, 0x31, 0x8C, 0x93, 0xAD, 0x76, 0xDF, 0x1C, 
    0x4A, 0xAC, 0x00, 0x00, 0x00, 0x00, 0x00, 0x00, 0x00, 0x00, 0x01, 0x0A, 0x02, 0x37, 0x03, 0x1E, 
    0x02, 0x54, 0x00, 0xE8, 0x00, 0x01, 0x63, 0x60, 0x29, 0x60, 0x00, 0x00, 0x00, 0x00, 0x94, 0x92, 
    0xFF, 0xFF, 0xF7, 0xDF, 0x7B, 0xF0, 0x18, 0xE3, 0x00, 0x00, 0x00, 0x00, 0x00, 0x01, 0x00, 0x21, 
    0x00, 0x01, 0x00, 0x21, 0x00, 0x21, 0x00, 0x21, 0x00, 0x21, 0x00, 0x21, 0x00, 0x21, 0x00, 0x21, 
    0x00, 0x00, 0x00, 0x00, 0x00, 0x00, 0x10, 0x81, 0xA5, 0x77, 0x9D, 0x98, 0x7C, 0x11, 0x8C, 0x93, 
    0xA5, 0x56, 0xBD, 0xF8, 0xCE, 0x9B, 0xDE, 0xDC, 0xEF, 0x7E, 0xEF, 0x7E, 0xDE, 0xFC, 0xC6, 0x18, 
    0xA5, 0x34, 0xA5, 0x14, 0xD6, 0x9A, 0xE7, 0x3D, 0xD6, 0xBB, 0xD6, 0xBB, 0xD6, 0xBB, 0xD6, 0xDB, 
    0xD6, 0xDB, 0xD6, 0xDB, 0xDE, 0xFC, 0xFF, 0xDF, 0xC6, 0x38, 0xA5, 0x14, 0xAD, 0x75, 0xCE, 0x59, 
    0xE7, 0x3C, 0xF7, 0xBE, 0xF7, 0xDF, 0xF7, 0x9E, 0xE7, 0x3D, 0xDE, 0xDB, 0xCE, 0x9A, 0xB5, 0xF8, 
    0x9D, 0x15, 0x95, 0x57, 0x9D, 0xB9, 0x21, 0x04, 0x00, 0x00, 0x19, 0x20, 0x42, 0xC0, 0x6C, 0x00, 
    0x32, 0x01, 0x00, 0x00, 0x00, 0x00, 0x18, 0xE4, 0x31, 0xA7, 0x21, 0x03, 0x18, 0xA1, 0x3A, 0xB0, 
    0x34, 0x5F, 0x2C, 0x9F, 0x22, 0xAF, 0x00, 0x00, 0x00, 0x00, 0x29, 0xC7, 0x29, 0xC8, 0x00, 0x00, 
    0x3A, 0xEF, 0x43, 0x10, 0x00, 0x00, 0x00, 0x00, 0x39, 0xC7, 0x00, 0x00, 0x00, 0x00, 0x00, 0x00, 
    0x00, 0x00, 0x00, 0x00, 0x00, 0x00, 0x00, 0x00, 0x00, 0x00, 0x00, 0x00, 0x00, 0x00, 0x00, 0x00, 
    0x00, 0x00, 0x00, 0x00, 0x00, 0x00, 0x00, 0x00, 0x00, 0x00, 0x00, 0x00, 0x00, 0x00, 0x00, 0x00, 
    0x29, 0x45, 0x00, 0x00, 0x08, 0x61, 0x5A, 0xEC, 0x84, 0x31, 0xA5, 0x56, 0xAD, 0x76, 0xBE, 0x39, 
    0x7C, 0x53, 0x29, 0xA8, 0x00, 0x00, 0x00, 0x00, 0x00, 0x00, 0x00, 0x00, 0x00, 0x00, 0x00, 0x85, 
    0x01, 0x8E, 0x01, 0xD2, 0x01, 0xD3, 0x3B, 0x4A, 0x74, 0x42, 0x00, 0x03, 0x00, 0x00, 0x18, 0xE3, 
    0x8C, 0x51, 0x84, 0x32, 0x5B, 0x2E, 0x63, 0x2D, 0x42, 0x49, 0x18, 0xE3, 0x00, 0x00, 0x00, 0x00, 
    0x00, 0x00, 0x00, 0x00, 0x00, 0x01, 0x00, 0x21, 0x00, 0x21, 0x00, 0x01, 0x00, 0x21, 0x00, 0x21, 
    0x00, 0x21, 0x00, 0x00, 0x00, 0x00, 0x00, 0x00, 0x21, 0x24, 0xAD, 0xFA, 0x95, 0x16, 0x7C, 0x32, 
    0x8C, 0xB4, 0xA5, 0x56, 0xB5, 0xF8, 0xBE, 0x39, 0xC6, 0x39, 0xC6, 0x59, 0xCE, 0x9A, 0xDE, 0xFC, 
    0xE7, 0x3D, 0xE7, 0x3D, 0xD6, 0xDC, 0xCE, 0x7A, 0xD6, 0xBB, 0xD6, 0xBB, 0xD6, 0xBB, 0xD6, 0xDB, 
    0xD6, 0xDB, 0xD6, 0xDB, 0xD6, 0xDB, 0xDE, 0xFC, 0xEF, 0x5D, 0xEF, 0x9E, 0xEF, 0x7E, 0xE7, 0x3D, 
    0xDE, 0xFC, 0xDE, 0xFC, 0xEF, 0x5D, 0xE7, 0x3D, 0xD6, 0xDB, 0xCE, 0x7A, 0xB5, 0xF8, 0x9D, 0x15, 
    0x9D, 0x37, 0x9D, 0xFC, 0x39, 0xE7, 0x08, 0xA0, 0x2A, 0x00, 0x3A, 0x80, 0x19, 0x00, 0x00, 0x00, 
    0x00, 0x00, 0x18, 0xE2, 0x39, 0xE2, 0x29, 0x64, 0x10, 0x61, 0x29, 0xA8, 0x3B, 0xBA, 0x1C, 0x1F, 
    0x33, 0xD9, 0x19, 0x67, 0x00, 0x00, 0x00, 0x00, 0x21, 0x45, 0x32, 0x4A, 0x00, 0x00, 0x19, 0x89, 
    0x44, 0x3A, 0x08, 0x82, 0x00, 0x00, 0x18, 0xE3, 0x10, 0xA2, 0x00, 0x00, 0x00, 0x00, 0x00, 0x00, 
    0x00, 0x00, 0x00, 0x00, 0x00, 0x00, 0x00, 0x00, 0x00, 0x00, 0x00, 0x00, 0x00, 0x00, 0x00, 0x00, 
    0x00, 0x00, 0x00, 0x00, 0x00, 0x00, 0x00, 0x00, 0x00, 0x00, 0x00, 0x00, 0x00, 0x00, 0x00, 0x00, 
    0x00, 0x20, 0x18, 0xE3, 0x00, 0x00, 0x42, 0x08, 0x63, 0x0D, 0xAD, 0x76, 0xBD, 0xF8, 0xCE, 0x7A, 
    0xD6, 0xDB, 0x8C, 0xD5, 0x53, 0x0D, 0x10, 0xC4, 0x00, 0x00, 0x00, 0x00, 0x00, 0x00, 0x00, 0x00, 
    0x00, 0x00, 0x00, 0x00, 0x00, 0xE9, 0x01, 0x29, 0x9D, 0x60, 0x3A, 0x01, 0x00, 0x00, 0x00, 0x00, 
    0x00, 0x00, 0x42, 0x08, 0x52, 0xAB, 0x3A, 0x09, 0x4A, 0xAC, 0x73, 0xD0, 0x8C, 0x72, 0x5A, 0xEC, 
    0x29, 0x86, 0x10, 0x82, 0x00, 0x21, 0x00, 0x00, 0x00, 0x00, 0x00, 0x00, 0x00, 0x00, 0x00, 0x00, 
    0x00, 0x00, 0x00, 0x00, 0x00, 0x00, 0x00, 0x00, 0x00, 0x00, 0x39, 0xE7, 0xB6, 0x5C, 0x9D, 0x37, 
    0x7C, 0x32, 0x8C, 0x94, 0x9D, 0x36, 0xB5, 0xB7, 0xBD, 0xF8, 0xBE, 0x39, 0xC6, 0x39, 0xC6, 0x5A, 
    0xC6, 0x5A, 0xC6, 0x5A, 0xCE, 0x7A, 0xCE, 0x9A, 0xCE, 0x9B, 0xD6, 0xBB, 0xD6, 0xBB, 0xD6, 0xBB, 
    0xD6, 0xBB, 0xD6, 0xDB, 0xD6, 0xDB, 0xD6, 0xDB, 0xD6, 0xBB, 0xD6, 0xBB, 0xD6, 0xBB, 0xD6, 0xDB, 
    0xDE, 0xFC, 0xDE, 0xFC, 0xD6, 0xDB, 0xCE, 0x9B, 0xC6, 0x5A, 0xB5, 0xD8, 0x9D, 0x15, 0x9D, 0x36, 
    0xA6, 0x1D, 0x53, 0x2A, 0x11, 0x00, 0x11, 0x00, 0x08, 0x60, 0x00, 0x00, 0x00, 0x00, 0x08, 0x80, 
    0x19, 0x64, 0x21, 0xE7, 0x08, 0x80, 0x18, 0xC3, 0x3B, 0x14, 0x23, 0xDF, 0x24, 0x3F, 0x22, 0xAF, 
    0x00, 0x41, 0x00, 0x00, 0x00, 0x00, 0x08, 0xA3, 0x32, 0xAC, 0x08, 0x21, 0x18, 0xE4, 0x33, 0xFB, 
    0x09, 0x48, 0x00, 0x00, 0x00, 0x00, 0x29, 0x65, 0x00, 0x00, 0x00, 0x00, 0x00, 0x00, 0x00, 0x00, 
    0x00, 0x00, 0x00, 0x00, 0x00, 0x00, 0x00, 0x00, 0x00, 0x00, 0x00, 0x00, 0x00, 0x00, 0x00, 0x00, 
    0x00, 0x00, 0x00, 0x00, 0x00, 0x00, 0x00, 0x00, 0x00, 0x00, 0x00, 0x00, 0x00, 0x00, 0x00, 0x00, 
    0x00, 0x00, 0x31, 0xA6, 0x00, 0x00, 0x08, 0x61, 0x63, 0x0C, 0x7B, 0xF0, 0xD6, 0xBB, 0xE7, 0x1C, 
    0xF7, 0xBE, 0xF7, 0xBE, 0xE7, 0x7E, 0xAD, 0xB7, 0x52, 0xCC, 0x21, 0x25, 0x08, 0x41, 0x00, 0x00, 
    0x00, 0x00, 0x00, 0x00, 0x00, 0x21, 0x01, 0x4D, 0x21, 0x61, 0xAE, 0x40, 0x3A, 0x40, 0x00, 0x00, 
    0x00, 0x00, 0x00, 0x00, 0x18, 0xC3, 0x39, 0xE7, 0x6B, 0x6E, 0x8C, 0x93, 0xAD, 0x76, 0xB5, 0xD8, 
    0xC6, 0x39, 0xC6, 0x18, 0xB5, 0xD7, 0xA5, 0x14, 0x8C, 0x72, 0x7B, 0xCF, 0x6B, 0x4D, 0x5A, 0xCB, 
    0x52, 0x8A, 0x4A, 0x49, 0x31, 0x86, 0x10, 0xA3, 0x08, 0x62, 0x00, 0x21, 0x5A, 0xEC, 0xB6, 0x5C, 
    0x95, 0x16, 0x7C, 0x32, 0x8C, 0x93, 0x9D, 0x15, 0xAD, 0x77, 0xB5, 0xD8, 0xBE, 0x19, 0xBE, 0x39, 
    0xC6, 0x39, 0xC6, 0x5A, 0xCE, 0x9A, 0xD6, 0xDC, 0xCE, 0xBB, 0xCE, 0x9B, 0xCE, 0x9B, 0xD6, 0xBB, 
    0xD6, 0xBB, 0xD6, 0xBB, 0xDE, 0xFC, 0xDF, 0x1C, 0xD6, 0xBB, 0xD6, 0xDB, 0xD6, 0xDB, 0xD6, 0xDB, 
    0xD6, 0xDB, 0xD6, 0xBB, 0xCE, 0x7A, 0xC6, 0x39, 0xAD, 0xB7, 0x9C, 0xF5, 0x9D, 0x36, 0x9E, 0x1C, 
    0x52, 0xCB, 0x00, 0x40, 0x00, 0x00, 0x00, 0x00, 0x00, 0x00, 0x10, 0xA1, 0x3A, 0x43, 0x29, 0x81, 
    0x00, 0x20, 0x10, 0x83, 0x32, 0x2E, 0x23, 0x7D, 0x1C, 0x1F, 0x1B, 0x14, 0x08, 0xE4, 0x00, 0x00, 
    0x00, 0x00, 0x00, 0x00, 0x00, 0x62, 0x12, 0x0B, 0x00, 0x41, 0x08, 0x41, 0x2B, 0x99, 0x01, 0xCE, 
    0x00, 0x00, 0x00, 0x00, 0x41, 0xE8, 0x00, 0x00, 0x00, 0x00, 0x00, 0x00, 0x00, 0x00, 0x00, 0x00, 
    0x00, 0x00, 0x00, 0x00, 0x00, 0x00, 0x00, 0x00, 0x00, 0x00, 0x00, 0x00, 0x00, 0x00, 0x00, 0x00, 
    0x00, 0x00, 0x00, 0x00, 0x00, 0x00, 0x00, 0x00, 0x00, 0x00, 0x00, 0x00, 0x00, 0x00, 0x00, 0x00, 
    0x00, 0x00, 0x00, 0x00, 0x29, 0x86, 0x00, 0x00, 0x18, 0xC3, 0x8C, 0x51, 0x9C, 0xD3, 0xEF, 0x5D, 
    0xFF, 0xDF, 0xF7, 0x9E, 0xE7, 0x1C, 0xC6, 0x5A, 0xAD, 0x97, 0xA5, 0x97, 0xA5, 0x77, 0x9D, 0x15, 
    0x9C, 0xF3, 0x5A, 0xCB, 0x00, 0x00, 0x00, 0xC7, 0x01, 0x0D, 0x21, 0x40, 0x9D, 0x80, 0x84, 0xA0, 
    0x19, 0x00, 0x00, 0x00, 0x00, 0x00, 0x00, 0x00, 0x00, 0x20, 0x21, 0x04, 0x42, 0x08, 0x52, 0xAA, 
    0x73, 0xCE, 0x94, 0xB3, 0xAD, 0x55, 0xB5, 0xD7, 0xC6, 0x39, 0xC6, 0x19, 0xBD, 0xD8, 0xAD, 0x77, 
    0x9D, 0x16, 0x94, 0xB4, 0x63, 0x2C, 0x31, 0xE6, 0x21, 0x64, 0x19, 0x23, 0x00, 0x40, 0x5B, 0x0C, 
    0xB6, 0x5C, 0x9D, 0x16, 0x7C, 0x32, 0x84, 0x73, 0x94, 0xF5, 0xA5, 0x56, 0xAD, 0xB7, 0xB5, 0xD8, 
    0xBE, 0x19, 0xC6, 0x5A, 0x94, 0xB3, 0x6B, 0x4D, 0xBD, 0xF8, 0xD6, 0xDB, 0xD6, 0xFC, 0xD6, 0xDC, 
    0xD6, 0xFC, 0xD6, 0xDC, 0xAD, 0x96, 0x63, 0x0C, 0xB5, 0xB7, 0xD6, 0xDB, 0xD6, 0xBB, 0xD6, 0xBB, 
    0xCE, 0x9A, 0xC6, 0x5A, 0xBD, 0xF8, 0xAD, 0x77, 0x94, 0xF5, 0x9D, 0x56, 0x9E, 0x1C, 0x53, 0x0D, 
    0x00, 0x00, 0x00, 0x00, 0x00, 0x00, 0x10, 0xA0, 0x10, 0xC0, 0x19, 0x02, 0x08, 0x60, 0x00, 0x61, 
    0x29, 0xE9, 0x2A, 0x93, 0x0B, 0x3D, 0x13, 0x17, 0x11, 0x88, 0x00, 0x00, 0x00, 0x00, 0x00, 0x01, 
    0x00, 0x00, 0x00, 0x22, 0x01, 0x49, 0x00, 0x63, 0x08, 0x20, 0x33, 0x16, 0x0A, 0x12, 0x00, 0x00, 
    0x00, 0x00, 0x31, 0xA6, 0x00, 0x00, 0x00, 0x00, 0x00, 0x00, 0x00, 0x00, 0x00, 0x00, 0x00, 0x00, 
    0x00, 0x00, 0x00, 0x00, 0x00, 0x00, 0x00, 0x00, 0x00, 0x00, 0x00, 0x00, 0x00, 0x00, 0x00, 0x00, 
    0x00, 0x00, 0x00, 0x00, 0x00, 0x00, 0x00, 0x00, 0x00, 0x00, 0x00, 0x00, 0x00, 0x00, 0x00, 0x00, 
    0x00, 0x00, 0x00, 0x00, 0x18, 0xE3, 0x18, 0xE3, 0x00, 0x00, 0x21, 0x04, 0x5A, 0xCB, 0x94, 0x92, 
    0xE7, 0x1C, 0xE7, 0x1C, 0xD6, 0x9B, 0xBE, 0x19, 0xBD, 0xD8, 0xB5, 0xB7, 0xAD, 0x77, 0xB5, 0xB7, 
    0xC6, 0x5A, 0xAD, 0x55, 0x18, 0xE3, 0x00, 0x00, 0x01, 0x4B, 0x00, 0xEB, 0x08, 0x40, 0x6B, 0xC0, 
    0x9D, 0x80, 0x84, 0x80, 0x53, 0x00, 0x29, 0x60, 0x08, 0x60, 0x00, 0x00, 0x00, 0x00, 0x00, 0x00, 
    0x00, 0x00, 0x00, 0x00, 0x00, 0x20, 0x10, 0xA2, 0x29, 0x63, 0x42, 0x24, 0x63, 0xA5, 0x84, 0xC6, 
    0x4A, 0xC5, 0x31, 0xE4, 0x21, 0x42, 0x29, 0xA0, 0x29, 0x80, 0x08, 0x60, 0x00, 0x00, 0x00, 0x00, 
    0x5A, 0xEC, 0xB6, 0x5C, 0x9D, 0x36, 0x7C, 0x11, 0x84, 0x53, 0x94, 0xD4, 0xA5, 0x56, 0xAD, 0x97, 
    0xB5, 0xD8, 0xBD, 0xF9, 0xAD, 0xB7, 0x31, 0xA6, 0x08, 0x41, 0x42, 0x08, 0x63, 0x4D, 0x73, 0x8E, 
    0x5B, 0x0C, 0x31, 0x86, 0x00, 0x20, 0x5A, 0xEC, 0xD6, 0xBB, 0xCE, 0x9A, 0xCE, 0x7A, 0xC6, 0x5A, 
    0xBE, 0x39, 0xB5, 0xD8, 0xA5, 0x56, 0x94, 0xD4, 0x9D, 0x36, 0x95, 0xDC, 0x4A, 0xCD, 0x00, 0x00, 
    0x00, 0x20, 0x08, 0x80, 0x10, 0xE1, 0x10, 0xC0, 0x00, 0x00, 0x00, 0x42, 0x01, 0x48, 0x12, 0x4F, 
    0x0A, 0xF5, 0x02, 0x51, 0x01, 0xAA, 0x00, 0x00, 0x00, 0x00, 0x00, 0x00, 0x00, 0x00, 0x00, 0x00, 
    0x08, 0x84, 0x01, 0x4A, 0x00, 0x22, 0x08, 0x20, 0x32, 0xF4, 0x0A, 0x55, 0x00, 0x00, 0x00, 0x00, 
    0x18, 0xE4, 0x10, 0xA2, 0x00, 0x00, 0x00, 0x00, 0x00, 0x00, 0x00, 0x00, 0x00, 0x00, 0x00, 0x00, 
    0x00, 0x00, 0x00, 0x00, 0x00, 0x00, 0x00, 0x00, 0x00, 0x00, 0x00, 0x00, 0x00, 0x00, 0x00, 0x00, 
    0x00, 0x00, 0x00, 0x00, 0x00, 0x00, 0x00, 0x00, 0x00, 0x00, 0x00, 0x00, 0x00, 0x00, 0x00, 0x00, 
    0x00, 0x00, 0x00, 0x00, 0x00, 0x00, 0x29, 0x45, 0x18, 0xC3, 0x00, 0x00, 0x08, 0x41, 0x63, 0x0C, 
    0xC6, 0x18, 0xAD, 0x56, 0x9D, 0x14, 0xAD, 0x56, 0xA5, 0x55, 0xA5, 0x35, 0xA5, 0x36, 0xA5, 0x56, 
    0x9D, 0x15, 0x9D, 0x15, 0x73, 0xCF, 0x10, 0x82, 0x00, 0x00, 0x01, 0x0A, 0x01, 0x4E, 0x00, 0x25, 
    0x00, 0x40, 0x42, 0x20, 0x7C, 0x40, 0x9D, 0x60, 0x95, 0x40, 0x8D, 0x00, 0x7C, 0x80, 0x74, 0x20, 
    0x74, 0x00, 0x74, 0x00, 0x74, 0x40, 0x7C, 0x80, 0x7C, 0x80, 0x74, 0x40, 0x53, 0x40, 0x53, 0x20, 
    0x85, 0x00, 0x29, 0x60, 0x00, 0x00, 0x00, 0x00, 0x18, 0xE0, 0x10, 0xE0, 0x08, 0x60, 0x00, 0x20, 
    0x00, 0x00, 0x4A, 0xAB, 0xAE, 0x1B, 0xA5, 0x77, 0x7C, 0x32, 0x7C, 0x32, 0x8C, 0xB4, 0x9D, 0x36, 
    0xA5, 0x77, 0xAD, 0xB7, 0xB5, 0xF8, 0xBE, 0x19, 0x63, 0x0C, 0x08, 0x61, 0x00, 0x00, 0x00, 0x00, 
    0x00, 0x00, 0x18, 0xC3, 0x84, 0x30, 0xD6, 0xBB, 0xC6, 0x5A, 0xC6, 0x5A, 0xC6, 0x39, 0xBD, 0xF8, 
    0xAD, 0x97, 0x94, 0xF5, 0x8C, 0xB3, 0x9D, 0x57, 0x8D, 0x7B, 0x42, 0x6B, 0x00, 0x00, 0x08, 0x80, 
    0x08, 0xA0, 0x00, 0x40, 0x00, 0x00, 0x00, 0x21, 0x01, 0x06, 0x02, 0x0E, 0x02, 0x31, 0x02, 0x51, 
    0x01, 0x48, 0x00, 0x20, 0x00, 0x00, 0x00, 0x00, 0x00, 0x00, 0x00, 0x41, 0x00, 0x42, 0x00, 0x84, 
    0x11, 0x29, 0x00, 0x21, 0x08, 0x40, 0x2A, 0xD4, 0x0A, 0x76, 0x00, 0x00, 0x00, 0x00, 0x10, 0xA2, 
    0x21, 0x24, 0x00, 0x00, 0x00, 0x00, 0x00, 0x00, 0x00, 0x00, 0x00, 0x00, 0x00, 0x00, 0x00, 0x00, 
    0x00, 0x00, 0x00, 0x00, 0x00, 0x00, 0x00, 0x00, 0x00, 0x00, 0x00, 0x00, 0x00, 0x00, 0x00, 0x00, 
    0x00, 0x00, 0x00, 0x00, 0x00, 0x00, 0x00, 0x00, 0x00, 0x00, 0x00, 0x00, 0x00, 0x00, 0x00, 0x00, 
    0x00, 0x00, 0x00, 0x00, 0x00, 0x00, 0x00, 0x00, 0x18, 0xC3, 0x29, 0x45, 0x00, 0x00, 0x00, 0x00, 
    0x08, 0x61, 0x42, 0x08, 0x73, 0x8E, 0x8C, 0x92, 0x84, 0x31, 0x73, 0xD0, 0x6B, 0x8F, 0x7C, 0x10, 
    0x9C, 0xF4, 0x9D, 0x36, 0x9D, 0x15, 0x84, 0x51, 0x29, 0x45, 0x00, 0x00, 0x00, 0x43, 0x01, 0x0B, 
    0x01, 0x6E, 0x01, 0x0C, 0x00, 0x89, 0x00, 0xA7, 0x09, 0x05, 0x19, 0x43, 0x21, 0x82, 0x29, 0xC2, 
    0x29, 0xC3, 0x21, 0xA2, 0x19, 0x42, 0x10, 0xE2, 0x00, 0x82, 0x00, 0x42, 0x00, 0x22, 0x00, 0x00, 
    0x21, 0x20, 0x8D, 0x00, 0x74, 0x01, 0x10, 0xA0, 0x00, 0x00, 0x00, 0x00, 0x08, 0x60, 0x10, 0xC0, 
    0x08, 0xA0, 0x00, 0x40, 0x42, 0x28, 0xA5, 0xDB, 0xA5, 0x99, 0x84, 0x52, 0x7C, 0x32, 0x8C, 0x93, 
    0x94, 0xF5, 0x9D, 0x36, 0xAD, 0x77, 0xAD, 0xB7, 0xBE, 0x19, 0xB5, 0xD8, 0x9C, 0xF4, 0x84, 0x51, 
    0xA5, 0x35, 0xC6, 0x39, 0xC6, 0x5A, 0xBE, 0x19, 0xBE, 0x19, 0xB5, 0xD8, 0xAD, 0xB7, 0xA5, 0x56, 
    0x94, 0xD4, 0x8C, 0x93, 0x9D, 0x58, 0x7C, 0xF8, 0x31, 0xE7, 0x00, 0x40, 0x00, 0x40, 0x00, 0x00, 
    0x00, 0x00, 0x00, 0x21, 0x00, 0xE6, 0x01, 0x8B, 0x02, 0x10, 0x01, 0xCD, 0x00, 0xA5, 0x00, 0x00, 
    0x00, 0x00, 0x00, 0x00, 0x00, 0x01, 0x00, 0x84, 0x09, 0x8D, 0x53, 0x0D, 0x01, 0x08, 0x00, 0x43, 
    0x00, 0x00, 0x10, 0xC3, 0x33, 0x58, 0x0A, 0x75, 0x00, 0x00, 0x00, 0x00, 0x08, 0x41, 0x21, 0x24, 
    0x00, 0x00, 0x00, 0x00, 0x00, 0x00, 0x00, 0x00, 0x00, 0x00, 0x00, 0x00, 0x00, 0x00, 0x00, 0x00, 
    0x00, 0x00, 0x00, 0x00, 0x00, 0x00, 0x00, 0x00, 0x00, 0x00, 0x00, 0x00, 0x00, 0x00, 0x00, 0x00, 
    0x00, 0x00, 0x00, 0x00, 0x00, 0x00, 0x00, 0x00, 0x00, 0x00, 0x00, 0x00, 0x00, 0x00, 0x00, 0x00, 
    0x00, 0x00, 0x00, 0x00, 0x00, 0x00, 0x00, 0x00, 0x00, 0x00, 0x00, 0x00, 0x31, 0xA6, 0x21, 0x04, 
    0x00, 0x00, 0x00, 0x00, 0x00, 0x00, 0x08, 0x41, 0x18, 0xC3, 0x21, 0x24, 0x21, 0x24, 0x39, 0xE8, 
    0x9C, 0xD3, 0x7C, 0x31, 0x9C, 0xF5, 0xA5, 0x36, 0x9C, 0xF4, 0x31, 0xA6, 0x10, 0xA2, 0x00, 0x00, 
    0x00, 0x01, 0x00, 0x23, 0x00, 0x64, 0x00, 0x65, 0x00, 0x44, 0x00, 0x02, 0x00, 0x02, 0x00, 0x02, 
    0x00, 0x02, 0x00, 0x02, 0x00, 0x02, 0x00, 0x22, 0x00, 0x43, 0x00, 0x83, 0x11, 0x86, 0x01, 0xEC, 
    0x00, 0x22, 0x00, 0x00, 0x4A, 0xC3, 0x8D, 0x46, 0x6B, 0xC2, 0x21, 0x00, 0x00, 0x00, 0x00, 0x00, 
    0x00, 0x00, 0x00, 0x20, 0x00, 0x00, 0x29, 0x65, 0x95, 0x37, 0xB6, 0x1A, 0x8C, 0xB4, 0x73, 0xF1, 
    0x84, 0x52, 0x8C, 0xB4, 0x9D, 0x15, 0x9D, 0x36, 0xA5, 0x56, 0xA5, 0x77, 0xB5, 0xD8, 0xB5, 0xF8, 
    0xB5, 0xF8, 0xB5, 0xD8, 0xB5, 0xD8, 0xB5, 0xB8, 0xAD, 0x97, 0xA5, 0x56, 0x94, 0xF5, 0x84, 0x73, 
    0x8C, 0xB4, 0xA5, 0xB9, 0x74, 0x75, 0x19, 0x04, 0x00, 0x00, 0x00, 0x00, 0x00, 0x00, 0x00, 0x21, 
    0x00, 0xE6, 0x01, 0x6A, 0x01, 0x8C, 0x01, 0x08, 0x00, 0x63, 0x00, 0x00, 0x00, 0x00, 0x00, 0x00, 
    0x00, 0x00, 0x00, 0x00, 0x00, 0x00, 0x00, 0x00, 0x00, 0x00, 0x00, 0x00, 0x00, 0x00, 0x08, 0x61, 
    0x2A, 0x2E, 0x1B, 0x5B, 0x01, 0x8F, 0x00, 0x00, 0x00, 0x00, 0x00, 0x41, 0x18, 0xC3, 0x00, 0x00, 
    0x00, 0x00, 0x00, 0x00, 0x00, 0x00, 0x00, 0x00, 0x00, 0x00, 0x00, 0x00, 0x00, 0x00, 0x00, 0x00, 
    0x00, 0x00, 0x00, 0x00, 0x00, 0x00, 0x00, 0x00, 0x00, 0x00, 0x00, 0x00, 0x00, 0x00, 0x00, 0x00, 
    0x00, 0x00, 0x00, 0x00, 0x00, 0x00, 0x00, 0x00, 0x00, 0x00, 0x00, 0x00, 0x00, 0x00, 0x00, 0x00, 
    0x00, 0x00, 0x00, 0x00, 0x00, 0x00, 0x00, 0x00, 0x00, 0x00, 0x00, 0x00, 0x00, 0x00, 0x00, 0x20, 
    0x29, 0x65, 0x39, 0xC7, 0x29, 0x45, 0x10, 0x82, 0x00, 0x00, 0x00, 0x00, 0x00, 0x00, 0x00, 0x00, 
    0x18, 0xE3, 0x52, 0x8A, 0x7B, 0xF0, 0x9C, 0xF5, 0x9C, 0xF5, 0x94, 0xD4, 0x84, 0x52, 0x4A, 0x6A, 
    0x29, 0x65, 0x21, 0x04, 0x21, 0x03, 0x18, 0xE3, 0x18, 0xC3, 0x18, 0xC3, 0x18, 0xC3, 0x18, 0xC3, 
    0x18, 0xC3, 0x10, 0xA3, 0x10, 0xA3, 0x18, 0xC3, 0x18, 0xE4, 0x08, 0x62, 0x00, 0x00, 0x00, 0x63, 
    0x01, 0xAA, 0x00, 0xA5, 0x00, 0x00, 0x00, 0x62, 0x42, 0xC5, 0x64, 0x06, 0x64, 0x04, 0x42, 0xA2, 
    0x10, 0xE0, 0x00, 0x20, 0x00, 0x00, 0x00, 0x00, 0x18, 0xC3, 0x74, 0x33, 0xAD, 0xFB, 0x9D, 0x16, 
    0x7C, 0x32, 0x7C, 0x11, 0x84, 0x53, 0x8C, 0xB4, 0x94, 0xF5, 0x9D, 0x15, 0x9D, 0x36, 0xA5, 0x56, 
    0xA5, 0x76, 0xA5, 0x76, 0xA5, 0x76, 0xA5, 0x56, 0x94, 0xF5, 0x8C, 0x93, 0x7C, 0x52, 0x94, 0xF5, 
    0x9D, 0x79, 0x5B, 0x4F, 0x10, 0x61, 0x00, 0x00, 0x00, 0x20, 0x08, 0x83, 0x09, 0x27, 0x01, 0x29, 
    0x00, 0xE7, 0x00, 0x84, 0x00, 0x00, 0x00, 0x00, 0x08, 0x40, 0x10, 0xE5, 0x09, 0x6A, 0x09, 0xEE, 
    0x01, 0xCF, 0x01, 0xAF, 0x01, 0xAE, 0x09, 0xAE, 0x09, 0xCE, 0x12, 0x11, 0x0A, 0x75, 0x13, 0x1A, 
    0x0A, 0x76, 0x00, 0xA7, 0x00, 0x00, 0x00, 0x00, 0x18, 0xC3, 0x21, 0x04, 0x00, 0x00, 0x00, 0x00, 
    0x00, 0x00, 0x00, 0x00, 0x00, 0x00, 0x00, 0x00, 0x00, 0x00, 0x00, 0x00, 0x00, 0x00, 0x00, 0x00, 
    0x00, 0x00, 0x00, 0x00, 0x00, 0x00, 0x00, 0x00, 0x00, 0x00, 0x00, 0x00, 0x00, 0x00, 0x00, 0x00, 
    0x00, 0x00, 0x00, 0x00, 0x00, 0x00, 0x00, 0x00, 0x00, 0x00, 0x00, 0x00, 0x00, 0x00, 0x00, 0x00, 
    0x00, 0x00, 0x00, 0x00, 0x00, 0x00, 0x00, 0x00, 0x00, 0x00, 0x00, 0x00, 0x00, 0x00, 0x00, 0x00, 
    0x00, 0x00, 0x00, 0x00, 0x00, 0x00, 0x08, 0x61, 0x21, 0x04, 0x29, 0x45, 0x31, 0xA6, 0x21, 0x04, 
    0x00, 0x00, 0x08, 0x61, 0x5A, 0xCB, 0x9D, 0x14, 0x73, 0xD0, 0x6B, 0x8F, 0x63, 0x4E, 0x63, 0x4E, 
    0x6B, 0x8F, 0x73, 0xAF, 0x73, 0xAF, 0x73, 0xCF, 0x73, 0xD0, 0x7C, 0x11, 0x84, 0x31, 0x84, 0x31, 
    0x84, 0x31, 0x8C, 0x72, 0x94, 0xD4, 0xAD, 0x76, 0xAD, 0x76, 0xAD, 0x56, 0x63, 0x4D, 0x08, 0x40, 
    0x00, 0x42, 0x01, 0xCE, 0x00, 0x64, 0x00, 0x00, 0x00, 0x00, 0x00, 0x01, 0x10, 0xE3, 0x2A, 0x45, 
    0x2A, 0x84, 0x21, 0xE3, 0x19, 0x42, 0x11, 0x01, 0x08, 0x80, 0x08, 0x60, 0x53, 0x0C, 0xA5, 0xB9, 
    0xA5, 0xB9, 0x84, 0x73, 0x73, 0xD1, 0x73, 0xF1, 0x84, 0x53, 0x84, 0x93, 0x8C, 0xB4, 0x94, 0xD4, 
    0x94, 0xD4, 0x94, 0xD4, 0x8C, 0xB4, 0x84, 0x73, 0x7C, 0x32, 0x8C, 0x93, 0xA5, 0x78, 0x8C, 0xD6, 
    0x32, 0x09, 0x00, 0x20, 0x00, 0x41, 0x08, 0xA4, 0x08, 0xC5, 0x08, 0xE6, 0x00, 0x84, 0x00, 0x00, 
    0x00, 0x00, 0x00, 0x00, 0x00, 0xE8, 0x11, 0xF2, 0x23, 0x19, 0x12, 0xFB, 0x02, 0x79, 0x02, 0x37, 
    0x02, 0x16, 0x01, 0xF5, 0x02, 0x15, 0x02, 0x15, 0x02, 0x15, 0x01, 0xF4, 0x01, 0x6F, 0x00, 0x86, 
    0x00, 0x00, 0x00, 0x00, 0x00, 0x00, 0x29, 0x65, 0x18, 0xE3, 0x00, 0x00, 0x00, 0x00, 0x00, 0x00, 
    0x00, 0x00, 0x00, 0x00, 0x00, 0x00, 0x00, 0x00, 0x00, 0x00, 0x00, 0x00, 0x00, 0x00, 0x00, 0x00, 
    0x00, 0x00, 0x00, 0x00, 0x00, 0x00, 0x00, 0x00, 0x00, 0x00, 0x00, 0x00, 0x00, 0x00, 0x00, 0x00, 
    0x00, 0x00, 0x00, 0x00, 0x00, 0x00, 0x00, 0x00, 0x00, 0x00, 0x00, 0x00, 0x00, 0x00, 0x00, 0x00, 
    0x00, 0x00, 0x00, 0x00, 0x00, 0x00, 0x00, 0x00, 0x00, 0x00, 0x00, 0x00, 0x00, 0x00, 0x00, 0x00, 
    0x00, 0x00, 0x00, 0x00, 0x00, 0x00, 0x00, 0x00, 0x00, 0x00, 0x00, 0x00, 0x00, 0x00, 0x00, 0x20, 
    0x29, 0x85, 0x00, 0x00, 0x00, 0x00, 0x18, 0xE3, 0x29, 0x65, 0x29, 0x65, 0x31, 0x66, 0x31, 0x86, 
    0x31, 0x86, 0x31, 0xA6, 0x31, 0xA6, 0x31, 0xA7, 0x39, 0xC7, 0x39, 0xE7, 0x39, 0xE8, 0x39, 0xE7, 
    0x39, 0xE8, 0x42, 0x28, 0x42, 0x29, 0x52, 0x8A, 0x6B, 0x6D, 0x9C, 0xF4, 0xA5, 0x35, 0x73, 0xAF, 
    0x08, 0x41, 0x00, 0x22, 0x01, 0x8E, 0x00, 0x85, 0x00, 0x00, 0x00, 0x01, 0x00, 0x00, 0x00, 0x00, 
    0x00, 0x00, 0x00, 0x01, 0x00, 0x61, 0x08, 0xA2, 0x08, 0xE2, 0x08, 0xE1, 0x00, 0x80, 0x21, 0x64, 
    0x74, 0x13, 0xA5, 0xDA, 0xA5, 0x78, 0x84, 0x53, 0x6B, 0xD1, 0x6B, 0xD0, 0x73, 0xF1, 0x73, 0xF1, 
    0x73, 0xF1, 0x73, 0xF1, 0x73, 0xD1, 0x84, 0x53, 0x9D, 0x37, 0x95, 0x37, 0x5B, 0x6F, 0x10, 0xE3, 
    0x00, 0x41, 0x00, 0x83, 0x00, 0x63, 0x00, 0x42, 0x00, 0x01, 0x00, 0x00, 0x00, 0x00, 0x00, 0x21, 
    0x01, 0x4C, 0x02, 0x98, 0x02, 0x9A, 0x01, 0xD3, 0x00, 0xA8, 0x00, 0x22, 0x00, 0x00, 0x00, 0x00, 
    0x00, 0x00, 0x00, 0x00, 0x00, 0x00, 0x00, 0x00, 0x00, 0x00, 0x00, 0x00, 0x00, 0x00, 0x00, 0x00, 
    0x00, 0x00, 0x18, 0xE3, 0x31, 0x86, 0x00, 0x00, 0x00, 0x00, 0x00, 0x00, 0x00, 0x00, 0x00, 0x00, 
    0x00, 0x00, 0x00, 0x00, 0x00, 0x00, 0x00, 0x00, 0x00, 0x00, 0x00, 0x00, 0x00, 0x00, 0x00, 0x00, 
    0x00, 0x00, 0x00, 0x00, 0x00, 0x00, 0x00, 0x00, 0x00, 0x00, 0x00, 0x00, 0x00, 0x00, 0x00, 0x00, 
    0x00, 0x00, 0x00, 0x00, 0x00, 0x00, 0x00, 0x00, 0x00, 0x00, 0x00, 0x00, 0x00, 0x00, 0x00, 0x00, 
    0x00, 0x00, 0x00, 0x00, 0x00, 0x00, 0x00, 0x00, 0x00, 0x00, 0x00, 0x00, 0x00, 0x00, 0x00, 0x00, 
    0x00, 0x00, 0x00, 0x00, 0x00, 0x00, 0x00, 0x00, 0x00, 0x00, 0x00, 0x00, 0x00, 0x00, 0x00, 0x00, 
    0x00, 0x00, 0x31, 0x86, 0x18, 0xC3, 0x00, 0x00, 0x00, 0x00, 0x00, 0x00, 0x00, 0x00, 0x00, 0x00, 
    0x00, 0x00, 0x00, 0x00, 0x00, 0x00, 0x00, 0x00, 0x00, 0x00, 0x00, 0x00, 0x00, 0x00, 0x00, 0x00, 
    0x00, 0x00, 0x00, 0x00, 0x00, 0x00, 0x00, 0x00, 0x00, 0x00, 0x00, 0x20, 0x42, 0x28, 0x84, 0x31, 
    0x4A, 0x8B, 0x08, 0x41, 0x00, 0x42, 0x01, 0x6D, 0x00, 0xA6, 0x00, 0x00, 0x00, 0x00, 0x00, 0x00, 
    0x00, 0x00, 0x00, 0x00, 0x00, 0x00, 0x00, 0x00, 0x00, 0x00, 0x00, 0x00, 0x00, 0x00, 0x00, 0x00, 
    0x00, 0x00, 0x29, 0x86, 0x74, 0x12, 0x9D, 0x78, 0xA5, 0x98, 0x8C, 0xF6, 0x84, 0x94, 0x7C, 0x33, 
    0x84, 0x94, 0x8C, 0xF6, 0x9D, 0x37, 0x8C, 0xF5, 0x5B, 0x4F, 0x18, 0xE4, 0x00, 0x00, 0x00, 0x00, 
    0x00, 0x00, 0x00, 0x01, 0x00, 0x42, 0x00, 0x42, 0x00, 0x00, 0x00, 0x00, 0x01, 0x0B, 0x02, 0x99, 
    0x02, 0x57, 0x00, 0xEA, 0x00, 0x00, 0x00, 0x00, 0x00, 0x00, 0x00, 0x00, 0x08, 0x40, 0x10, 0xA2, 
    0x18, 0xC3, 0x10, 0x82, 0x08, 0x61, 0x08, 0x61, 0x08, 0x61, 0x10, 0xC2, 0x21, 0x24, 0x29, 0x65, 
    0x29, 0x45, 0x00, 0x20, 0x00, 0x00, 0x00, 0x00, 0x00, 0x00, 0x00, 0x00, 0x00, 0x00, 0x00, 0x00, 
    0x00, 0x00, 0x00, 0x00, 0x00, 0x00, 0x00, 0x00, 0x00, 0x00, 0x00, 0x00, 0x00, 0x00, 0x00, 0x00, 
    0x00, 0x00, 0x00, 0x00, 0x00, 0x00, 0x00, 0x00, 0x00, 0x00, 0x00, 0x00, 0x00, 0x00, 0x00, 0x00, 
    0x00, 0x00, 0x00, 0x00, 0x00, 0x00, 0x00, 0x00, 0x00, 0x00, 0x00, 0x00, 0x00, 0x00, 0x00, 0x00, 
    0x00, 0x00, 0x00, 0x00, 0x00, 0x00, 0x00, 0x00, 0x00, 0x00, 0x00, 0x00, 0x00, 0x00, 0x00, 0x00, 
    0x00, 0x00, 0x00, 0x00, 0x00, 0x00, 0x00, 0x00, 0x00, 0x00, 0x00, 0x00, 0x00, 0x00, 0x00, 0x00, 
    0x00, 0x00, 0x00, 0x00, 0x00, 0x20, 0x18, 0xC3, 0x18, 0xE3, 0x08, 0x61, 0x21, 0x04, 0x31, 0x86, 
    0x29, 0x45, 0x21, 0x04, 0x31, 0x86, 0x39, 0xE7, 0x39, 0xC7, 0x39, 0xC7, 0x31, 0xA6, 0x31, 0xA6, 
    0x31, 0x86, 0x31, 0x86, 0x29, 0x65, 0x29, 0x45, 0x21, 0x04, 0x00, 0x00, 0x00, 0x00, 0x18, 0xE3, 
    0x5A, 0xEC, 0x52, 0xAB, 0x08, 0x61, 0x00, 0x00, 0x01, 0x4C, 0x01, 0x6D, 0x00, 0xA6, 0x00, 0x64, 
    0x00, 0x63, 0x00, 0x43, 0x00, 0x22, 0x00, 0x00, 0x00, 0x00, 0x00, 0x00, 0x00, 0x00, 0x00, 0x00, 
    0x00, 0x00, 0x00, 0x00, 0x00, 0x00, 0x10, 0xA3, 0x42, 0x6A, 0x74, 0x12, 0x8C, 0xD5, 0x8C, 0xD5, 
    0x7C, 0x74, 0x5B, 0x4F, 0x31, 0xC8, 0x08, 0x61, 0x00, 0x00, 0x00, 0x00, 0x00, 0x00, 0x00, 0x01, 
    0x00, 0x85, 0x00, 0xA6, 0x00, 0x01, 0x00, 0x00, 0x10, 0xA4, 0x12, 0x76, 0x02, 0x78, 0x00, 0xE8, 
    0x00, 0x00, 0x00, 0x00, 0x00, 0x00, 0x10, 0xA2, 0x31, 0x86, 0x29, 0x65, 0x18, 0xC3, 0x08, 0x41, 
    0x00, 0x20, 0x00, 0x00, 0x00, 0x00, 0x00, 0x00, 0x00, 0x00, 0x00, 0x00, 0x00, 0x00, 0x00, 0x00, 
    0x00, 0x00, 0x00, 0x00, 0x00, 0x00, 0x00, 0x00, 0x00, 0x00, 0x00, 0x00, 0x00, 0x00, 0x00, 0x00, 
    0x00, 0x00, 0x00, 0x00, 0x00, 0x00, 0x00, 0x00, 0x00, 0x00, 0x00, 0x00, 0x00, 0x00, 0x00, 0x00, 
    0x00, 0x00, 0x00, 0x00, 0x00, 0x00, 0x00, 0x00, 0x00, 0x00, 0x00, 0x00, 0x00, 0x00, 0x00, 0x00, 
    0x00, 0x00, 0x00, 0x00, 0x00, 0x00, 0x00, 0x00, 0x00, 0x00, 0x00, 0x00, 0x00, 0x00, 0x00, 0x00, 
    0x00, 0x00, 0x00, 0x00, 0x00, 0x00, 0x00, 0x00, 0x00, 0x00, 0x00, 0x00, 0x00, 0x00, 0x00, 0x00, 
    0x00, 0x00, 0x00, 0x00, 0x00, 0x00, 0x00, 0x00, 0x00, 0x00, 0x00, 0x00, 0x00, 0x00, 0x00, 0x00, 
    0x00, 0x00, 0x00, 0x00, 0x00, 0x00, 0x00, 0x00, 0x00, 0x00, 0x00, 0x00, 0x00, 0x00, 0x00, 0x00, 
    0x00, 0x00, 0x00, 0x00, 0x00, 0x00, 0x00, 0x00, 0x00, 0x00, 0x00, 0x00, 0x00, 0x00, 0x00, 0x00, 
    0x00, 0x00, 0x00, 0x00, 0x00, 0x00, 0x00, 0x00, 0x00, 0x00, 0x29, 0x45, 0x18, 0xC3, 0x00, 0x00, 
    0x10, 0xA2, 0x5B, 0x0D, 0x52, 0xAB, 0x18, 0xE3, 0x00, 0x00, 0x00, 0x44, 0x00, 0xC7, 0x00, 0xE9, 
    0x01, 0x09, 0x01, 0x0A, 0x01, 0x2A, 0x01, 0x4C, 0x01, 0x2B, 0x00, 0xE9, 0x00, 0xA6, 0x00, 0x43, 
    0x00, 0x00, 0x00, 0x00, 0x00, 0x00, 0x00, 0x00, 0x00, 0x00, 0x00, 0x00, 0x00, 0x00, 0x00, 0x00, 
    0x00, 0x00, 0x00, 0x00, 0x00, 0x00, 0x00, 0x00, 0x00, 0x00, 0x00, 0x42, 0x00, 0x86, 0x00, 0x65, 
    0x00, 0x22, 0x00, 0x00, 0x08, 0x82, 0x21, 0xA9, 0x12, 0x31, 0x01, 0x2C, 0x00, 0x00, 0x00, 0x00, 
    0x00, 0x00, 0x21, 0x24, 0x29, 0x65, 0x08, 0x61, 0x00, 0x00, 0x00, 0x00, 0x00, 0x00, 0x00, 0x00, 
    0x00, 0x00, 0x00, 0x00, 0x00, 0x00, 0x00, 0x00, 0x00, 0x00, 0x00, 0x00, 0x00, 0x00, 0x00, 0x00, 
    0x00, 0x00, 0x00, 0x00, 0x00, 0x00, 0x00, 0x00, 0x00, 0x00, 0x00, 0x00, 0x00, 0x00, 0x00, 0x00, 
    0x00, 0x00, 0x00, 0x00, 0x00, 0x00, 0x00, 0x00, 0x00, 0x00, 0x00, 0x00, 0x00, 0x00, 0x00, 0x00, 
    0x00, 0x00, 0x00, 0x00, 0x00, 0x00, 0x00, 0x00, 0x00, 0x00, 0x00, 0x00, 0x00, 0x00, 0x00, 0x00, 
    0x00, 0x00, 0x00, 0x00, 0x00, 0x00, 0x00, 0x00, 0x00, 0x00, 0x00, 0x00, 0x00, 0x00, 0x00, 0x00, 
    0x00, 0x00, 0x00, 0x00, 0x00, 0x00, 0x00, 0x00, 0x00, 0x00, 0x00, 0x00, 0x00, 0x00, 0x00, 0x00, 
    0x00, 0x00, 0x00, 0x00, 0x00, 0x00, 0x00, 0x00, 0x00, 0x00, 0x00, 0x00, 0x00, 0x00, 0x00, 0x00, 
    0x00, 0x00, 0x00, 0x00, 0x00, 0x00, 0x00, 0x00, 0x00, 0x00, 0x00, 0x00, 0x00, 0x00, 0x00, 0x00, 
    0x00, 0x00, 0x00, 0x00, 0x00, 0x00, 0x00, 0x00, 0x00, 0x00, 0x00, 0x00, 0x00, 0x00, 0x00, 0x00, 
    0x00, 0x00, 0x00, 0x00, 0x00, 0x00, 0x00, 0x00, 0x00, 0x00, 0x00, 0x00, 0x10, 0xA2, 0x18, 0xE3, 
    0x00, 0x00, 0x10, 0x82, 0x52, 0xAB, 0x5B, 0x2D, 0x39, 0xE8, 0x18, 0xE3, 0x08, 0x41, 0x00, 0x20, 
    0x00, 0x00, 0x00, 0x00, 0x00, 0x00, 0x00, 0x00, 0x00, 0x01, 0x00, 0x43, 0x00, 0x85, 0x00, 0xA6, 
    0x00, 0x85, 0x00, 0x85, 0x00, 0xA6, 0x00, 0x85, 0x00, 0x43, 0x00, 0x21, 0x00, 0x00, 0x00, 0x00, 
    0x00, 0x00, 0x00, 0x21, 0x00, 0x43, 0x00, 0x85, 0x00, 0x86, 0x00, 0x65, 0x00, 0x22, 0x00, 0x00, 
    0x08, 0x61, 0x21, 0x67, 0x22, 0x2D, 0x09, 0x49, 0x00, 0x42, 0x00, 0x00, 0x00, 0x00, 0x21, 0x24, 
    0x29, 0x65, 0x00, 0x00, 0x00, 0x00, 0x00, 0x00, 0x00, 0x00, 0x00, 0x00, 0x00, 0x00, 0x00, 0x00, 
    0x00, 0x00, 0x00, 0x00, 0x00, 0x00, 0x00, 0x00, 0x00, 0x00, 0x00, 0x00, 0x00, 0x00, 0x00, 0x00, 
    0x00, 0x00, 0x00, 0x00, 0x00, 0x00, 0x00, 0x00, 0x00, 0x00, 0x00, 0x00, 0x00, 0x00, 0x00, 0x00, 
    0x00, 0x00, 0x00, 0x00, 0x00, 0x00, 0x00, 0x00, 0x00, 0x00, 0x00, 0x00, 0x00, 0x00, 0x00, 0x00, 
    0x00, 0x00, 0x00, 0x00, 0x00, 0x00, 0x00, 0x00, 0x00, 0x00, 0x00, 0x00, 0x00, 0x00, 0x00, 0x00, 
    0x00, 0x00, 0x00, 0x00, 0x00, 0x00, 0x00, 0x00, 0x00, 0x00, 0x00, 0x00, 0x00, 0x00, 0x00, 0x00, 
    0x00, 0x00, 0x00, 0x00, 0x00, 0x00, 0x00, 0x00, 0x00, 0x00, 0x00, 0x00, 0x00, 0x00, 0x00, 0x00, 
    0x00, 0x00, 0x00, 0x00, 0x00, 0x00, 0x00, 0x00, 0x00, 0x00, 0x00, 0x00, 0x00, 0x00, 0x00, 0x00, 
    0x00, 0x00, 0x00, 0x00, 0x00, 0x00, 0x00, 0x00, 0x00, 0x00, 0x00, 0x00, 0x00, 0x00, 0x00, 0x00, 
    0x00, 0x00, 0x00, 0x00, 0x00, 0x00, 0x00, 0x00, 0x00, 0x00, 0x00, 0x00, 0x00, 0x00, 0x00, 0x00, 
    0x00, 0x00, 0x00, 0x00, 0x00, 0x00, 0x00, 0x00, 0x00, 0x00, 0x00, 0x00, 0x00, 0x00, 0x10, 0xA2, 
    0x21, 0x24, 0x00, 0x00, 0x00, 0x20, 0x39, 0xE7, 0x52, 0xAB, 0x5B, 0x0D, 0x5B, 0x0D, 0x5B, 0x2D, 
    0x5B, 0x0D, 0x52, 0xAB, 0x42, 0x29, 0x31, 0xA7, 0x21, 0x25, 0x18, 0xC3, 0x00, 0x20, 0x00, 0x00, 
    0x00, 0x00, 0x00, 0x00, 0x00, 0x01, 0x00, 0x43, 0x00, 0x64, 0x00, 0x85, 0x00, 0x86, 0x00, 0xA6, 
    0x00, 0xA6, 0x00, 0x85, 0x00, 0x64, 0x00, 0x22, 0x00, 0x00, 0x00, 0x00, 0x10, 0x82, 0x29, 0x87, 
    0x32, 0x2C, 0x19, 0x89, 0x00, 0x63, 0x00, 0x00, 0x00, 0x00, 0x18, 0xC3, 0x31, 0xA6, 0x00, 0x20, 
    0x00, 0x00, 0x00, 0x00, 0x00, 0x00, 0x00, 0x00, 0x00, 0x00, 0x00, 0x00, 0x00, 0x00, 0x00, 0x00, 
    0x00, 0x00, 0x00, 0x00, 0x00, 0x00, 0x00, 0x00, 0x00, 0x00, 0x00, 0x00, 0x00, 0x00, 0x00, 0x00, 
    0x00, 0x00, 0x00, 0x00, 0x00, 0x00, 0x00, 0x00, 0x00, 0x00, 0x00, 0x00, 0x00, 0x00, 0x00, 0x00, 
    0x00, 0x00, 0x00, 0x00, 0x00, 0x00, 0x00, 0x00, 0x00, 0x00, 0x00, 0x00, 0x00, 0x00, 0x00, 0x00, 
    0x00, 0x00, 0x00, 0x00, 0x00, 0x00, 0x00, 0x00, 0x00, 0x00, 0x00, 0x00, 0x00, 0x00, 0x00, 0x00, 
    0x00, 0x00, 0x00, 0x00, 0x00, 0x00, 0x00, 0x00, 0x00, 0x00, 0x00, 0x00, 0x00, 0x00, 0x00, 0x00, 
    0x00, 0x00, 0x00, 0x00, 0x00, 0x00, 0x00, 0x00, 0x00, 0x00, 0x00, 0x00, 0x00, 0x00, 0x00, 0x00, 
    0x00, 0x00, 0x00, 0x00, 0x00, 0x00, 0x00, 0x00, 0x00, 0x00, 0x00, 0x00, 0x00, 0x00, 0x00, 0x00, 
    0x00, 0x00, 0x00, 0x00, 0x00, 0x00, 0x00, 0x00, 0x00, 0x00, 0x00, 0x00, 0x00, 0x00, 0x00, 0x00, 
    0x00, 0x00, 0x00, 0x00, 0x00, 0x00, 0x00, 0x00, 0x00, 0x00, 0x00, 0x00, 0x00, 0x00, 0x00, 0x00, 
    0x00, 0x00, 0x00, 0x00, 0x00, 0x00, 0x00, 0x00, 0x00, 0x00, 0x00, 0x00, 0x00, 0x00, 0x00, 0x00, 
    0x08, 0x61, 0x29, 0x65, 0x00, 0x00, 0x00, 0x00, 0x00, 0x20, 0x18, 0xC3, 0x29, 0x66, 0x31, 0xA7, 
    0x3A, 0x08, 0x42, 0x29, 0x4A, 0x8A, 0x52, 0xCC, 0x52, 0xCB, 0x4A, 0x8A, 0x4A, 0x6A, 0x39, 0xE8, 
    0x29, 0x46, 0x18, 0xE4, 0x10, 0x82, 0x08, 0x40, 0x00, 0x00, 0x00, 0x00, 0x00, 0x00, 0x00, 0x00, 
    0x00, 0x00, 0x00, 0x00, 0x00, 0x00, 0x08, 0x61, 0x21, 0x04, 0x31, 0xE9, 0x32, 0x0A, 0x19, 0x89, 
    0x00, 0x83, 0x00, 0x00, 0x00, 0x00, 0x08, 0x62, 0x31, 0xA6, 0x08, 0x61, 0x00, 0x00, 0x00, 0x00, 
    0x00, 0x00, 0x00, 0x00, 0x00, 0x00, 0x00, 0x00, 0x00, 0x00, 0x00, 0x00, 0x00, 0x00, 0x00, 0x00, 
    0x00, 0x00, 0x00, 0x00, 0x00, 0x00, 0x00, 0x00, 0x00, 0x00, 0x00, 0x00, 0x00, 0x00, 0x00, 0x00, 
    0x00, 0x00, 0x00, 0x00, 0x00, 0x00, 0x00, 0x00, 0x00, 0x00, 0x00, 0x00, 0x00, 0x00, 0x00, 0x00, 
    0x00, 0x00, 0x00, 0x00, 0x00, 0x00, 0x00, 0x00, 0x00, 0x00, 0x00, 0x00, 0x00, 0x00, 0x00, 0x00, 
    0x00, 0x00, 0x00, 0x00, 0x00, 0x00, 0x00, 0x00, 0x00, 0x00, 0x00, 0x00, 0x00, 0x00, 0x00, 0x00, 
    0x00, 0x00, 0x00, 0x00, 0x00, 0x00, 0x00, 0x00, 0x00, 0x00, 0x00, 0x00, 0x00, 0x00, 0x00, 0x00, 
    0x00, 0x00, 0x00, 0x00, 0x00, 0x00, 0x00, 0x00, 0x00, 0x00, 0x00, 0x00, 0x00, 0x00, 0x00, 0x00, 
    0x00, 0x00, 0x00, 0x00, 0x00, 0x00, 0x00, 0x00, 0x00, 0x00, 0x00, 0x00, 0x00, 0x00, 0x00, 0x00, 
    0x00, 0x00, 0x00, 0x00, 0x00, 0x00, 0x00, 0x00, 0x00, 0x00, 0x00, 0x00, 0x00, 0x00, 0x00, 0x00, 
    0x00, 0x00, 0x00, 0x00, 0x00, 0x00, 0x00, 0x00, 0x00, 0x00, 0x00, 0x00, 0x00, 0x00, 0x00, 0x00, 
    0x00, 0x00, 0x00, 0x00, 0x00, 0x00, 0x00, 0x00, 0x00, 0x00, 0x00, 0x00, 0x00, 0x00, 0x00, 0x00, 
    0x00, 0x00, 0x00, 0x00, 0x29, 0x65, 0x21, 0x24, 0x00, 0x20, 0x00, 0x00, 0x00, 0x00, 0x00, 0x00, 
    0x00, 0x00, 0x00, 0x00, 0x00, 0x00, 0x00, 0x00, 0x00, 0x00, 0x08, 0x20, 0x10, 0xA2, 0x21, 0x45, 
    0x31, 0xA6, 0x42, 0x08, 0x42, 0x49, 0x42, 0x29, 0x39, 0xE8, 0x31, 0xA7, 0x31, 0xC7, 0x31, 0xA7, 
    0x29, 0x87, 0x31, 0xC8, 0x3A, 0x09, 0x42, 0x2A, 0x29, 0xE9, 0x11, 0x06, 0x00, 0x21, 0x00, 0x00, 
    0x00, 0x00, 0x08, 0x61, 0x39, 0xE7, 0x10, 0xA2, 0x00, 0x00, 0x00, 0x00, 0x00, 0x00, 0x00, 0x00, 
    0x00, 0x00, 0x00, 0x00, 0x00, 0x00, 0x00, 0x00, 0x00, 0x00, 0x00, 0x00, 0x00, 0x00, 0x00, 0x00, 
    0x00, 0x00, 0x00, 0x00, 0x00, 0x00, 0x00, 0x00, 0x00, 0x00, 0x00, 0x00, 0x00, 0x00, 0x00, 0x00, 
    0x00, 0x00, 0x00, 0x00, 0x00, 0x00, 0x00, 0x00, 0x00, 0x00, 0x00, 0x00, 0x00, 0x00, 0x00, 0x00, 
    0x00, 0x00, 0x00, 0x00, 0x00, 0x00, 0x00, 0x00, 0x00, 0x00, 0x00, 0x00, 0x00, 0x00, 0x00, 0x00, 
    0x00, 0x00, 0x00, 0x00, 0x00, 0x00, 0x00, 0x00, 0x00, 0x00, 0x00, 0x00, 0x00, 0x00, 0x00, 0x00, 
    0x00, 0x00, 0x00, 0x00, 0x00, 0x00, 0x00, 0x00, 0x00, 0x00, 0x00, 0x00, 0x00, 0x00, 0x00, 0x00, 
    0x00, 0x00, 0x00, 0x00, 0x00, 0x00, 0x00, 0x00, 0x00, 0x00, 0x00, 0x00, 0x00, 0x00, 0x00, 0x00, 
    0x00, 0x00, 0x00, 0x00, 0x00, 0x00, 0x00, 0x00, 0x00, 0x00, 0x00, 0x00, 0x00, 0x00, 0x00, 0x00, 
    0x00, 0x00, 0x00, 0x00, 0x00, 0x00, 0x00, 0x00, 0x00, 0x00, 0x00, 0x00, 0x00, 0x00, 0x00, 0x00, 
    0x00, 0x00, 0x00, 0x00, 0x00, 0x00, 0x00, 0x00, 0x00, 0x00, 0x00, 0x00, 0x00, 0x00, 0x00, 0x00, 
    0x00, 0x00, 0x00, 0x00, 0x00, 0x00, 0x00, 0x00, 0x00, 0x00, 0x00, 0x00, 0x00, 0x00, 0x00, 0x00, 
    0x00, 0x00, 0x00, 0x00, 0x00, 0x00, 0x00, 0x00, 0x18, 0xC3, 0x29, 0x45, 0x29, 0x65, 0x31, 0xA6, 
    0x29, 0x65, 0x31, 0xA6, 0x29, 0x45, 0x29, 0x45, 0x18, 0xE3, 0x08, 0x41, 0x00, 0x00, 0x00, 0x00, 
    0x00, 0x00, 0x00, 0x00, 0x00, 0x00, 0x10, 0x62, 0x10, 0xC3, 0x21, 0x04, 0x21, 0x24, 0x21, 0x45, 
    0x21, 0x04, 0x18, 0xE4, 0x10, 0xA3, 0x08, 0x41, 0x00, 0x00, 0x00, 0x00, 0x00, 0x00, 0x18, 0xC3, 
    0x31, 0xA6, 0x10, 0xA2, 0x00, 0x00, 0x00, 0x00, 0x00, 0x00, 0x00, 0x00, 0x00, 0x00, 0x00, 0x00, 
    0x00, 0x00, 0x00, 0x00, 0x00, 0x00, 0x00, 0x00, 0x00, 0x00, 0x00, 0x00, 0x00, 0x00, 0x00, 0x00, 
    0x00, 0x00, 0x00, 0x00, 0x00, 0x00, 0x00, 0x00, 0x00, 0x00, 0x00, 0x00, 0x00, 0x00, 0x00, 0x00, 
    0x00, 0x00, 0x00, 0x00, 0x00, 0x00, 0x00, 0x00, 0x00, 0x00, 0x00, 0x00, 0x00, 0x00, 0x00, 0x00, 
    0x00, 0x00, 0x00, 0x00, 0x00, 0x00, 0x00, 0x00, 0x00, 0x00, 0x00, 0x00, 0x00, 0x00, 0x00, 0x00, 
    0x00, 0x00, 0x00, 0x00, 0x00, 0x00, 0x00, 0x00, 0x00, 0x00, 0x00, 0x00, 0x00, 0x00, 0x00, 0x00, 
    0x00, 0x00, 0x00, 0x00, 0x00, 0x00, 0x00, 0x00, 0x00, 0x00, 0x00, 0x00, 0x00, 0x00, 0x00, 0x00, 
    0x00, 0x00, 0x00, 0x00, 0x00, 0x00, 0x00, 0x00, 0x00, 0x00, 0x00, 0x00, 0x00, 0x00, 0x00, 0x00, 
    0x00, 0x00, 0x00, 0x00, 0x00, 0x00, 0x00, 0x00, 0x00, 0x00, 0x00, 0x00, 0x00, 0x00, 0x00, 0x00, 
    0x00, 0x00, 0x00, 0x00, 0x00, 0x00, 0x00, 0x00, 0x00, 0x00, 0x00, 0x00, 0x00, 0x00, 0x00, 0x00, 
    0x00, 0x00, 0x00, 0x00, 0x00, 0x00, 0x00, 0x00, 0x00, 0x00, 0x00, 0x00, 0x00, 0x00, 0x00, 0x00, 
    0x00, 0x00, 0x00, 0x00, 0x00, 0x00, 0x00, 0x00, 0x00, 0x00, 0x00, 0x00, 0x00, 0x00, 0x00, 0x00, 
    0x00, 0x00, 0x00, 0x00, 0x00, 0x00, 0x00, 0x00, 0x00, 0x00, 0x00, 0x00, 0x00, 0x00, 0x00, 0x00, 
    0x00, 0x00, 0x00, 0x00, 0x00, 0x00, 0x00, 0x00, 0x00, 0x20, 0x10, 0xA2, 0x29, 0x45, 0x31, 0x86, 
    0x31, 0xA6, 0x31, 0x86, 0x18, 0xC3, 0x00, 0x00, 0x00, 0x00, 0x00, 0x00, 0x00, 0x00, 0x00, 0x00, 
    0x00, 0x00, 0x00, 0x00, 0x00, 0x00, 0x00, 0x00, 0x10, 0xA2, 0x39, 0xC7, 0x31, 0x86, 0x08, 0x61, 
    0x00, 0x00, 0x00, 0x00, 0x00, 0x00, 0x00, 0x00, 0x00, 0x00, 0x00, 0x00, 0x00, 0x00, 0x00, 0x00, 
    0x00, 0x00, 0x00, 0x00, 0x00, 0x00, 0x00, 0x00, 0x00, 0x00, 0x00, 0x00, 0x00, 0x00, 0x00, 0x00, 
    0x00, 0x00, 0x00, 0x00, 0x00, 0x00, 0x00, 0x00, 0x00, 0x00, 0x00, 0x00, 0x00, 0x00, 0x00, 0x00, 
    0x00, 0x00, 0x00, 0x00, 0x00, 0x00, 0x00, 0x00, 0x00, 0x00, 0x00, 0x00, 0x00, 0x00, 0x00, 0x00, 
    0x00, 0x00, 0x00, 0x00, 0x00, 0x00, 0x00, 0x00, 0x00, 0x00, 0x00, 0x00, 0x00, 0x00, 0x00, 0x00, 
    0x00, 0x00, 0x00, 0x00, 0x00, 0x00, 0x00, 0x00, 0x00, 0x00, 0x00, 0x00, 0x00, 0x00, 0x00, 0x00, 
    0x00, 0x00, 0x00, 0x00, 0x00, 0x00, 0x00, 0x00, 0x00, 0x00, 0x00, 0x00, 0x00, 0x00, 0x00, 0x00, 
    0x00, 0x00, 0x00, 0x00, 0x00, 0x00, 0x00, 0x00, 0x00, 0x00, 0x00, 0x00, 0x00, 0x00, 0x00, 0x00, 
    0x00, 0x00, 0x00, 0x00, 0x00, 0x00, 0x00, 0x00, 0x00, 0x00, 0x00, 0x00, 0x00, 0x00, 0x00, 0x00, 
    0x00, 0x00, 0x00, 0x00, 0x00, 0x00, 0x00, 0x00, 0x00, 0x00, 0x00, 0x00, 0x00, 0x00, 0x00, 0x00, 
    0x00, 0x00, 0x00, 0x00, 0x00, 0x00, 0x00, 0x00, 0x00, 0x00, 0x00, 0x00, 0x00, 0x00, 0x00, 0x00, 
    0x00, 0x00, 0x00, 0x00, 0x00, 0x00, 0x00, 0x00, 0x00, 0x00, 0x00, 0x00, 0x00, 0x00, 0x00, 0x00, 
    0x00, 0x00, 0x00, 0x00, 0x00, 0x00, 0x00, 0x00, 0x00, 0x00, 0x00, 0x00, 0x00, 0x00, 0x00, 0x00, 
    0x00, 0x00, 0x00, 0x00, 0x00, 0x00, 0x00, 0x00, 0x00, 0x00, 0x00, 0x00, 0x00, 0x00, 0x00, 0x00, 
    0x00, 0x00, 0x00, 0x00, 0x00, 0x00, 0x00, 0x00, 0x00, 0x00, 0x00, 0x00, 0x00, 0x00, 0x00, 0x00, 
    0x00, 0x00, 0x00, 0x00, 0x00, 0x00, 0x00, 0x00, 0x00, 0x00, 0x00, 0x00, 0x00, 0x00, 0x00, 0x00, 
    0x00, 0x00, 0x00, 0x00, 0x00, 0x00, 0x00, 0x00, 0x00, 0x00, 0x00, 0x00, 0x00, 0x00, 0x00, 0x00, 
    0x00, 0x00, 0x00, 0x00, 0x00, 0x00, 0x00, 0x00, 0x00, 0x00, 0x00, 0x00, 0x00, 0x00, 0x00, 0x00, 
    0x00, 0x00, 0x00, 0x00, 0x00, 0x00, 0x00, 0x00, 0x00, 0x00, 0x00, 0x00, 0x00, 0x00, 0x00, 0x00, 
    0x00, 0x00, 0x00, 0x00, 0x00, 0x00, 0x00, 0x00, 0x00, 0x00, 0x00, 0x00, 0x00, 0x00, 0x00, 0x00, 
    0x00, 0x00, 0x00, 0x00, 0x00, 0x00, 0x00, 0x00, 0x00, 0x00, 0x00, 0x00, 0x00, 0x00, 0x00, 0x00, 
    0x00, 0x00, 0x00, 0x00, 0x00, 0x00, 0x00, 0x00, 0x00, 0x00, 0x00, 0x00, 0x00, 0x00, 0x00, 0x00, 
    0x00, 0x00, 0x00, 0x00, 0x00, 0x00, 0x00, 0x00, 0x00, 0x00, 0x00, 0x00, 0x00, 0x00, 0x00, 0x00, 
    0x00, 0x00, 0x00, 0x00, 0x00, 0x00, 0x00, 0x00, 0x00, 0x00, 0x00, 0x00, 0x00, 0x00, 0x00, 0x00, 
    0x00, 0x00, 0x00, 0x00, 0x00, 0x00, 0x00, 0x00, 0x00, 0x00, 0x00, 0x00, 0x00, 0x00, 0x00, 0x00, 
    0x00, 0x00, 0x00, 0x00, 0x00, 0x00, 0x00, 0x00, 0x00, 0x00, 0x00, 0x00, 0x00, 0x00, 0x00, 0x00, 
    0x00, 0x00, 0x00, 0x00, 0x00, 0x00, 0x00, 0x00, 0x00, 0x00, 0x00, 0x00, 0x00, 0x00, 0x00, 0x00, 
    0x00, 0x00, 0x00, 0x00, 0x00, 0x00, 0x00, 0x00, 0x00, 0x00, 0x00, 0x00, 0x00, 0x00, 0x00, 0x00, 
    0x00, 0x00, 0x00, 0x00, 0x00, 0x00, 0x00, 0x00, 0x00, 0x00, 0x00, 0x00, 0x00, 0x00, 0x00, 0x00, 
    0x00, 0x00, 0x00, 0x00, 0x00, 0x00, 0x00, 0x00, 0x00, 0x00, 0x00, 0x00, 0x00, 0x00, 0x00, 0x00, 
    0x00, 0x00, 0x00, 0x00, 0x00, 0x00, 0x00, 0x00, 0x00, 0x00, 0x00, 0x00, 0x00, 0x00, 0x00, 0x00, 
    0x00, 0x00, 0x00, 0x00, 0x00, 0x00, 0x00, 0x00, 0x00, 0x00, 0x00, 0x00, 0x00, 0x00, 0x00, 0x00, 
    0x00, 0x00, 0x00, 0x00, 0x00, 0x00, 0x00, 0x00, 0x00, 0x00, 0x00, 0x00, 0x00, 0x00, 0x00, 0x00, 
    0x00, 0x00, 0x00, 0x00, 0x00, 0x00, 0x00, 0x00, 0x00, 0x00, 0x00, 0x00, 0x00, 0x00, 0x00, 0x00, 
    0x00, 0x00, 0x00, 0x00, 0x00, 0x00, 0x00, 0x00, 0x00, 0x00, 0x00, 0x00, 0x00, 0x00, 0x00, 0x00, 
    0x00, 0x00, 0x00, 0x00, 0x00, 0x00, 0x00, 0x00, 0x00, 0x00, 0x00, 0x00, 0x00, 0x00, 0x00, 0x00, 
    0x00, 0x00, 0x00, 0x00, 0x00, 0x00, 0x00, 0x00, 0x00, 0x00, 0x00, 0x00, 0x00, 0x00, 0x00, 0x00, 
    0x00, 0x00, 0x00, 0x00, 0x00, 0x00, 0x00, 0x00, 0x00, 0x00, 0x00, 0x00, 0x00, 0x00, 0x00, 0x00, 
    0x00, 0x00, 0x00, 0x00, 0x00, 0x00, 0x00, 0x00, 0x00, 0x00, 0x00, 0x00, 0x00, 0x00, 0x00, 0x00, 
    0x00, 0x00, 0x00, 0x00, 0x00, 0x00, 0x00, 0x00, 0x00, 0x00, 0x00, 0x00, 0x00, 0x00, 0x00, 0x00, 
    0x00, 0x00, 0x00, 0x00, 0x00, 0x00, 0x00, 0x00, 0x00, 0x00, 0x00, 0x00, 0x00, 0x00, 0x00, 0x00, 
    0x00, 0x00, 0x00, 0x00, 0x00, 0x00, 0x00, 0x00, 0x00, 0x00, 0x00, 0x00, 0x00, 0x00, 0x00, 0x00, 
    0x00, 0x00, 0x00, 0x00, 0x00, 0x00, 0x00, 0x00, 0x00, 0x00, 0x00, 0x00, 0x00, 0x00, 0x00, 0x00, 
    0x00, 0x00, 0x00, 0x00, 0x00, 0x00, 0x00, 0x00, 0x00, 0x00, 0x00, 0x00, 0x00, 0x00, 0x00, 0x00, 
    0x00, 0x00, 0x00, 0x00, 0x00, 0x00, 0x00, 0x00, 0x00, 0x00, 0x00, 0x00, 0x00, 0x00, 0x00, 0x00, 
    0x00, 0x00, 0x00, 0x00, 0x00, 0x00, 0x00, 0x00, 0x00, 0x00, 0x00, 0x00, 0x00, 0x00, 0x00, 0x00, 
    0x00, 0x00, 0x00, 0x00, 0x00, 0x00, 0x00, 0x00, 0x00, 0x00, 0x00, 0x00, 0x00, 0x00, 0x00, 0x00, 
    0x00, 0x00, 0x00, 0x00, 0x00, 0x00, 0x00, 0x00, 0x00, 0x00, 0x00, 0x00, 0x00, 0x00, 0x00, 0x00, 
    0x00, 0x00, 0x00, 0x00, 0x00, 0x00, 0x00, 0x00, 0x00, 0x00, 0x00, 0x00, 0x00, 0x00, 0x00, 0x00, 
    0x00, 0x00, 0x00, 0x00, 0x00, 0x00, 0x00, 0x00, 0x00, 0x00, 0x00, 0x00, 0x00, 0x00, 0x00, 0x00, 
    0x00, 0x00, 0x00, 0x00, 0x00, 0x00, 0x00, 0x00, 0x00, 0x00, 0x00, 0x00, 0x00, 0x00, 0x00, 0x00, 
    0x00, 0x00, 0x00, 0x00, 0x00, 0x00, 0x00, 0x00, 0x00, 0x00, 0x00, 0x00, 0x00, 0x00, 0x00, 0x00, 
    0x00, 0x00, 0x00, 0x00, 0x00, 0x00, 0x00, 0x00, 0x00, 0x00, 0x00, 0x00, 0x00, 0x00, 0x00, 0x00, 
    0x00, 0x00, 0x00, 0x00, 0x00, 0x00, 0x00, 0x00, 0x00, 0x00, 0x00, 0x00, 0x00, 0x00, 0x00, 0x00, 
    0x00, 0x00, 0x00, 0x00, 0x00, 0x00, 0x00, 0x00, 0x00, 0x00, 0x00, 0x00, 0x00, 0x00, 0x00, 0x00, 
    0x00, 0x00, 0x00, 0x00, 0x00, 0x00, 0x00, 0x00, 0x00, 0x00, 0x00, 0x00, 0x00, 0x00, 0x00, 0x00, 
    0x00, 0x00, 0x00, 0x00, 0x00, 0x00, 0x00, 0x00, 0x00, 0x00, 0x00, 0x00, 0x00, 0x00, 0x00, 0x00, 
    0x00, 0x00, 0x00, 0x00, 0x00, 0x00, 0x00, 0x00, 0x00, 0x00, 0x00, 0x00, 0x00, 0x00, 0x00, 0x00, 
    0x00, 0x00, 0x00, 0x00, 0x00, 0x00, 0x00, 0x00, 0x00, 0x00, 0x00, 0x00, 0x00, 0x00, 0x00, 0x00, 
    0x00, 0x00, 0x00, 0x00, 0x00, 0x00, 0x00, 0x00, 0x00, 0x00, 0x00, 0x00, 0x00, 0x00, 0x00, 0x00, 
    0x00, 0x00, 0x00, 0x00, 0x00, 0x00, 0x00, 0x00, 0x00, 0x00, 0x00, 0x00, 0x00, 0x00, 0x00, 0x00, 
    0x00, 0x00, 0x00, 0x00, 0x00, 0x00, 0x00, 0x00, 0x00, 0x00, 0x00, 0x00, 0x00, 0x00, 0x00, 0x00, 
    0x00, 0x00, 0x00, 0x00, 0x00, 0x00, 0x00, 0x00, 0x00, 0x00, 0x00, 0x00, 0x00, 0x00, 0x00, 0x00, 
    0x00, 0x00, 0x00, 0x00, 0x00, 0x00, 0x00, 0x00, 0x00, 0x00, 0x00, 0x00, 0x00, 0x00, 0x00, 0x00, 
    0x00, 0x00, 0x00, 0x00, 0x00, 0x00, 0x00, 0x00, 0x00, 0x00, 0x00, 0x00, 0x00, 0x00, 0x00, 0x00, 
    0x00, 0x00, 0x00, 0x00, 0x00, 0x00, 0x00, 0x00, 0x00, 0x00, 0x00, 0x00, 0x00, 0x00, 0x00, 0x00, 
    0x00, 0x00, 0x00, 0x00, 0x00, 0x00, 0x00, 0x00, 0x00, 0x00, 0x00, 0x00, 0x00, 0x00, 0x00, 0x00, 
    0x00, 0x00, 0x00, 0x00, 0x00, 0x00, 0x00, 0x00, 0x00, 0x00, 0x00, 0x00, 0x00, 0x00, 0x00, 0x00, 
    0x00, 0x00, 0x00, 0x00, 0x00, 0x00, 0x00, 0x00, 0x00, 0x00, 0x00, 0x00, 0x00, 0x00, 0x00, 0x00, 
    0x00, 0x00, 0x00, 0x00, 0x00, 0x00, 0x00, 0x00, 0x00, 0x00, 0x00, 0x00, 0x00, 0x00, 0x00, 0x00, 
    0x00, 0x00, 0x00, 0x00, 0x00, 0x00, 0x00, 0x00, 0x00, 0x00, 0x00, 0x00, 0x00, 0x00, 0x00, 0x00, 
    0x00, 0x00, 0x00, 0x00, 0x00, 0x00, 0x00, 0x00, 0x00, 0x00, 0x00, 0x00, 0x00, 0x00, 0x00, 0x00, 
    0x00, 0x00, 0x00, 0x00, 0x00, 0x00, 0x00, 0x00, 0x00, 0x00, 0x00, 0x00, 0x00, 0x00, 0x00, 0x00, 
    0x00, 0x00, 0x00, 0x00, 0x00, 0x00, 0x00, 0x00, 0x00, 0x00, 0x00, 0x00, 0x00, 0x00, 0x00, 0x00, 
    0x00, 0x00, 0x00, 0x00, 0x00, 0x00, 0x00, 0x00, 0x00, 0x00, 0x00, 0x00, 0x00, 0x00, 0x00, 0x00, 
    0x00, 0x00, 0x00, 0x00, 0x00, 0x00, 0x00, 0x00, 0x00, 0x00, 0x00, 0x00, 0x00, 0x00, 0x00, 0x00, 
    0x00, 0x00, 0x00, 0x00, 0x00, 0x00, 0x00, 0x00, 0x00, 0x00, 0x00, 0x00, 0x00, 0x00, 0x00, 0x00, 
    0x00, 0x00, 0x00, 0x00, 0x00, 0x00, 0x00, 0x00, 0x00, 0x00, 0x00, 0x00, 0x00, 0x00, 0x00, 0x00, 
    0x00, 0x00, 0x00, 0x00, 0x00, 0x00, 0x00, 0x00, 0x00, 0x00, 0x00, 0x00, 0x00, 0x00, 0x00, 0x00, 
    0x00, 0x00, 0x00, 0x00, 0x00, 0x00, 0x00, 0x00, 0x00, 0x00, 0x00, 0x00, 0x00, 0x00, 0x00, 0x00, 
    0x00, 0x00, 0x00, 0x00, 0x00, 0x00, 0x00, 0x00, 0x00, 0x00, 0x00, 0x00, 0x00, 0x00, 0x00, 0x00, 
    0x00, 0x00, 0x00, 0x00, 0x00, 0x00, 0x00, 0x00, 0x00, 0x00, 0x00, 0x00, 0x00, 0x00, 0x00, 0x00, 
    0x00, 0x00, 0x00, 0x00, 0x00, 0x00, 0x00, 0x00, 0x00, 0x00, 0x00, 0x00, 0x00, 0x00, 0x00, 0x00, 
    0x00, 0x00, 0x00, 0x00, 0x00, 0x00, 0x00, 0x00, 0x00, 0x00, 0x00, 0x00, 0x00, 0x00, 0x00, 0x00, 
    0x00, 0x00, 0x00, 0x00, 0x00, 0x00, 0x00, 0x00, 0x00, 0x00, 0x00, 0x00, 0x00, 0x00, 0x00, 0x00, 
    0x00, 0x00, 0x00, 0x00, 0x00, 0x00, 0x00, 0x00, 0x00, 0x00, 0x00, 0x00, 0x00, 0x00, 0x00, 0x00, 
    0x00, 0x00, 0x00, 0x00, 0x00, 0x00, 0x00, 0x00, 0x00, 0x00, 0x00, 0x00, 0x00, 0x00, 0x00, 0x00, 
    0x00, 0x00, 0x00, 0x00, 0x00, 0x00, 0x00, 0x00, 0x00, 0x00, 0x00, 0x00, 0x00, 0x00, 0x00, 0x00, 
    0x00, 0x00, 0x00, 0x00, 0x00, 0x00, 0x00, 0x00, 0x00, 0x00, 0x00, 0x00, 0x00, 0x00, 0x00, 0x00, 
    0x00, 0x00, 0x00, 0x00, 0x00, 0x00, 0x00, 0x00, 0x00, 0x00, 0x00, 0x00, 0x00, 0x00, 0x00, 0x00, 
    0x00, 0x00, 0x00, 0x00, 0x00, 0x00, 0x00, 0x00, 0x00, 0x00, 0x00, 0x00, 0x00, 0x00, 0x00, 0x00, 
    0x00, 0x00, 0x00, 0x00, 0x00, 0x00, 0x00, 0x00, 0x00, 0x00, 0x00, 0x00, 0x00, 0x00, 0x00, 0x00, 
    0x00, 0x00, 0x00, 0x00, 0x00, 0x00, 0x00, 0x00, 0x00, 0x00, 0x00, 0x00, 0x00, 0x00, 0x00, 0x00, 
    0x00, 0x00, 0x00, 0x00, 0x00, 0x00, 0x00, 0x00, 0x00, 0x00, 0x00, 0x00, 0x00, 0x00, 0x00, 0x00, 
    0x00, 0x00, 0x00, 0x00, 0x00, 0x00, 0x00, 0x00, 0x00, 0x00, 0x00, 0x00, 0x00, 0x00, 0x00, 0x00, 
    0x00, 0x00, 0x00, 0x00, 0x00, 0x00, 0x00, 0x00, 0x00, 0x00, 0x00, 0x00, 0x00, 0x00, 0x00, 0x00, 
    0x00, 0x00, 0x00, 0x00, 0x00, 0x00, 0x00, 0x00, 0x00, 0x00, 0x00, 0x00, 0x00, 0x00, 0x00, 0x00, 
    0x00, 0x00, 0x00, 0x00, 0x00, 0x00, 0x00, 0x00, 0x00, 0x00, 0x00, 0x00, 0x00, 0x00, 0x00, 0x00, 
    0x00, 0x00, 0x00, 0x00, 0x00, 0x00, 0x00, 0x00, 0x00, 0x00, 0x00, 0x00, 0x00, 0x00, 0x00, 0x00, 
    0x00, 0x00, 0x00, 0x00, 0x00, 0x00, 0x00, 0x00, 0x00, 0x00, 0x00, 0x00, 0x00, 0x00, 0x00, 0x00, 
    0x00, 0x00, 0x00, 0x00, 0x00, 0x00, 0x00, 0x00, 0x00, 0x00, 0x00, 0x00, 0x00, 0x00, 0x00, 0x00, 
    0x00, 0x00, 0x00, 0x00, 0x00, 0x00, 0x00, 0x00, 0x00, 0x00, 0x00, 0x00, 0x00, 0x00, 0x00, 0x00, 
    0x00, 0x00, 0x00, 0x00, 0x00, 0x00, 0x00, 0x00, 0x00, 0x00, 0x00, 0x00, 0x00, 0x00, 0x00, 0x00, 
    0x00, 0x00, 0x00, 0x00, 0x00, 0x00, 0x00, 0x00, 0x00, 0x00, 0x00, 0x00, 0x00, 0x00, 0x00, 0x00, 
    0x00, 0x00, 0x00, 0x00, 0x00, 0x00, 0x00, 0x00, 0x00, 0x00, 0x00, 0x00, 0x00, 0x00, 0x00, 0x00, 
    0x00, 0x00, 0x00, 0x00, 0x00, 0x00, 0x00, 0x00, 0x00, 0x00, 0x00, 0x00, 0x00, 0x00, 0x00, 0x00, 
    0x00, 0x00, 0x00, 0x00, 0x00, 0x00, 0x00, 0x00, 0x00, 0x00, 0x00, 0x00, 0x00, 0x00, 0x00, 0x00, 
    0x00, 0x00, 0x00, 0x00, 0x00, 0x00, 0x00, 0x00, 0x00, 0x00, 0x00, 0x00, 0x00, 0x00, 0x00, 0x00, 
    0x00, 0x00, 0x00, 0x00, 0x00, 0x00, 0x00, 0x00, 0x00, 0x00, 0x00, 0x00, 0x00, 0x00, 0x00, 0x00, 
    0x00, 0x00, 0x00, 0x00, 0x00, 0x00, 0x00, 0x00, 0x00, 0x00, 0x00, 0x00, 0x00, 0x00, 0x00, 0x00, 
    0x00, 0x00, 0x00, 0x00, 0x00, 0x00, 0x00, 0x00, 0x00, 0x00, 0x00, 0x00, 0x00, 0x00, 0x00, 0x00, 
    0x00, 0x00, 0x00, 0x00, 0x00, 0x00, 0x00, 0x00, 0x00, 0x00, 0x00, 0x00, 0x00, 0x00, 0x00, 0x00, 
    0x00, 0x00, 0x00, 0x00, 0x00, 0x00, 0x00, 0x00, 0x00, 0x00, 0x00, 0x00, 0x00, 0x00, 0x00, 0x00, 
    0x00, 0x00, 0x00, 0x00, 0x00, 0x00, 0x00, 0x00, 0x00, 0x00, 0x00, 0x00, 0x00, 0x00, 0x00, 0x00, 
    0x00, 0x00, 0x00, 0x00, 0x00, 0x00, 0x00, 0x00, 0x00, 0x00, 0x00, 0x00, 0x00, 0x00, 0x00, 0x00, 
    0x00, 0x00, 0x00, 0x00, 0x00, 0x00, 0x00, 0x00, 0x00, 0x00, 0x00, 0x00, 0x00, 0x00, 0x00, 0x00, 
    0x00, 0x00, 0x00, 0x00, 0x00, 0x00, 0x00, 0x00, 0x00, 0x00, 0x00, 0x00, 0x00, 0x00, 0x00, 0x00, 
    0x00, 0x00, 0x00, 0x00, 0x00, 0x00, 0x00, 0x00, 0x00, 0x00, 0x00, 0x00, 0x00, 0x00, 0x00, 0x00, 
    0x00, 0x00, 0x00, 0x00, 0x00, 0x00, 0x00, 0x00, 0x00, 0x00, 0x00, 0x00, 0x00, 0x00, 0x00, 0x00, 
    0x00, 0x00, 0x00, 0x00, 0x00, 0x00, 0x00, 0x00, 0x00, 0x00, 0x00, 0x00, 0x00, 0x00, 0x00, 0x00, 
    0x00, 0x00, 0x00, 0x00, 0x00, 0x00, 0x00, 0x00, 0x00, 0x00, 0x00, 0x00, 0x00, 0x00, 0x00, 0x00, 
    0x00, 0x00, 0x00, 0x00, 0x00, 0x00, 0x00, 0x00, 0x00, 0x00, 0x00, 0x00, 0x00, 0x00, 0x00, 0x00, 
    0x00, 0x00, 0x00, 0x00, 0x00, 0x00, 0x00, 0x00, 0x00, 0x00, 0x00, 0x00, 0x00, 0x00, 0x00, 0x00, 
    0x00, 0x00, 0x00, 0x00, 0x00, 0x00, 0x00, 0x00, 0x00, 0x00, 0x00, 0x00, 0x00, 0x00, 0x00, 0x00, 
    0x00, 0x00, 0x00, 0x00, 0x00, 0x00, 0x00, 0x00, 0x00, 0x00, 0x00, 0x00, 0x00, 0x00, 0x00, 0x00, 
    0x00, 0x00, 0x00, 0x00, 0x00, 0x00, 0x00, 0x00, 0x00, 0x00, 0x00, 0x00, 0x00, 0x00, 0x00, 0x00, 
    0x00, 0x00, 0x00, 0x00, 0x00, 0x00, 0x00, 0x00, 0x00, 0x00, 0x00, 0x00, 0x00, 0x00, 0x00, 0x00, 
    0x00, 0x00, 0x00, 0x00, 0x00, 0x00, 0x00, 0x00, 0x00, 0x00, 0x00, 0x00, 0x00, 0x00, 0x00, 0x00, 
    0x00, 0x00, 0x00, 0x00, 0x00, 0x00, 0x00, 0x00, 0x00, 0x00, 0x00, 0x00, 0x00, 0x00, 0x00, 0x00, 
    0x00, 0x00, 0x00, 0x00, 0x00, 0x00, 0x00, 0x00, 0x00, 0x00, 0x00, 0x00, 0x00, 0x00, 0x00, 0x00, 
    0x00, 0x00, 0x00, 0x00, 0x00, 0x00, 0x00, 0x00, 0x00, 0x00, 0x00, 0x00, 0x00, 0x00, 0x00, 0x00, 
    0x00, 0x00, 0x00, 0x00, 0x00, 0x00, 0x00, 0x00, 0x00, 0x00, 0x00, 0x00, 0x00, 0x00, 0x00, 0x00, 
    0x00, 0x00, 0x00, 0x00, 0x00, 0x00, 0x00, 0x00, 0x00, 0x00, 0x00, 0x00, 0x00, 0x00, 0x00, 0x00, 
    0x00, 0x00, 0x00, 0x00, 0x00, 0x00, 0x00, 0x00, 0x00, 0x00, 0x00, 0x00, 0x00, 0x00, 0x00, 0x00, 
    0x00, 0x00, 0x00, 0x00, 0x00, 0x00, 0x00, 0x00, 0x00, 0x00, 0x00, 0x00, 0x00, 0x00, 0x00, 0x00, 
    0x00, 0x00, 0x00, 0x00, 0x00, 0x00, 0x00, 0x00, 0x00, 0x00, 0x00, 0x00, 0x00, 0x00, 0x00, 0x00, 
    0x00, 0x00, 0x00, 0x00, 0x00, 0x00, 0x00, 0x00, 0x00, 0x00, 0x00, 0x00, 0x00, 0x00, 0x00, 0x00, 
    0x00, 0x00, 0x00, 0x00, 0x00, 0x00, 0x00, 0x00, 0x00, 0x00, 0x00, 0x00, 0x00, 0x00, 0x00, 0x00, 
    0x00, 0x00, 0x00, 0x00, 0x00, 0x00, 0x00, 0x00, 0x00, 0x00, 0x00, 0x00, 0x00, 0x00, 0x00, 0x00, 
    0x00, 0x00, 0x00, 0x00, 0x00, 0x00, 0x00, 0x00, 0x00, 0x00, 0x00, 0x00, 0x00, 0x00, 0x00, 0x00, 
    0x00, 0x00, 0x00, 0x00, 0x00, 0x00, 0x00, 0x00, 0x00, 0x00, 0x00, 0x00, 0x00, 0x00, 0x00, 0x00, 
    0x00, 0x00, 0x00, 0x00, 0x00, 0x00, 0x00, 0x00, 0x00, 0x00, 0x00, 0x00, 0x00, 0x00, 0x00, 0x00, 
    0x00, 0x00, 0x00, 0x00, 0x00, 0x00, 0x00, 0x00, 0x00, 0x00, 0x00, 0x00, 0x00, 0x00, 0x00, 0x00, 
    0x00, 0x00, 0x00, 0x00, 0x00, 0x00, 0x00, 0x00, 0x00, 0x00, 0x00, 0x00, 0x00, 0x00, 0x00, 0x00, 
    0x00, 0x00, 0x00, 0x00, 0x00, 0x00, 0x00, 0x00, 0x00, 0x00, 0x00, 0x00, 0x00, 0x00, 0x00, 0x00, 
    0x00, 0x00, 0x00, 0x00, 0x00, 0x00, 0x00, 0x00, 0x00, 0x00, 0x00, 0x00, 0x00, 0x00, 0x00, 0x00, 
    0x00, 0x00, 0x00, 0x00, 0x00, 0x00, 0x00, 0x00, 0x00, 0x00, 0x00, 0x00, 0x00, 0x00, 0x00, 0x00, 
    0x00, 0x00, 0x00, 0x00, 0x00, 0x00, 0x00, 0x00, 0x00, 0x00, 0x00, 0x00, 0x00, 0x00, 0x00, 0x00, 
    0x00, 0x00, 0x00, 0x00, 0x00, 0x00, 0x00, 0x00, 0x00, 0x00, 0x00, 0x00, 0x00, 0x00, 0x00, 0x00, 
    0x00, 0x00, 0x00, 0x00, 0x00, 0x00, 0x00, 0x00, 0x00, 0x00, 0x00, 0x00, 0x00, 0x00, 0x00, 0x00, 
    0x00, 0x00, 0x00, 0x00, 0x00, 0x00, 0x00, 0x00, 0x00, 0x00, 0x00, 0x00, 0x00, 0x00, 0x00, 0x00, 
    0x00, 0x00, 0x00, 0x00, 0x00, 0x00, 0x00, 0x00, 0x00, 0x00, 0x00, 0x00, 0x00, 0x00, 0x00, 0x00, 
    0x00, 0x00, 0x00, 0x00, 0x00, 0x00, 0x00, 0x00, 0x00, 0x00, 0x00, 0x00, 0x00, 0x00, 0x00, 0x00, 
    0x00, 0x00, 0x00, 0x00, 0x00, 0x00, 0x00, 0x00, 0x00, 0x00, 0x00, 0x00, 0x00, 0x00, 0x00, 0x00, 
    0x00, 0x00, 0x00, 0x00, 0x00, 0x00, 0x00, 0x00, 0x00, 0x00, 0x00, 0x00, 0x00, 0x00, 0x00, 0x00, 
    0x00, 0x00, 0x00, 0x00, 0x00, 0x00, 0x00, 0x00, 0x00, 0x00, 0x00, 0x00, 0x00, 0x00, 0x00, 0x00, 
    0x00, 0x00, 0x00, 0x00, 0x00, 0x00, 0x00, 0x00, 0x00, 0x00, 0x00, 0x00, 0x00, 0x00, 0x00, 0x00, 
    0x00, 0x00, 0x00, 0x00, 0x00, 0x00, 0x00, 0x00, 0x00, 0x00, 0x00, 0x00, 0x00, 0x00, 0x00, 0x00, 
    0x00, 0x00, 0x00, 0x00, 0x00, 0x00, 0x00, 0x00, 0x00, 0x00, 0x00, 0x00, 0x00, 0x00, 0x00, 0x00, 
    0x00, 0x00, 0x00, 0x00, 0x00, 0x00, 0x00, 0x00, 0x00, 0x00, 0x00, 0x00, 0x00, 0x00, 0x00, 0x00, 
    0x00, 0x00, 0x00, 0x00, 0x00, 0x00, 0x00, 0x00, 0x00, 0x00, 0x00, 0x00, 0x00, 0x00, 0x00, 0x00, 
    0x00, 0x00, 0x00, 0x00, 0x00, 0x00, 0x00, 0x00, 0x00, 0x00, 0x00, 0x00, 0x00, 0x00, 0x00, 0x00, 
    0x00, 0x00, 0x00, 0x00, 0x00, 0x00, 0x00, 0x00, 0x00, 0x00, 0x00, 0x00, 0x00, 0x00, 0x00, 0x00, 
    0x00, 0x00, 0x00, 0x00, 0x00, 0x00, 0x00, 0x00, 0x00, 0x00, 0x00, 0x00, 0x00, 0x00, 0x00, 0x00, 
    0x00, 0x00, 0x00, 0x00, 0x00, 0x00, 0x00, 0x00, 0x00, 0x00, 0x00, 0x00, 0x00, 0x00, 0x00, 0x00, 
    0x00, 0x00, 0x00, 0x00, 0x00, 0x00, 0x00, 0x00, 0x00, 0x00, 0x00, 0x00, 0x00, 0x00, 0x00, 0x00, 
    0x00, 0x00, 0x00, 0x00, 0x00, 0x00, 0x00, 0x00, 0x00, 0x00, 0x00, 0x00, 0x00, 0x00, 0x00, 0x00, 
    0x00, 0x00, 0x00, 0x00, 0x00, 0x00, 0x00, 0x00, 0x00, 0x00, 0x00, 0x00, 0x00, 0x00, 0x00, 0x00, 
    0x00, 0x00, 0x00, 0x00, 0x00, 0x00, 0x00, 0x00, 0x00, 0x00, 0x00, 0x00, 0x00, 0x00, 0x00, 0x00, 
    0x00, 0x00, 0x00, 0x00, 0x00, 0x00, 0x00, 0x00, 0x00, 0x00, 0x00, 0x00, 0x00, 0x00, 0x00, 0x00, 
    0x00, 0x00, 0x00, 0x00, 0x00, 0x00, 0x00, 0x00, 0x00, 0x00, 0x00, 0x00, 0x00, 0x00, 0x00, 0x00, 
    0x00, 0x00, 0x00, 0x00, 0x00, 0x00, 0x00, 0x00, 0x00, 0x00, 0x00, 0x00, 0x00, 0x00, 0x00, 0x00, 
    0x00, 0x00, 0x00, 0x00, 0x00, 0x00, 0x00, 0x00, 0x00, 0x00, 0x00, 0x00, 0x00, 0x00, 0x00, 0x00, 
    0x00, 0x00, 0x00, 0x00, 0x00, 0x00, 0x00, 0x00, 0x00, 0x00, 0x00, 0x00, 0x00, 0x00, 0x00, 0x00, 
    0x00, 0x00, 0x00, 0x00, 0x00, 0x00, 0x00, 0x00, 0x00, 0x00, 0x00, 0x00, 0x00, 0x00, 0x00, 0x00, 
    0x00, 0x00, 0x00, 0x00, 0x00, 0x00, 0x00, 0x00, 0x00, 0x00, 0x00, 0x00, 0x00, 0x00, 0x00, 0x00, 
    0x00, 0x00, 0x00, 0x00, 0x00, 0x00, 0x00, 0x00, 0x00, 0x00, 0x00, 0x00, 0x00, 0x00, 0x00, 0x00, 
    0x00, 0x00, 0x00, 0x00, 0x00, 0x00, 0x00, 0x00, 0x00, 0x00, 0x00, 0x00, 0x00, 0x00, 0x00, 0x00, 
    0x00, 0x00, 0x00, 0x00, 0x00, 0x00, 0x00, 0x00, 0x00, 0x00, 0x00, 0x00, 0x00, 0x00, 0x00, 0x00, 
    0x00, 0x00, 0x00, 0x00, 0x00, 0x00, 0x00, 0x00, 0x00, 0x00, 0x00, 0x00, 0x00, 0x00, 0x00, 0x00, 
    0x00, 0x00, 0x00, 0x00, 0x00, 0x00, 0x00, 0x00, 0x00, 0x00, 0x00, 0x00, 0x00, 0x00, 0x00, 0x00, 
    0x00, 0x00, 0x00, 0x00, 0x00, 0x00, 0x00, 0x00, 0x00, 0x00, 0x00, 0x00, 0x00, 0x00, 0x00, 0x00, 
    0x00, 0x00, 0x00, 0x00, 0x00, 0x00, 0x00, 0x00, 0x00, 0x00, 0x00, 0x00, 0x00, 0x00, 0x00, 0x00, 
    0x00, 0x00, 0x00, 0x00, 0x00, 0x00, 0x00, 0x00, 0x00, 0x00, 0x00, 0x00, 0x00, 0x00, 0x00, 0x00, 
    0x00, 0x00, 0x00, 0x00, 0x00, 0x00, 0x00, 0x00, 0x00, 0x00, 0x00, 0x00, 0x00, 0x00, 0x00, 0x00, 
    0x00, 0x00, 0x00, 0x00, 0x00, 0x00, 0x00, 0x00, 0x00, 0x00, 0x00, 0x00, 0x00, 0x00, 0x00, 0x00, 
    0x00, 0x00, 0x00, 0x00, 0x00, 0x00, 0x00, 0x00, 0x00, 0x00, 0x00, 0x00, 0x00, 0x00, 0x00, 0x00, 
    0x00, 0x00, 0x00, 0x00, 0x00, 0x00, 0x00, 0x00, 0x00, 0x00, 0x00, 0x00, 0x00, 0x00, 0x00, 0x00, 
    0x00, 0x00, 0x00, 0x00, 0x00, 0x00, 0x00, 0x00, 0x00, 0x00, 0x00, 0x00, 0x00, 0x00, 0x00, 0x00, 
    0x00, 0x00, 0x00, 0x00, 0x00, 0x00, 0x00, 0x00, 0x00, 0x00, 0x00, 0x00, 0x00, 0x00, 0x00, 0x00, 
    0x00, 0x00, 0x00, 0x00, 0x00, 0x00, 0x00, 0x00, 0x00, 0x00, 0x00, 0x00, 0x00, 0x00, 0x00, 0x00, 
    0x00, 0x00, 0x00, 0x00, 0x00, 0x00, 0x00, 0x00, 0x00, 0x00, 0x00, 0x00, 0x00, 0x00, 0x00, 0x00, 
    0x00, 0x00, 0x00, 0x00, 0x00, 0x00, 0x00, 0x00, 0x00, 0x00, 0x00, 0x00, 0x00, 0x00, 0x00, 0x00, 
    0x00, 0x00, 0x00, 0x00, 0x00, 0x00, 0x00, 0x00, 0x00, 0x00, 0x00, 0x00, 0x00, 0x00, 0x00, 0x00, 
    0x00, 0x00, 0x00, 0x00, 0x00, 0x00, 0x00, 0x00, 0x00, 0x00, 0x00, 0x00, 0x00, 0x00, 0x00, 0x00, 
    0x00, 0x00, 0x00, 0x00, 0x00, 0x00, 0x00, 0x00, 0x00, 0x00, 0x00, 0x00, 0x00, 0x00, 0x00, 0x00, 
    0x00, 0x00, 0x00, 0x00, 0x00, 0x00, 0x00, 0x00, 0x00, 0x00, 0x00, 0x00, 0x00, 0x00, 0x00, 0x00, 
    0x00, 0x00, 0x00, 0x00, 0x00, 0x00, 0x00, 0x00, 0x00, 0x00, 0x00, 0x00, 0x00, 0x00, 0x00, 0x00, 
    0x00, 0x00, 0x00, 0x00, 0x00, 0x00, 0x00, 0x00, 0x00, 0x00, 0x00, 0x00, 0x00, 0x00, 0x00, 0x00, 
    0x00, 0x00, 0x00, 0x00, 0x00, 0x00, 0x00, 0x00, 0x00, 0x00, 0x00, 0x00, 0x00, 0x00, 0x00, 0x00, 
    0x00, 0x00, 0x00, 0x00, 0x00, 0x00, 0x00, 0x00, 0x00, 0x00, 0x00, 0x00, 0x00, 0x00, 0x00, 0x00, 
    0x00, 0x00, 0x00, 0x00, 0x00, 0x00, 0x00, 0x00, 0x00, 0x00, 0x00, 0x00, 0x00, 0x00, 0x00, 0x00, 
    0x00, 0x00, 0x00, 0x00, 0x00, 0x00, 0x00, 0x00, 0x00, 0x00, 0x00, 0x00, 0x00, 0x00, 0x00, 0x00, 
    0x00, 0x00, 0x00, 0x00, 0x00, 0x00, 0x00, 0x00, 0x00, 0x00, 0x00, 0x00, 0x00, 0x00, 0x00, 0x00, 
    0x00, 0x00, 0x00, 0x00, 0x00, 0x00, 0x00, 0x00, 0x00, 0x00, 0x00, 0x00, 0x00, 0x00, 0x00, 0x00, 
    0x00, 0x00, 0x00, 0x00, 0x00, 0x00, 0x00, 0x00, 0x00, 0x00, 0x00, 0x00, 0x00, 0x00, 0x00, 0x00, 
    0x00, 0x00, 0x00, 0x00, 0x00, 0x00, 0x00, 0x00, 0x00, 0x00, 0x00, 0x00, 0x00, 0x00, 0x00, 0x00, 
    0x00, 0x00, 0x00, 0x00, 0x00, 0x00, 0x00, 0x00, 0x00, 0x00, 0x00, 0x00, 0x00, 0x00, 0x00, 0x00, 
    0x00, 0x00, 0x00, 0x00, 0x00, 0x00, 0x00, 0x00, 0x00, 0x00, 0x00, 0x00, 0x00, 0x00, 0x00, 0x00, 
    0x00, 0x00, 0x00, 0x00, 0x00, 0x00, 0x00, 0x00, 0x00, 0x00, 0x00, 0x00, 0x00, 0x00, 0x00, 0x00, 
    0x00, 0x00, 0x00, 0x00, 0x00, 0x00, 0x00, 0x00, 0x00, 0x00, 0x00, 0x00, 0x00, 0x00, 0x00, 0x00, 
    0x00, 0x00, 0x00, 0x00, 0x00, 0x00, 0x00, 0x00, 0x00, 0x00, 0x00, 0x00, 0x00, 0x00, 0x00, 0x00, 
    0x00, 0x00, 0x00, 0x00, 0x00, 0x00, 0x00, 0x00, 0x00, 0x00, 0x00, 0x00, 0x00, 0x00, 0x00, 0x00, 
    0x00, 0x00, 0x00, 0x00, 0x00, 0x00, 0x00, 0x00, 0x00, 0x00, 0x00, 0x00, 0x00, 0x00, 0x00, 0x00, 
    0x00, 0x00, 0x00, 0x00, 0x00, 0x00, 0x00, 0x00, 0x00, 0x00, 0x00, 0x00, 0x00, 0x00, 0x00, 0x00, 
    0x00, 0x00, 0x00, 0x00, 0x00, 0x00, 0x00, 0x00, 0x00, 0x00, 0x00, 0x00, 0x00, 0x00, 0x00, 0x00, 
    0x00, 0x00, 0x00, 0x00, 0x00, 0x00, 0x00, 0x00, 0x00, 0x00, 0x00, 0x00, 0x00, 0x00, 0x00, 0x00, 
    0x00, 0x00, 0x00, 0x00, 0x00, 0x00, 0x00, 0x00, 0x00, 0x00, 0x00, 0x00, 0x00, 0x00, 0x00, 0x00, 
    0x00, 0x00, 0x00, 0x00, 0x00, 0x00, 0x00, 0x00, 0x00, 0x00, 0x00, 0x00, 0x00, 0x00, 0x00, 0x00, 
    0x00, 0x00, 0x00, 0x00, 0x00, 0x00, 0x00, 0x00, 0x00, 0x00, 0x00, 0x00, 0x00, 0x00, 0x00, 0x00, 
    0x00, 0x00, 0x00, 0x00, 0x00, 0x00, 0x00, 0x00, 0x00, 0x00, 0x00, 0x00, 0x00, 0x00, 0x00, 0x00, 
    0x00, 0x00, 0x00, 0x00, 0x00, 0x00, 0x00, 0x00, 0x00, 0x00, 0x00, 0x00, 0x00, 0x00, 0x00, 0x00, 
    0x00, 0x00, 0x00, 0x00, 0x00, 0x00, 0x00, 0x00, 0x00, 0x00, 0x00, 0x00, 0x00, 0x00, 0x00, 0x00, 
    0x00, 0x00, 0x00, 0x00, 0x00, 0x00, 0x00, 0x00, 0x00, 0x00, 0x00, 0x00, 0x00, 0x00, 0x00, 0x00, 
    0x00, 0x00, 0x00, 0x00, 0x00, 0x00, 0x00, 0x00, 0x00, 0x00, 0x00, 0x00, 0x00, 0x00, 0x00, 0x00, 
    0x00, 0x00, 0x00, 0x00, 0x00, 0x00, 0x00, 0x00, 0x00, 0x00, 0x00, 0x00, 0x00, 0x00, 0x00, 0x00, 
    0x00, 0x00, 0x00, 0x00, 0x00, 0x00, 0x00, 0x00, 0x00, 0x00, 0x00, 0x00, 0x00, 0x00, 0x00, 0x00, 
    0x00, 0x00, 0x00, 0x00, 0x00, 0x00, 0x00, 0x00, 0x00, 0x00, 0x00, 0x00, 0x00, 0x00, 0x00, 0x00, 
    0x00, 0x00, 0x00, 0x00, 0x00, 0x00, 0x00, 0x00, 0x00, 0x00, 0x00, 0x00, 0x00, 0x00, 0x00, 0x00, 
    0x00, 0x00, 0x00, 0x00, 0x00, 0x00, 0x00, 0x00, 0x00, 0x00, 0x00, 0x00, 0x00, 0x00, 0x00, 0x00, 
    0x00, 0x00, 0x00, 0x00, 0x00, 0x00, 0x00, 0x00, 0x00, 0x00, 0x00, 0x00, 0x00, 0x00, 0x00, 0x00, 
    0x00, 0x00, 0x00, 0x00, 0x00, 0x00, 0x00, 0x00, 0x00, 0x00, 0x00, 0x00, 0x00, 0x00, 0x00, 0x00, 
    0x00, 0x00, 0x00, 0x00, 0x00, 0x00, 0x00, 0x00, 0x00, 0x00, 0x00, 0x00, 0x00, 0x00, 0x00, 0x00, 
    0x00, 0x00, 0x00, 0x00, 0x00, 0x00, 0x00, 0x00, 0x00, 0x00, 0x00, 0x00, 0x00, 0x00, 0x00, 0x00, 
    0x00, 0x00, 0x00, 0x00, 0x00, 0x00, 0x00, 0x00, 0x00, 0x00, 0x00, 0x00, 0x00, 0x00, 0x00, 0x00, 
    0x00, 0x00, 0x00, 0x00, 0x00, 0x00, 0x00, 0x00, 0x00, 0x00, 0x00, 0x00, 0x00, 0x00, 0x00, 0x00, 
    0x00, 0x00, 0x00, 0x00, 0x00, 0x00, 0x00, 0x00, 0x00, 0x00, 0x00, 0x00, 0x00, 0x00, 0x00, 0x00, 
    0x00, 0x00, 0x00, 0x00, 0x00, 0x00, 0x00, 0x00, 0x00, 0x00, 0x00, 0x00, 0x00, 0x00, 0x00, 0x00, 
    0x00, 0x00, 0x00, 0x00, 0x00, 0x00, 0x00, 0x00, 0x00, 0x00, 0x00, 0x00, 0x00, 0x00, 0x00, 0x00, 
    0x00, 0x00, 0x00, 0x00, 0x00, 0x00, 0x00, 0x00, 0x00, 0x00, 0x00, 0x00, 0x00, 0x00, 0x00, 0x00, 
    0x00, 0x00, 0x00, 0x00, 0x00, 0x00, 0x00, 0x00, 0x00, 0x00, 0x00, 0x00, 0x00, 0x00, 0x00, 0x00, 
    0x00, 0x00, 0x00, 0x00, 0x00, 0x00, 0x00, 0x00, 0x00, 0x00, 0x00, 0x00, 0x00, 0x00, 0x00, 0x00, 
    0x00, 0x00, 0x00, 0x00, 0x00, 0x00, 0x00, 0x00, 0x00, 0x00, 0x00, 0x00, 0x00, 0x00, 0x00, 0x00, 
    0x00, 0x00, 0x00, 0x00, 0x00, 0x00, 0x00, 0x00, 0x00, 0x00, 0x00, 0x00, 0x00, 0x00, 0x00, 0x00, 
    0x00, 0x00, 0x00, 0x00, 0x00, 0x00, 0x00, 0x00, 0x00, 0x00, 0x00, 0x00, 0x00, 0x00, 0x00, 0x00, 
    0x00, 0x00, 0x00, 0x00, 0x00, 0x00, 0x00, 0x00, 0x00, 0x00, 0x00, 0x00, 0x00, 0x00, 0x00, 0x00, 
    0x00, 0x00, 0x00, 0x00, 0x00, 0x00, 0x00, 0x00, 0x00, 0x00, 0x00, 0x00, 0x00, 0x00, 0x00, 0x00, 
    0x00, 0x00, 0x00, 0x00, 0x00, 0x00, 0x00, 0x00, 0x00, 0x00, 0x00, 0x00, 0x00, 0x00, 0x00, 0x00, 
    0x00, 0x00, 0x00, 0x00, 0x00, 0x00, 0x00, 0x00, 0x00, 0x00, 0x00, 0x00, 0x00, 0x00, 0x00, 0x00, 
    0x00, 0x00, 0x00, 0x00, 0x00, 0x00, 0x00, 0x00, 0x00, 0x00, 0x00, 0x00, 0x00, 0x00, 0x00, 0x00, 
    0x00, 0x00, 0x00, 0x00, 0x00, 0x00, 0x00, 0x00, 0x00, 0x00, 0x00, 0x00, 0x00, 0x00, 0x00, 0x00, 
    0x00, 0x00, 0x00, 0x00, 0x00, 0x00, 0x00, 0x00, 0x00, 0x00, 0x00, 0x00, 0x00, 0x00, 0x00, 0x00, 
    0x00, 0x00, 0x00, 0x00, 0x00, 0x00, 0x00, 0x00, 0x00, 0x00, 0x00, 0x00, 0x00, 0x00, 0x00, 0x00, 
    0x00, 0x00, 0x00, 0x00, 0x00, 0x00, 0x00, 0x00, 0x00, 0x00, 0x00, 0x00, 0x00, 0x00, 0x00, 0x00, 
    0x00, 0x00, 0x00, 0x00, 0x00, 0x00, 0x00, 0x00, 0x00, 0x00, 0x00, 0x00, 0x00, 0x00, 0x00, 0x00, 
    0x00, 0x00, 0x00, 0x00, 0x00, 0x00, 0x00, 0x00, 0x00, 0x00, 0x00, 0x00, 0x00, 0x00, 0x00, 0x00, 
    0x00, 0x00, 0x00, 0x00, 0x00, 0x00, 0x00, 0x00, 0x00, 0x00, 0x00, 0x00, 0x00, 0x00, 0x00, 0x00, 
    0x00, 0x00, 0x00, 0x00, 0x00, 0x00, 0x00, 0x00, 0x00, 0x00, 0x00, 0x00, 0x00, 0x00, 0x00, 0x00, 
    0x00, 0x00, 0x00, 0x00, 0x00, 0x00, 0x00, 0x00, 0x00, 0x00, 0x00, 0x00, 0x00, 0x00, 0x00, 0x00, 
    0x00, 0x00, 0x00, 0x00, 0x00, 0x00, 0x00, 0x00, 0x00, 0x00, 0x00, 0x00, 0x00, 0x00, 0x00, 0x00, 
    0x00, 0x00, 0x00, 0x00, 0x00, 0x00, 0x00, 0x00, 0x00, 0x00, 0x00, 0x00, 0x00, 0x00, 0x00, 0x00, 
    0x00, 0x00, 0x00, 0x00, 0x00, 0x00, 0x00, 0x00, 0x00, 0x00, 0x00, 0x00, 0x00, 0x00, 0x00, 0x00, 
    0x00, 0x00, 0x00, 0x00, 0x00, 0x00, 0x00, 0x00, 0x00, 0x00, 0x00, 0x00, 0x00, 0x00, 0x00, 0x00, 
    0x00, 0x00, 0x00, 0x00, 0x00, 0x00, 0x00, 0x00, 0x00, 0x00, 0x00, 0x00, 0x00, 0x00, 0x00, 0x00, 
    0x00, 0x00, 0x00, 0x00, 0x00, 0x00, 0x00, 0x00, 0x00, 0x00, 0x00, 0x00, 0x00, 0x00, 0x00, 0x00, 
    0x00, 0x00, 0x00, 0x00, 0x00, 0x00, 0x00, 0x00, 0x00, 0x00, 0x00, 0x00, 0x00, 0x00, 0x00, 0x00, 
    0x00, 0x00, 0x00, 0x00, 0x00, 0x00, 0x00, 0x00, 0x00, 0x00, 0x00, 0x00, 0x00, 0x00, 0x00, 0x00, 
    0x00, 0x00, 0x00, 0x00, 0x00, 0x00, 0x00, 0x00, 0x00, 0x00, 0x00, 0x00, 0x00, 0x00, 0x00, 0x00, 
    0x00, 0x00, 0x00, 0x00, 0x00, 0x00, 0x00, 0x00, 0x00, 0x00, 0x00, 0x00, 0x00, 0x00, 0x00, 0x00, 
    0x00, 0x00, 0x00, 0x00, 0x00, 0x00, 0x00, 0x00, 0x00, 0x00, 0x00, 0x00, 0x00, 0x00, 0x00, 0x00, 
    0x00, 0x00, 0x00, 0x00, 0x00, 0x00, 0x00, 0x00, 0x00, 0x00, 0x00, 0x00, 0x00, 0x00, 0x00, 0x00, 
    0x00, 0x00, 0x00, 0x00, 0x00, 0x00, 0x00, 0x00, 0x00, 0x00, 0x00, 0x00, 0x00, 0x00, 0x00, 0x00, 
    0x00, 0x00, 0x00, 0x00, 0x00, 0x00, 0x00, 0x00, 0x00, 0x00, 0x00, 0x00, 0x00, 0x00, 0x00, 0x00, 
    0x00, 0x00, 0x00, 0x00, 0x00, 0x00, 0x00, 0x00, 0x00, 0x00, 0x00, 0x00, 0x00, 0x00, 0x00, 0x00, 
    0x00, 0x00, 0x00, 0x00, 0x00, 0x00, 0x00, 0x00, 0x00, 0x00, 0x00, 0x00, 0x00, 0x00, 0x00, 0x00, 
    0x00, 0x00, 0x00, 0x00, 0x00, 0x00, 0x00, 0x00, 0x00, 0x00, 0x00, 0x00, 0x00, 0x00, 0x00, 0x00, 
    0x00, 0x00, 0x00, 0x00, 0x00, 0x00, 0x00, 0x00, 0x00, 0x00, 0x00, 0x00, 0x00, 0x00, 0x00, 0x00, 
    0x00, 0x00, 0x00, 0x00, 0x00, 0x00, 0x00, 0x00, 0x00, 0x00, 0x00, 0x00, 0x00, 0x00, 0x00, 0x00, 
    0x00, 0x00, 0x00, 0x00, 0x00, 0x00, 0x00, 0x00, 0x00, 0x00, 0x00, 0x00, 0x00, 0x00, 0x00, 0x00, 
    0x00, 0x00, 0x00, 0x00, 0x00, 0x00, 0x00, 0x00, 0x00, 0x00, 0x00, 0x00, 0x00, 0x00, 0x00, 0x00, 
    0x00, 0x00, 0x00, 0x00, 0x00, 0x00, 0x00, 0x00, 0x00, 0x00, 0x00, 0x00, 0x00, 0x00, 0x00, 0x00, 
    0x00, 0x00, 0x00, 0x00, 0x00, 0x00, 0x00, 0x00, 0x00, 0x00, 0x00, 0x00, 0x00, 0x00, 0x00, 0x00, 
    0x00, 0x00, 0x00, 0x00, 0x00, 0x00, 0x00, 0x00, 0x00, 0x00, 0x00, 0x00, 0x00, 0x00, 0x00, 0x00, 
    0x00, 0x00, 0x00, 0x00, 0x00, 0x00, 0x00, 0x00, 0x00, 0x00, 0x00, 0x00, 0x00, 0x00, 0x00, 0x00, 
    0x00, 0x00, 0x00, 0x00, 0x00, 0x00, 0x00, 0x00, 0x00, 0x00, 0x00, 0x00, 0x00, 0x00, 0x00, 0x00, 
    0x00, 0x00, 0x00, 0x00, 0x00, 0x00, 0x00, 0x00, 0x00, 0x00, 0x00, 0x00, 0x00, 0x00, 0x00, 0x00, 
    0x00, 0x00, 0x00, 0x00, 0x00, 0x00, 0x00, 0x00, 0x00, 0x00, 0x00, 0x00, 0x00, 0x00, 0x00, 0x00, 
    0x00, 0x00, 0x00, 0x00, 0x00, 0x00, 0x00, 0x00, 0x00, 0x00, 0x00, 0x00, 0x00, 0x00, 0x00, 0x00, 
    0x00, 0x00, 0x00, 0x00, 0x00, 0x00, 0x00, 0x00, 0x00, 0x00, 0x00, 0x00, 0x00, 0x00, 0x00, 0x00, 
    0x00, 0x00, 0x00, 0x00, 0x00, 0x00, 0x00, 0x00, 0x00, 0x00, 0x00, 0x00, 0x00, 0x00, 0x00, 0x00, 
    0x00, 0x00, 0x00, 0x00, 0x00, 0x00, 0x00, 0x00, 0x00, 0x00, 0x00, 0x00, 0x00, 0x00, 0x00, 0x00, 
    0x00, 0x00, 0x00, 0x00, 0x00, 0x00, 0x00, 0x00, 0x00, 0x00, 0x00, 0x00, 0x00, 0x00, 0x00, 0x00, 
    0x00, 0x00, 0x00, 0x00, 0x00, 0x00, 0x00, 0x00, 0x00, 0x00, 0x00, 0x00, 0x00, 0x00, 0x00, 0x00, 
    0x00, 0x00, 0x00, 0x00, 0x00, 0x00, 0x00, 0x00, 0x00, 0x00, 0x00, 0x00, 0x00, 0x00, 0x00, 0x00, 
    0x00, 0x00, 0x00, 0x00, 0x00, 0x00, 0x00, 0x00, 0x00, 0x00, 0x00, 0x00, 0x00, 0x00, 0x00, 0x00, 
    0x00, 0x00, 0x00, 0x00, 0x00, 0x00, 0x00, 0x00, 0x00, 0x00, 0x00, 0x00, 0x00, 0x00, 0x00, 0x00, 
    0x00, 0x00, 0x00, 0x00, 0x00, 0x00, 0x00, 0x00, 0x00, 0x00, 0x00, 0x00, 0x00, 0x00, 0x00, 0x00, 
    0x00, 0x00, 0x00, 0x00, 0x00, 0x00, 0x00, 0x00, 0x00, 0x00, 0x00, 0x00, 0x00, 0x00, 0x00, 0x00, 
    0x00, 0x00, 0x00, 0x00, 0x00, 0x00, 0x00, 0x00, 0x00, 0x00, 0x00, 0x00, 0x00, 0x00, 0x00, 0x00, 
    0x00, 0x00, 0x00, 0x00, 0x00, 0x00, 0x00, 0x00, 0x00, 0x00, 0x00, 0x00, 0x00, 0x00, 0x00, 0x00, 
    0x00, 0x00, 0x00, 0x00, 0x00, 0x00, 0x00, 0x00, 0x00, 0x00, 0x00, 0x00, 0x00, 0x00, 0x00, 0x00, 
    0x00, 0x00, 0x00, 0x00, 0x00, 0x00, 0x00, 0x00, 0x00, 0x00, 0x00, 0x00, 0x00, 0x00, 0x00, 0x00, 
    0x00, 0x00, 0x00, 0x00, 0x00, 0x00, 0x00, 0x00, 0x00, 0x00, 0x00, 0x00, 0x00, 0x00, 0x00, 0x00, 
    0x00, 0x00, 0x00, 0x00, 0x00, 0x00, 0x00, 0x00, 0x00, 0x00, 0x00, 0x00, 0x00, 0x00, 0x00, 0x00, 
    0x00, 0x00, 0x00, 0x00, 0x00, 0x00, 0x00, 0x00, 0x00, 0x00, 0x00, 0x00, 0x00, 0x00, 0x00, 0x00, 
    0x00, 0x00, 0x00, 0x00, 0x00, 0x00, 0x00, 0x00, 0x00, 0x00, 0x00, 0x00, 0x00, 0x00, 0x00, 0x00, 
    0x00, 0x00, 0x00, 0x00, 0x00, 0x00, 0x00, 0x00, 0x00, 0x00, 0x00, 0x00, 0x00, 0x00, 0x00, 0x00, 
    0x00, 0x00, 0x00, 0x00, 0x00, 0x00, 0x00, 0x00, 0x00, 0x00, 0x00, 0x00, 0x00, 0x00, 0x00, 0x00, 
    0x00, 0x00, 0x00, 0x00, 0x00, 0x00, 0x00, 0x00, 0x00, 0x00, 0x00, 0x00, 0x00, 0x00, 0x00, 0x00, 
    0x00, 0x00, 0x00, 0x00, 0x00, 0x00, 0x00, 0x00, 0x00, 0x00, 0x00, 0x00, 0x00, 0x00, 0x00, 0x00, 
    0x00, 0x00, 0x00, 0x00, 0x00, 0x00, 0x00, 0x00, 0x00, 0x00, 0x00, 0x00, 0x00, 0x00, 0x00, 0x00
};

#endif /* __IMAGE_LOGO_H__ */
